rainfall_24h,rainfall_72h,slope,elevation,soil_moisture,ndvi,aspect,terrain_ruggedness,distance_to_fault_km,distance_to_road_cut_m,historical_landslide_count,temperature,humidity,land_cover_code,geology_code,risk_probability,landslide_occurred
43.4,111.6,40.5,1909.2,53.8,0.567,155.5,94.5,2.16,77.1,1,13.7,71.4,0,2,0.4287,0
70.6,203.6,33.7,1869.8,49.2,0.75,140.8,80.2,6.15,79.6,1,16.0,67.3,0,4,0.4397,0
61.9,149.4,45.4,3206.7,43.9,0.56,262.4,90.0,1.29,6.3,1,9.6,72.6,1,5,0.8922,1
251.1,548.7,39.9,1547.0,94.9,0.747,158.2,88.0,3.51,69.6,1,19.2,100.0,0,4,0.9877,1
177.0,551.6,18.9,413.9,84.0,0.438,322.6,43.3,8.25,83.6,1,24.9,98.5,2,2,0.8183,1
13.2,75.7,21.7,482.2,25.6,-0.035,102.5,53.9,1.63,10.7,0,25.6,55.7,4,5,0.4121,0
188.1,463.4,44.0,860.2,84.1,0.526,54.3,98.5,3.58,57.4,1,28.1,100.0,1,2,0.989,1
67.3,199.0,33.8,2285.3,51.3,0.638,63.0,81.8,3.38,42.8,0,15.5,76.7,0,5,0.6725,1
148.7,383.1,37.0,1573.7,87.1,0.391,174.8,72.8,3.72,51.6,0,19.7,99.0,1,4,0.9816,1
77.1,249.5,22.5,396.8,62.3,0.562,156.4,55.3,6.22,70.6,0,29.1,74.0,1,0,0.1592,0
219.1,570.4,43.3,2681.4,94.4,0.644,96.7,88.1,4.18,18.3,3,7.5,100.0,0,5,0.99,1
66.2,208.2,25.0,1335.5,65.2,0.761,287.4,90.8,4.03,65.4,1,24.0,85.9,0,4,0.2635,0
129.1,292.6,32.2,1650.1,84.1,0.431,347.5,79.3,0.99,11.3,0,22.0,95.0,1,5,0.986,1
0.5,26.5,16.2,122.7,28.7,0.507,147.2,41.5,12.53,115.7,0,26.5,59.6,2,0,0.0243,0
2.2,33.2,47.8,1835.8,39.4,0.178,170.4,93.6,2.38,37.7,1,17.3,56.7,3,5,0.7399,1
199.1,572.3,39.8,1705.7,89.0,0.097,292.0,88.4,2.9,34.6,2,19.7,100.0,3,4,0.99,1
5.4,23.1,37.5,1329.9,22.1,0.599,337.2,81.7,1.28,43.5,1,19.4,55.7,1,5,0.6379,1
199.4,602.5,29.9,951.1,79.4,0.722,115.2,66.8,8.73,61.1,2,24.9,99.3,0,4,0.9391,1
144.6,271.0,9.4,50.0,76.6,0.597,319.6,25.2,13.45,82.1,0,26.9,96.0,2,0,0.4701,0
60.8,193.1,16.6,1456.0,56.5,0.325,173.4,56.8,9.06,106.5,0,17.8,72.5,2,4,0.1451,0
44.2,129.7,46.4,335.3,46.6,0.029,157.1,83.3,4.12,31.5,1,27.7,69.6,4,4,0.7966,1
7.4,26.8,23.2,454.6,39.6,0.119,129.7,49.7,7.24,38.1,0,24.7,55.3,3,2,0.1298,0
0.5,24.1,26.6,518.3,53.3,0.014,137.1,62.0,3.69,5.0,0,28.2,61.1,4,4,0.3598,0
97.7,215.5,41.2,764.1,78.2,0.024,74.6,91.9,2.48,17.9,2,25.0,89.9,4,5,0.9694,1
129.8,266.9,47.4,1966.0,79.9,0.05,141.2,107.4,3.9,59.6,2,16.8,95.0,3,4,0.9666,1
18.1,55.0,32.9,583.4,33.8,0.209,65.5,66.7,4.46,15.0,2,26.7,60.5,3,4,0.5141,1
9.3,58.6,30.8,1185.9,59.0,0.734,193.2,70.8,2.67,25.9,2,21.4,72.8,0,5,0.5056,1
8.5,25.0,26.9,1879.2,25.4,0.668,117.9,76.9,6.74,58.1,0,19.9,57.3,0,4,0.2607,0
16.7,59.2,45.9,1541.0,65.5,0.225,36.6,94.0,1.66,22.1,0,18.0,74.3,3,5,0.7884,1
83.9,260.4,40.1,1295.4,97.7,0.231,265.0,102.0,2.79,26.8,2,21.5,96.3,3,4,0.9775,1
5.6,34.4,30.0,1646.7,51.6,0.727,65.2,69.8,5.78,91.4,0,18.6,74.6,0,4,0.2102,0
49.6,145.6,6.8,50.0,65.6,0.099,166.6,35.7,18.47,243.7,1,25.6,71.6,3,0,0.0884,0
64.6,234.8,14.1,437.8,70.7,0.141,280.3,37.6,8.26,21.8,1,24.5,83.0,4,2,0.556,1
193.5,507.6,35.2,503.8,88.1,0.005,65.4,79.8,2.57,25.7,1,27.3,99.5,4,4,0.9851,1
19.0,69.0,42.6,511.4,29.0,0.06,59.6,88.0,2.05,23.1,1,26.2,58.0,4,4,0.7897,1
191.2,548.5,27.2,1256.6,74.3,0.345,162.9,61.8,5.79,57.1,0,20.5,96.2,1,3,0.9242,1
9.1,36.2,36.0,2352.8,23.9,0.81,168.6,68.3,4.95,41.0,0,18.7,58.2,0,4,0.4741,0
71.7,199.4,32.0,1813.3,47.4,0.547,9.8,67.0,3.71,24.7,0,16.2,74.0,2,4,0.5416,1
9.4,42.6,42.2,1439.4,29.0,0.489,44.2,94.6,7.3,66.3,3,20.9,63.3,2,4,0.5598,1
286.3,750.0,37.1,1294.4,90.6,0.478,65.6,84.4,8.62,55.6,2,26.6,100.0,1,4,0.99,1
9.4,37.7,20.2,1513.5,48.1,0.451,50.4,44.2,6.48,61.8,0,17.4,63.1,2,4,0.1936,0
219.9,705.1,33.7,1571.3,96.8,0.3,341.8,79.8,9.68,102.6,0,19.1,100.0,3,2,0.958,1
88.1,244.4,26.8,104.5,52.4,0.473,28.0,71.2,7.55,69.3,0,25.9,78.5,1,0,0.3757,0
12.1,46.9,23.5,229.9,39.3,0.502,12.2,58.3,12.67,116.2,3,24.0,69.2,2,0,0.0808,0
194.5,493.2,44.2,3442.4,66.8,0.6,193.8,97.1,2.91,10.9,1,12.1,98.7,1,5,0.9865,1
194.3,552.9,36.5,944.8,71.9,0.686,127.7,78.4,8.48,62.2,0,20.3,91.5,0,4,0.9473,1
146.8,449.7,39.5,1463.3,81.1,0.482,43.3,82.1,4.76,54.1,0,19.6,93.7,2,5,0.9839,1
13.9,48.1,39.8,1580.7,39.7,0.733,315.9,81.7,4.72,47.5,2,18.3,65.7,0,4,0.5702,1
38.6,120.7,36.5,1598.4,44.1,0.764,311.2,96.8,4.46,50.6,1,19.6,77.4,0,3,0.3911,0
298.9,559.3,35.3,770.4,96.2,0.366,327.1,83.6,4.13,35.1,0,21.7,100.0,2,4,0.99,1
18.0,71.5,29.1,389.0,28.3,0.196,108.3,64.5,3.74,34.1,0,26.3,50.5,3,0,0.2379,0
26.0,79.3,46.4,2953.4,40.4,0.569,79.5,100.4,2.34,5.0,1,10.3,59.4,1,5,0.8396,1
117.7,379.9,37.8,1453.8,85.8,0.592,169.8,73.3,3.69,58.2,1,20.4,94.6,2,4,0.9505,1
14.7,55.3,38.3,2147.6,29.3,0.791,156.0,70.2,3.49,66.6,2,21.1,57.7,0,0,0.3765,0
26.9,104.5,42.8,1599.2,35.5,0.41,317.7,81.0,5.52,35.1,0,16.4,68.3,1,4,0.6545,1
65.4,188.5,33.1,734.0,68.5,0.6,215.1,73.7,9.16,132.9,2,27.7,90.8,2,2,0.3559,0
101.0,231.1,43.4,2311.7,35.4,0.68,11.0,94.8,3.67,77.1,3,14.6,62.7,0,5,0.8322,1
159.4,377.6,15.5,713.9,81.0,0.552,75.8,44.3,7.52,123.9,0,27.8,100.0,1,1,0.764,1
78.5,228.7,7.5,686.9,40.1,0.151,349.0,19.6,14.19,199.6,0,26.2,64.7,3,0,0.096,0
17.3,64.7,34.3,1044.9,37.5,0.692,13.2,83.4,5.07,28.6,3,25.3,69.7,0,4,0.4895,0
233.5,455.4,24.5,148.3,84.0,0.521,312.5,67.1,7.97,85.8,0,19.9,100.0,1,2,0.8948,1
266.2,750.0,21.4,141.7,87.1,0.078,87.9,55.0,11.53,93.6,1,27.6,100.0,4,0,0.906,1
135.8,297.5,38.2,1444.3,79.0,0.776,333.2,90.9,6.16,27.8,2,19.7,92.3,0,3,0.9684,1
87.8,231.8,17.7,1229.1,66.1,0.125,310.8,26.9,6.94,133.3,0,27.0,76.6,3,2,0.1873,0
18.8,82.1,34.0,421.5,32.5,0.345,174.9,74.0,9.71,102.8,1,23.5,56.6,2,4,0.2094,0
6.3,30.1,27.6,191.0,35.6,0.466,293.7,68.5,10.87,74.1,0,21.3,62.9,1,4,0.3174,0
27.3,79.7,44.2,1026.7,43.0,0.419,224.6,96.9,3.58,25.5,0,27.9,60.9,1,5,0.755,1
60.4,181.2,48.7,433.4,51.6,0.139,356.9,111.5,3.85,5.0,0,27.0,82.4,4,4,0.7908,1
59.1,171.5,23.4,1537.9,49.2,0.27,358.4,46.4,4.84,52.2,0,14.7,69.9,2,4,0.4024,0
127.5,377.3,25.5,50.0,77.5,0.066,283.6,57.8,9.81,65.0,0,28.5,97.6,4,2,0.7788,1
157.5,442.5,39.3,1033.4,93.5,0.482,143.0,66.1,0.5,25.9,2,27.8,100.0,1,5,0.99,1
37.0,133.3,26.1,148.5,56.2,0.178,218.3,68.5,5.89,43.0,0,25.6,76.6,3,2,0.1608,0
18.4,74.1,34.0,681.4,28.5,0.153,54.7,70.7,3.56,5.0,0,24.1,56.9,4,4,0.5438,1
17.6,64.2,23.5,1555.7,10.0,0.17,70.1,65.2,8.19,110.0,1,16.5,42.3,3,2,0.1076,0
31.1,83.3,7.2,594.9,57.0,0.419,95.8,45.6,9.45,96.9,0,23.8,76.5,2,2,0.0983,0
33.1,80.4,44.8,2284.8,45.4,0.794,229.4,101.6,3.35,35.0,0,16.2,75.2,0,4,0.7134,1
193.9,461.5,37.8,1626.7,97.2,0.667,238.1,79.4,4.75,68.4,1,18.0,100.0,0,5,0.9887,1
5.3,35.5,41.2,728.3,32.9,0.567,116.0,88.7,3.68,50.6,0,23.8,55.0,1,4,0.5954,1
38.2,102.1,20.8,216.9,44.1,0.398,319.3,50.3,13.29,94.5,1,23.5,73.2,2,0,0.094,0
47.7,154.8,40.7,50.0,53.7,0.008,123.3,88.0,2.18,7.8,2,31.4,71.4,4,4,0.8881,1
38.0,112.8,11.3,50.0,63.8,0.276,199.5,30.5,16.53,246.9,0,24.1,72.0,3,0,0.0733,0
3.5,22.6,7.6,50.0,41.2,0.055,139.6,36.5,16.87,268.2,0,27.1,72.9,4,0,0.0486,0
1.1,16.5,27.9,1195.0,46.2,0.429,158.5,77.0,7.03,83.4,0,20.3,61.4,2,2,0.1287,0
33.5,104.3,34.2,1444.2,73.1,0.067,9.4,67.2,4.79,62.9,0,20.4,72.4,3,4,0.6882,1
42.2,146.8,35.7,1768.0,34.0,0.64,332.1,76.8,0.5,55.4,2,18.2,68.9,0,4,0.5353,1
147.3,477.4,30.6,1310.5,85.1,0.426,93.7,76.4,5.02,38.0,2,17.7,99.5,1,4,0.9533,1
35.4,120.3,28.2,1262.5,32.0,0.337,165.0,66.5,6.56,53.3,2,17.9,62.7,2,4,0.1812,0
38.7,115.6,29.4,1614.0,64.7,0.244,6.5,74.5,2.07,20.5,0,20.0,73.8,3,5,0.6811,1
72.6,193.5,44.5,1299.0,51.5,0.138,33.9,90.9,0.92,26.3,0,24.0,71.9,3,5,0.9135,1
115.4,391.4,15.0,292.2,80.4,0.387,66.3,38.8,9.52,97.3,0,27.1,96.5,2,2,0.789,1
55.1,191.5,33.1,2449.5,49.5,0.625,4.5,72.5,3.99,52.8,2,17.5,85.7,0,5,0.5064,1
46.4,148.4,40.9,2107.1,49.1,0.726,88.0,96.9,3.32,49.3,2,14.9,80.0,0,4,0.5524,1
20.9,62.4,49.1,1587.2,41.7,0.159,81.8,99.3,3.64,17.8,1,21.2,72.7,3,4,0.8253,1
42.8,122.7,49.3,245.3,41.7,-0.022,311.2,85.6,2.32,17.3,1,21.2,72.3,4,4,0.8063,1
64.9,216.9,37.4,1649.9,62.6,0.273,43.3,80.2,2.96,62.7,0,18.6,78.5,2,5,0.6187,1
114.8,372.7,32.4,50.0,74.8,0.225,301.7,91.4,7.74,50.8,0,26.3,81.7,3,3,0.8729,1
65.0,169.7,55.1,50.0,43.5,0.111,321.3,120.0,2.19,24.6,2,33.0,65.5,4,4,0.8787,1
20.0,76.7,24.6,1540.9,58.8,0.401,162.2,46.5,3.29,31.9,0,25.3,70.9,2,4,0.1928,0
9.1,45.2,19.9,888.6,42.8,0.045,102.4,51.9,3.25,12.7,0,26.4,66.1,4,4,0.3879,0
20.2,73.6,21.6,378.8,45.5,0.489,0.8,57.2,12.78,109.4,0,27.9,70.2,2,2,0.07,0
1.5,25.1,31.7,1165.2,31.9,0.464,244.3,81.5,2.45,46.7,2,17.3,60.6,2,4,0.4852,0
125.0,337.2,50.3,1331.0,85.7,0.45,145.4,106.2,2.18,53.5,0,18.7,97.4,1,5,0.99,1
86.7,248.7,36.9,768.9,64.2,0.443,155.0,73.7,4.34,52.2,1,22.7,82.8,1,4,0.777,1
3.3,30.7,41.8,1370.7,35.3,0.171,333.2,89.0,4.27,21.7,1,16.0,54.0,3,4,0.6062,1
58.5,141.4,9.8,50.0,44.0,0.09,194.9,34.0,18.27,253.6,1,24.8,78.5,3,0,0.0843,0
74.2,188.8,30.9,478.2,43.4,0.025,176.0,72.9,3.3,17.9,0,27.6,81.8,4,4,0.7274,1
183.0,379.3,46.6,197.8,82.6,0.097,285.9,103.8,2.53,14.1,2,26.0,100.0,4,2,0.99,1
78.9,252.0,19.1,202.3,55.3,0.488,72.2,58.7,8.29,110.6,0,26.4,77.1,1,4,0.348,0
187.5,495.0,44.8,1274.0,76.8,0.151,227.8,97.0,2.89,36.2,1,21.4,95.2,3,4,0.99,1
62.8,138.3,18.3,50.0,64.3,0.23,172.2,51.6,6.57,26.8,1,25.8,74.7,3,3,0.3638,0
56.2,140.8,31.0,1451.1,60.2,0.747,319.9,46.6,5.07,69.5,0,20.5,86.7,0,4,0.4225,0
44.8,126.1,18.6,1046.1,28.0,0.393,144.9,56.0,3.58,24.5,0,24.0,66.7,1,4,0.2737,0
28.0,113.9,43.9,1275.5,27.2,0.468,135.8,93.4,5.85,35.9,1,25.9,67.9,1,4,0.5308,1
2.0,35.8,35.6,1260.2,41.2,0.753,180.1,78.0,4.7,47.5,0,17.5,52.2,0,3,0.219,0
61.0,191.4,16.8,1443.4,55.8,0.056,49.2,51.8,9.74,114.9,0,23.2,80.3,3,2,0.1129,0
21.0,66.6,44.7,1590.8,33.4,0.187,11.3,88.5,4.92,36.8,2,22.2,60.8,3,1,0.6081,1
0.3,26.5,33.3,1460.6,41.7,0.568,186.5,69.0,3.06,40.8,0,16.9,56.5,1,5,0.5122,1
3.0,32.2,17.2,1589.0,36.8,0.192,217.2,40.3,8.92,128.9,1,19.2,66.1,3,2,0.1669,0
32.3,131.4,43.4,964.8,50.5,0.485,59.0,102.1,6.26,44.9,2,24.0,70.2,1,4,0.6965,1
5.8,48.6,35.6,1636.1,33.2,0.429,59.7,78.4,0.5,32.8,0,15.4,59.2,1,5,0.6287,1
100.6,315.6,37.4,1272.9,56.3,0.369,4.7,77.8,4.47,34.6,1,18.9,87.0,2,4,0.9038,1
186.1,357.4,9.9,612.9,80.1,0.229,82.3,31.2,16.0,220.9,0,21.5,100.0,3,0,0.7456,1
50.6,148.6,47.6,668.0,47.2,-0.032,283.5,108.8,0.72,28.3,1,25.3,63.4,4,3,0.7797,1
68.7,243.1,21.1,157.6,62.4,0.399,321.9,42.4,5.96,78.9,0,30.7,77.9,1,0,0.1051,0
38.1,106.6,36.9,1865.2,35.9,0.817,296.9,58.1,2.36,38.5,1,20.9,64.1,0,4,0.5776,1
19.6,71.5,34.2,235.8,41.7,0.016,256.5,67.1,0.86,5.0,2,25.5,68.0,4,3,0.7804,1
253.5,737.8,9.8,135.4,85.6,0.382,185.0,34.7,11.03,87.5,2,21.5,100.0,2,0,0.854,1
128.9,439.7,45.7,1574.8,84.7,0.529,58.7,96.6,5.33,39.5,1,21.1,100.0,0,5,0.9782,1
231.8,696.7,34.7,2054.8,93.7,0.525,114.0,89.4,5.18,72.3,0,16.7,100.0,2,4,0.9864,1
7.8,53.1,19.8,124.9,30.0,0.028,145.6,46.4,12.12,90.1,0,23.0,53.7,4,0,0.1043,0
51.0,118.8,24.4,1376.2,39.0,0.459,200.0,59.2,5.91,69.9,0,21.3,61.2,2,4,0.1681,0
34.9,89.2,31.2,1705.0,57.3,0.854,233.5,82.0,4.76,66.2,1,21.6,79.4,0,4,0.3403,0
294.4,641.4,27.0,2408.0,94.8,0.241,266.2,75.3,2.43,23.3,0,16.4,100.0,3,0,0.9516,1
22.9,90.9,53.6,189.3,47.7,0.209,4.9,116.0,2.89,5.0,0,25.0,65.3,3,4,0.872,1
17.3,70.6,29.0,1255.6,39.7,0.591,24.6,72.7,6.09,67.5,0,20.6,70.0,2,4,0.3856,0
27.6,73.0,41.5,1367.3,35.0,0.291,212.5,93.1,5.37,41.5,0,18.5,51.4,2,4,0.5382,1
207.8,644.2,25.1,2034.9,95.4,0.602,2.9,58.3,5.28,69.5,0,16.5,100.0,1,4,0.969,1
97.3,262.0,32.4,1459.7,80.6,0.28,309.2,73.4,5.01,32.8,2,22.3,93.4,2,5,0.8991,1
60.7,156.0,12.3,332.1,90.8,0.05,149.1,41.6,17.23,246.7,0,27.6,93.7,3,0,0.3651,0
43.7,139.0,47.9,1026.8,41.3,0.192,252.8,104.4,4.02,5.0,2,22.4,61.5,4,4,0.7875,1
146.1,424.0,37.6,2083.8,88.2,0.795,79.9,80.8,3.55,29.7,3,18.1,100.0,0,4,0.9866,1
142.8,394.7,28.2,1287.5,80.3,0.131,135.2,67.4,7.76,98.0,1,20.2,100.0,3,2,0.844,1
67.8,163.7,24.5,67.6,80.7,0.228,197.4,64.5,6.58,25.9,1,31.1,90.2,3,2,0.4612,0
5.4,48.9,10.4,165.4,24.0,0.151,306.9,46.4,16.9,273.7,0,27.7,52.6,3,0,0.0252,0
36.8,139.8,16.9,50.0,70.2,0.48,97.9,36.7,11.09,89.7,0,30.0,81.1,2,0,0.1038,0
169.9,373.2,38.9,551.3,86.6,0.432,132.6,81.3,5.06,19.5,1,24.8,99.3,1,4,0.99,1
24.8,107.2,30.2,361.9,40.9,0.22,109.5,59.9,4.17,16.6,3,26.4,65.6,4,5,0.5713,1
95.4,293.0,32.6,1684.3,59.2,0.322,140.1,69.7,3.66,41.1,2,20.0,74.2,3,5,0.7525,1
57.5,135.3,46.9,325.6,62.5,0.198,251.0,99.5,2.96,5.0,0,22.9,83.2,4,4,0.8904,1
100.6,326.7,35.0,50.0,84.6,0.538,231.3,80.3,11.18,87.3,0,28.2,91.6,2,2,0.8999,1
35.8,135.1,41.9,1874.7,37.6,0.656,103.1,92.8,3.42,59.0,0,17.9,71.5,0,4,0.5485,1
47.1,109.0,19.7,50.0,68.9,0.477,339.3,49.5,9.06,69.9,0,25.8,82.4,1,0,0.1003,0
5.3,18.7,26.9,1346.7,48.7,0.534,52.9,59.0,3.76,55.8,0,22.8,65.5,1,4,0.2152,0
3.4,33.6,16.5,728.4,24.4,0.416,142.5,36.7,11.34,123.5,0,26.5,50.6,2,2,0.0584,0
217.5,487.9,51.3,3170.7,95.4,0.473,177.3,117.4,2.0,42.1,1,10.4,100.0,1,5,0.99,1
158.8,504.3,30.8,842.2,81.5,0.516,47.4,68.7,5.15,80.2,2,23.9,97.4,2,4,0.9713,1
23.5,103.3,24.7,1597.8,16.5,0.65,212.0,77.6,3.67,52.0,0,20.9,61.6,1,4,0.1884,0
6.2,35.9,29.5,414.5,32.4,0.165,168.5,80.9,3.38,29.3,0,25.2,60.0,3,4,0.2777,0
149.6,333.0,35.3,470.4,79.6,0.342,278.5,81.0,6.55,26.9,4,23.1,99.4,3,4,0.9801,1
44.3,155.2,36.6,561.2,60.9,0.379,203.7,79.5,3.52,31.8,1,26.6,77.3,1,4,0.7444,1
113.9,279.8,15.5,263.2,87.7,0.263,224.2,38.1,12.45,145.5,0,26.0,87.7,3,2,0.6497,1
22.0,86.2,35.2,1325.7,58.1,0.498,271.4,85.2,6.19,42.8,0,21.1,76.2,2,4,0.4902,0
108.5,248.2,31.2,259.5,75.6,0.376,338.5,79.3,9.51,75.5,1,27.3,87.8,2,2,0.7504,1
164.0,522.9,29.0,527.0,83.2,0.245,323.4,54.0,6.33,110.6,0,22.7,98.2,3,2,0.9192,1
158.7,374.1,19.9,153.4,91.5,0.448,11.4,45.2,18.09,246.8,0,29.0,100.0,1,0,0.7351,1
29.3,94.9,5.0,162.6,46.8,0.129,30.5,11.8,15.76,265.4,0,20.0,66.7,3,0,0.061,0
44.8,119.0,21.3,487.7,58.3,0.452,236.3,53.9,6.26,84.2,0,26.4,74.0,1,2,0.132,0
63.1,173.8,28.0,308.3,61.4,0.349,38.1,56.8,7.8,93.4,0,21.8,84.7,2,2,0.3173,0
6.8,28.5,25.0,1324.8,12.4,0.37,113.3,57.9,5.22,37.2,1,17.8,40.7,2,4,0.2261,0
79.4,192.3,35.3,1986.5,56.2,0.712,262.2,81.8,3.97,44.2,3,20.3,72.3,0,4,0.7044,1
14.2,50.7,29.8,904.2,28.8,0.693,150.5,71.8,3.76,45.5,0,23.7,58.4,0,4,0.2109,0
5.5,20.6,40.8,1611.0,25.3,0.466,308.9,88.3,4.32,45.8,0,17.4,62.1,1,4,0.4512,0
34.6,103.6,37.2,1322.4,53.0,0.463,80.8,85.7,5.63,74.3,1,22.3,69.5,2,4,0.3229,0
101.2,278.9,26.0,1198.6,93.6,0.421,106.7,56.8,6.23,83.2,0,21.7,100.0,1,4,0.7839,1
7.4,45.2,23.7,651.8,30.8,0.1,284.6,58.8,4.69,38.6,0,21.6,62.0,4,4,0.4121,0
11.3,64.9,25.6,1277.9,21.9,0.491,306.2,45.9,5.83,76.7,0,23.3,58.7,2,4,0.1306,0
72.9,212.8,21.6,1630.5,63.9,0.253,81.5,47.8,7.52,103.2,0,16.4,84.8,3,2,0.1805,0
198.7,361.3,14.6,50.0,90.3,0.705,10.0,38.7,18.73,255.6,0,25.0,100.0,0,1,0.7597,1
1.7,30.8,33.3,1056.3,47.8,0.066,146.4,78.5,4.31,25.8,4,20.4,67.8,4,4,0.4749,0
10.5,50.1,34.0,3139.3,35.9,0.498,332.7,74.3,2.22,32.2,1,10.5,46.3,1,5,0.4204,0
57.7,146.1,35.0,50.0,58.8,0.055,86.5,90.0,8.43,52.6,0,27.0,74.1,3,2,0.5678,1
49.9,175.5,24.8,906.7,50.1,0.409,206.2,62.5,1.73,5.0,0,25.0,69.4,1,5,0.5538,1
69.1,160.6,43.1,1429.5,50.1,0.234,299.7,102.2,0.56,15.5,0,20.1,76.7,3,5,0.8632,1
174.2,524.6,20.9,484.6,84.1,0.56,167.8,41.9,10.29,103.6,0,26.8,95.7,2,2,0.8741,1
8.3,34.8,36.4,1487.3,38.5,0.524,208.7,89.1,4.85,51.4,0,18.5,59.1,2,5,0.4697,0
40.8,132.2,16.6,806.5,73.6,0.761,343.6,44.2,6.09,66.4,0,20.6,89.5,0,4,0.3539,0
8.1,30.4,29.2,1186.4,26.4,0.79,53.4,81.1,6.41,49.1,0,24.1,58.6,0,4,0.2304,0
34.8,109.7,56.4,1309.8,50.3,0.392,217.2,103.5,0.5,20.6,2,20.4,78.1,1,5,0.8791,1
11.1,48.9,44.3,1464.9,19.0,0.284,71.8,95.0,3.23,67.8,1,15.6,54.4,2,3,0.6428,1
57.8,136.5,20.3,141.8,70.7,0.094,159.1,48.4,11.72,99.4,0,26.2,80.2,4,0,0.0928,0
5.4,41.7,31.6,568.1,41.1,-0.05,118.9,82.7,2.82,19.8,4,22.0,75.3,4,4,0.5701,1
82.7,258.4,35.2,1501.0,58.9,0.646,85.3,65.7,2.87,77.3,1,21.3,85.0,0,4,0.6159,1
55.9,136.4,13.5,401.8,63.4,0.473,98.2,35.1,12.09,121.7,0,23.9,86.1,2,2,0.0874,0
23.6,70.9,50.5,885.0,29.5,0.069,147.3,95.0,5.46,22.5,2,20.6,65.2,4,4,0.8403,1
7.9,51.6,23.3,57.0,38.3,0.481,286.6,71.2,11.02,113.9,0,29.4,70.4,2,2,0.0721,0
228.5,447.6,31.0,1472.4,91.5,0.557,146.7,87.8,7.11,7.4,0,22.3,100.0,1,4,0.9886,1
3.6,19.2,37.2,801.8,43.4,-0.041,213.9,76.5,4.08,5.0,3,23.9,62.9,4,4,0.7874,1
74.8,239.8,46.1,1508.7,68.1,0.427,6.8,91.2,5.08,59.1,1,21.4,84.9,2,5,0.827,1
116.8,264.8,6.6,656.6,71.8,0.189,336.4,35.0,17.46,200.0,1,22.6,92.8,3,0,0.4483,0
127.5,303.4,45.5,251.4,73.5,0.129,327.3,107.7,3.82,60.8,0,24.9,83.3,3,2,0.9226,1
160.3,326.1,39.2,1293.4,80.6,0.559,19.4,76.4,8.0,26.3,0,22.7,93.3,1,4,0.9685,1
35.2,112.7,21.2,546.3,39.0,0.306,314.3,59.7,12.44,131.6,1,24.5,75.1,2,2,0.1183,0
154.3,482.0,28.8,1468.6,78.4,0.542,130.7,75.3,4.78,97.3,0,20.8,98.8,2,4,0.9313,1
163.3,328.0,22.6,243.3,81.5,0.439,61.8,42.2,7.8,84.2,0,26.3,91.7,2,2,0.8278,1
30.9,91.7,22.6,218.7,52.5,0.05,92.4,56.3,6.13,11.7,1,30.9,76.2,3,2,0.1676,0
165.8,493.9,19.8,631.7,84.2,0.391,110.8,50.0,7.93,128.3,0,24.4,100.0,1,0,0.8367,1
57.1,189.4,30.0,173.3,74.3,0.615,356.0,71.5,9.95,68.6,0,27.0,80.1,1,5,0.5692,1
6.6,25.0,30.7,2254.6,27.2,0.739,104.9,59.6,4.4,36.7,3,11.0,51.8,0,4,0.3554,0
31.0,105.3,30.9,642.6,44.9,0.443,60.8,83.1,3.36,25.2,0,24.6,65.1,1,4,0.3248,0
109.6,316.7,25.8,1599.4,92.6,0.326,285.5,56.5,7.07,71.3,1,17.8,100.0,2,4,0.9241,1
2.8,36.9,37.6,1231.1,37.8,0.068,112.9,78.5,5.48,21.5,0,17.7,68.9,4,5,0.7376,1
93.4,223.2,35.5,522.9,64.4,0.05,136.2,60.5,4.71,51.8,0,18.7,85.9,3,4,0.7477,1
43.5,88.1,40.0,1194.2,40.9,0.716,110.8,89.6,2.02,9.1,1,25.6,68.5,0,5,0.7971,1
178.3,350.8,23.4,262.2,83.5,0.33,81.7,59.5,8.69,75.2,1,27.0,91.2,1,0,0.8103,1
47.1,158.8,35.5,1674.5,66.0,0.766,267.0,82.4,8.32,86.0,1,19.7,76.6,0,4,0.4385,0
6.2,49.7,33.2,1662.5,33.8,0.472,171.0,79.1,3.14,47.3,1,19.0,65.6,1,4,0.3282,0
24.1,92.2,34.0,1296.9,34.0,0.492,252.3,74.3,3.98,34.5,1,23.6,64.7,2,4,0.451,0
174.9,361.7,22.7,180.9,79.8,0.519,65.5,46.2,9.45,108.5,0,26.4,100.0,1,4,0.9293,1
107.0,329.9,38.0,1689.8,76.6,0.731,36.5,88.1,4.42,52.5,0,20.1,86.7,0,4,0.9049,1
23.3,74.5,45.5,320.7,52.7,0.479,92.7,92.4,3.59,26.9,2,29.6,76.9,2,4,0.7265,1
51.3,150.5,5.0,791.1,54.4,0.678,101.3,11.8,12.51,195.2,0,17.1,78.1,0,0,0.0605,0
94.5,244.6,25.4,1270.2,70.7,0.638,339.8,57.3,9.29,65.4,1,20.4,94.2,1,1,0.2596,0
169.7,405.2,36.0,2846.0,98.0,0.485,246.7,72.4,2.17,17.8,0,10.7,100.0,1,3,0.9873,1
34.4,114.9,35.9,466.0,42.0,0.162,28.7,66.5,3.75,36.5,1,26.6,68.3,4,4,0.7118,1
114.9,288.6,37.9,746.3,94.3,0.562,55.7,71.5,3.03,49.2,3,20.8,96.2,1,4,0.9776,1
8.7,39.3,26.6,627.8,49.7,0.675,145.1,73.6,2.67,13.9,0,28.3,67.1,0,4,0.1989,0
191.2,418.9,28.0,50.0,85.5,0.05,86.0,76.9,5.3,43.5,0,31.0,100.0,3,2,0.9663,1
6.4,33.8,32.2,845.3,22.3,0.044,210.0,71.8,2.2,56.8,1,27.6,60.7,4,4,0.4765,0
76.8,213.7,25.0,1316.9,62.4,0.542,106.2,59.2,3.53,12.7,0,24.8,80.0,1,5,0.4719,0
9.2,47.6,44.8,391.2,30.2,0.26,221.4,96.1,1.64,17.9,1,22.6,58.5,3,4,0.7094,1
1.8,33.6,26.4,711.0,25.3,0.437,168.4,65.3,4.38,54.6,0,20.8,66.2,1,4,0.238,0
48.1,119.8,38.7,2031.6,35.9,0.729,94.6,68.6,1.6,45.9,2,16.0,69.4,0,4,0.7547,1
93.9,239.8,37.2,799.2,78.1,0.591,337.6,87.7,3.87,38.1,1,28.1,92.5,1,4,0.9035,1
68.3,212.3,54.1,1223.3,34.9,0.502,250.2,100.2,2.19,5.0,1,22.0,67.6,1,5,0.8746,1
77.0,228.5,36.3,471.9,59.3,0.084,310.8,84.1,2.28,31.0,3,25.9,73.9,4,4,0.8538,1
30.1,83.1,30.2,1331.4,60.3,0.565,18.6,62.2,5.66,38.7,1,20.3,72.5,1,4,0.2096,0
34.1,97.2,29.3,1654.0,38.5,0.48,177.2,80.7,7.49,98.2,0,16.7,64.1,1,4,0.3043,0
9.5,49.1,38.8,1445.1,25.3,0.743,343.7,84.4,5.23,81.9,0,18.5,61.0,0,4,0.2996,0
21.8,42.3,28.2,1402.0,45.1,0.398,249.6,59.7,5.36,48.9,0,22.9,64.5,1,4,0.3205,0
5.4,32.6,45.4,2029.8,52.9,0.597,160.1,99.8,1.08,36.1,0,16.7,67.1,2,5,0.6635,1
156.1,475.1,22.0,50.0,83.8,0.6,165.0,62.5,11.87,91.0,0,26.4,98.5,2,0,0.7376,1
51.0,185.6,33.8,944.3,48.3,0.096,267.2,74.3,1.72,15.8,1,19.4,77.2,3,4,0.7694,1
173.7,433.1,34.2,1356.3,80.6,0.108,235.5,87.0,4.6,37.7,1,19.4,91.7,4,0,0.9622,1
1.8,35.5,30.0,2183.4,27.4,0.207,309.0,80.8,5.49,57.5,3,15.5,60.9,3,5,0.4356,0
0.2,13.5,48.3,1487.8,39.3,0.42,313.0,104.9,1.01,43.8,1,19.8,71.3,2,5,0.735,1
68.6,217.4,34.5,1115.8,78.1,0.503,313.1,84.4,6.07,68.3,2,20.9,80.8,2,1,0.5663,1
32.8,118.6,39.4,1035.1,17.9,0.452,248.2,93.8,3.99,36.4,1,19.6,61.6,2,4,0.5482,1
53.0,112.1,46.1,1536.8,59.8,0.076,343.4,103.1,5.75,69.7,1,18.0,73.7,4,4,0.7741,1
40.6,149.7,34.0,612.8,16.2,0.791,334.1,76.1,3.1,44.3,1,20.5,54.9,0,4,0.3345,0
2.8,39.0,28.5,273.4,45.6,0.448,50.9,69.2,7.02,67.2,0,24.3,63.4,1,0,0.1397,0
0.1,16.8,31.3,1320.1,54.4,0.108,308.6,65.5,3.41,5.0,1,20.2,76.1,3,5,0.612,1
53.9,179.9,30.0,788.6,50.3,0.473,225.6,66.5,5.2,38.5,0,24.4,71.5,1,4,0.3062,0
68.2,229.9,55.2,3020.5,42.6,0.404,36.1,120.0,1.6,13.3,2,9.9,67.2,1,1,0.8065,1
11.9,51.5,37.5,1362.6,36.6,0.597,180.0,76.7,6.42,68.2,0,21.1,57.6,1,4,0.4013,0
59.6,132.5,35.8,1827.5,49.3,0.347,265.0,74.1,3.42,63.9,0,18.1,63.0,2,5,0.5707,1
53.3,138.0,30.7,307.7,75.1,0.346,208.2,69.5,9.12,105.3,0,30.1,87.2,2,2,0.2958,0
45.9,136.3,44.4,3142.2,92.5,0.355,167.0,94.6,1.04,5.0,2,11.4,90.3,1,5,0.9775,1
11.4,51.1,46.0,1114.4,42.6,0.645,10.2,94.7,5.23,58.9,1,24.3,72.4,0,4,0.6397,1
136.9,323.0,21.8,1511.7,78.5,0.582,76.3,47.9,8.52,76.0,0,17.3,86.8,1,4,0.7728,1
61.2,197.7,34.0,540.6,50.9,0.746,41.7,75.6,7.93,61.2,0,25.2,71.3,0,2,0.3169,0
2.9,39.7,29.0,546.7,58.9,0.183,335.6,65.1,5.29,45.4,0,27.5,74.4,3,4,0.1862,0
200.6,391.5,38.7,161.3,85.0,0.593,210.6,90.2,9.5,83.7,1,27.8,98.8,1,0,0.9666,1
1.7,18.4,40.6,1939.8,26.7,0.449,224.3,97.6,6.23,47.5,0,15.9,60.5,2,5,0.4521,0
145.5,448.2,33.7,834.2,76.2,0.779,342.1,57.1,8.96,59.6,1,25.4,93.7,0,2,0.9232,1
71.8,151.2,28.8,1570.0,81.0,0.368,165.8,70.7,5.68,28.6,0,14.5,78.4,2,4,0.7431,1
9.8,56.9,19.6,214.5,28.2,0.12,18.8,43.8,6.85,89.7,1,25.9,60.8,4,4,0.1399,0
149.0,314.3,46.5,955.9,81.4,0.179,163.3,105.7,1.7,5.0,0,19.2,97.2,3,4,0.99,1
6.8,52.0,22.5,216.3,44.2,0.567,40.3,56.4,9.41,116.2,0,29.8,67.5,1,4,0.1139,0
42.3,108.5,18.3,571.3,58.5,0.515,49.0,45.8,7.85,158.2,0,25.5,70.3,2,2,0.0677,0
38.4,99.4,27.5,1188.4,46.7,0.518,119.4,65.0,5.47,39.3,0,26.0,64.9,2,4,0.263,0
232.4,503.9,15.8,896.5,95.9,0.464,284.0,49.1,14.11,193.8,1,23.9,100.0,1,4,0.9493,1
8.2,28.0,33.5,406.8,37.7,0.16,328.1,60.3,2.27,19.4,2,22.6,63.8,4,4,0.6707,1
3.7,28.0,28.4,1324.0,26.2,0.11,321.1,58.3,8.78,120.9,0,17.7,55.8,3,2,0.1105,0
47.3,166.4,41.3,1494.8,65.0,0.755,239.2,99.2,3.66,30.9,3,19.3,86.0,0,4,0.8463,1
48.6,180.3,28.0,1770.6,49.8,0.149,317.3,60.2,5.47,48.0,1,17.7,67.6,3,5,0.5617,1
158.6,445.2,26.4,1165.6,68.7,0.643,336.0,67.0,4.71,55.7,0,25.7,90.7,0,4,0.8436,1
164.4,427.6,23.4,803.0,89.2,0.682,324.1,51.2,2.96,28.5,1,24.3,100.0,0,4,0.9751,1
34.7,124.6,36.4,1657.0,52.7,0.252,226.6,86.8,8.01,106.4,0,17.3,72.5,3,1,0.4634,0
75.9,251.9,22.1,1462.1,68.9,0.637,357.1,60.7,9.33,79.5,0,18.7,93.0,1,4,0.27,0
157.0,312.4,30.9,1035.7,80.4,0.494,113.3,76.3,5.0,31.4,2,22.4,96.2,2,4,0.9582,1
10.3,56.0,34.8,1535.6,27.3,0.498,317.4,78.5,6.62,77.6,2,23.4,58.7,1,4,0.4105,0
146.4,320.0,29.0,1459.6,85.8,0.069,14.8,80.9,2.39,32.4,0,16.8,94.1,3,5,0.9682,1
136.6,431.3,25.4,159.6,86.4,0.552,129.5,72.0,9.86,111.1,0,28.1,97.1,1,4,0.8766,1
27.4,94.5,18.6,1410.7,58.6,0.497,302.8,48.8,6.97,56.2,0,20.5,72.8,1,4,0.0985,0
33.6,107.8,43.0,2354.3,39.3,0.667,285.3,89.0,3.87,52.8,2,17.7,67.0,0,5,0.7648,1
13.2,65.0,21.3,1524.9,23.5,0.115,174.1,62.3,9.0,131.8,0,17.0,52.5,3,2,0.1151,0
30.7,67.5,25.6,2133.2,49.7,0.821,269.1,45.5,3.17,70.4,2,21.4,72.6,0,4,0.1659,0
50.4,142.4,43.8,1668.1,69.5,0.693,269.6,89.1,3.16,48.2,2,18.0,82.6,0,4,0.7553,1
124.2,381.1,25.7,50.0,82.9,0.515,212.5,50.5,5.07,82.3,0,26.9,95.9,1,0,0.5695,1
33.9,134.7,38.6,960.5,55.9,0.751,121.7,85.9,7.73,62.9,2,24.8,73.1,0,4,0.44,0
49.4,156.1,31.0,1559.1,47.1,0.595,187.6,74.2,7.58,65.8,2,23.6,76.8,0,4,0.3281,0
76.4,167.9,35.7,1167.7,58.5,0.058,270.8,79.4,6.41,51.8,0,20.6,66.9,4,4,0.7148,1
71.5,178.1,32.0,2034.2,67.8,0.793,205.6,67.0,2.83,54.9,3,20.3,80.7,0,4,0.4572,0
83.0,182.7,9.2,1299.7,60.9,0.089,170.7,22.4,4.58,55.1,0,20.2,87.0,4,5,0.5185,1
88.9,242.4,39.1,1406.3,18.9,0.366,0.5,83.4,3.71,67.0,2,23.3,61.5,2,5,0.8079,1
63.7,152.9,35.8,820.3,68.0,0.017,153.4,81.4,4.07,51.0,0,28.9,87.7,4,5,0.8228,1
11.3,44.5,32.8,663.4,37.0,0.087,35.3,68.5,3.93,44.1,1,24.5,61.6,4,4,0.443,0
13.8,67.0,40.6,1359.0,36.5,0.24,84.3,94.7,2.99,13.7,0,20.6,59.2,3,4,0.6562,1
50.2,169.3,44.8,1397.3,70.7,0.3,301.5,97.0,5.19,27.0,2,20.5,72.0,1,4,0.9056,1
218.7,498.5,33.0,616.6,92.2,0.625,208.1,71.2,0.5,21.8,0,24.6,100.0,0,5,0.9858,1
7.0,31.4,45.5,1396.9,21.6,0.626,53.8,72.3,2.31,39.1,2,22.3,54.6,0,4,0.471,0
172.7,335.3,34.5,2972.1,80.6,0.617,271.8,80.1,0.92,41.9,3,16.7,97.6,1,0,0.9655,1
56.8,144.8,36.7,1496.4,53.2,0.526,213.5,79.8,3.41,76.3,1,19.8,73.7,2,3,0.4629,0
78.7,243.1,19.9,414.6,66.3,0.495,343.3,39.8,11.78,99.7,0,28.1,89.7,2,0,0.1043,0
97.7,255.3,19.4,286.1,75.1,0.538,307.7,45.4,9.92,114.6,1,29.2,84.3,2,2,0.4599,0
101.6,272.1,42.4,3169.0,73.0,0.41,290.1,84.4,2.0,31.7,0,9.0,93.6,1,5,0.9478,1
23.7,64.5,39.9,1257.1,42.6,0.379,212.7,91.9,5.07,28.6,1,20.1,66.6,2,4,0.7007,1
76.0,180.4,33.4,168.6,59.7,0.183,243.8,80.7,5.06,36.1,1,26.0,81.1,3,2,0.4575,0
124.4,312.2,29.9,871.8,89.0,0.88,6.6,67.0,7.22,79.7,0,26.2,100.0,0,0,0.7809,1
208.2,568.6,36.3,426.0,91.4,0.22,260.6,80.5,4.58,53.7,1,25.0,100.0,3,4,0.989,1
5.9,32.4,42.6,1448.6,34.6,0.734,165.9,84.2,4.54,72.5,3,21.2,69.7,0,4,0.5696,1
116.4,267.2,28.5,2099.4,82.1,0.778,101.0,68.9,5.81,81.4,0,19.6,83.5,0,4,0.8124,1
35.4,92.7,46.4,1501.4,18.2,0.571,136.2,98.2,7.13,31.7,3,18.8,57.9,1,4,0.5823,1
52.7,92.5,37.1,1504.4,68.3,0.734,47.2,92.5,1.33,25.4,0,19.4,83.5,0,5,0.625,1
5.6,37.4,40.3,2311.2,21.3,0.636,203.7,89.8,2.81,19.3,1,15.6,52.4,0,5,0.6413,1
39.3,125.5,39.0,1783.4,25.2,0.22,348.5,79.8,1.53,62.6,1,22.2,64.4,3,5,0.8627,1
62.7,172.5,23.9,1715.1,54.5,0.225,0.1,49.8,4.58,41.7,0,17.4,69.7,3,5,0.2913,0
12.6,53.5,17.8,174.4,36.5,0.475,303.3,44.0,11.27,83.8,0,27.5,62.6,1,3,0.0693,0
44.3,114.0,30.7,1498.0,59.7,0.866,144.9,68.7,8.17,59.7,0,16.9,72.5,0,3,0.2673,0
103.6,235.7,33.3,1935.4,86.3,0.6,67.8,85.2,1.93,92.5,0,17.4,89.5,2,5,0.8444,1
75.5,169.2,19.4,478.8,37.2,0.259,84.3,58.3,7.56,72.1,0,27.5,62.9,3,4,0.3083,0
3.2,35.6,40.7,699.5,49.4,0.013,246.2,100.5,1.62,26.5,1,24.2,68.9,4,1,0.6829,1
68.5,169.7,41.1,50.0,72.2,0.427,241.1,77.3,4.68,39.4,2,32.4,76.2,1,2,0.7447,1
49.0,141.3,25.2,1833.0,52.9,0.797,165.6,55.8,5.41,103.6,0,16.4,70.4,0,4,0.1384,0
70.7,134.7,32.9,2057.5,47.9,0.831,96.4,82.0,4.03,31.3,0,17.4,66.6,0,4,0.41,0
23.6,64.5,40.6,1402.8,66.7,0.205,179.0,86.9,1.23,5.0,1,22.9,72.9,3,5,0.8303,1
16.7,72.3,38.4,659.6,46.1,0.495,349.7,63.6,5.01,51.9,0,26.6,64.1,1,4,0.3844,0
24.1,68.9,46.4,1024.0,62.8,0.42,259.6,107.2,2.51,29.5,3,23.2,76.2,1,5,0.8173,1
55.0,118.9,53.5,160.4,44.7,0.088,356.1,106.1,1.42,28.6,3,25.3,74.6,4,4,0.8531,1
17.9,53.0,52.3,1281.4,37.5,0.056,123.1,105.0,1.41,5.0,3,22.9,61.4,3,4,0.8844,1
2.3,29.4,38.7,1427.2,54.9,0.437,26.7,98.7,5.39,67.3,2,21.2,68.0,2,4,0.6214,1
66.2,213.6,36.0,2926.7,63.1,0.429,229.9,79.6,3.74,36.5,1,10.3,81.4,1,5,0.683,1
304.7,708.8,45.6,1562.9,90.7,0.43,8.6,98.3,4.84,48.9,1,14.5,100.0,1,4,0.99,1
169.5,356.5,26.2,1316.9,78.9,0.035,306.0,66.1,4.15,75.8,0,22.6,99.9,4,2,0.9354,1
174.9,504.2,32.1,2662.9,92.6,0.724,221.4,78.6,4.92,39.6,2,11.1,100.0,0,5,0.9893,1
74.4,248.7,28.8,534.0,47.8,0.779,127.9,77.0,9.71,78.1,0,28.9,75.5,0,2,0.1661,0
234.2,667.3,27.7,697.6,91.6,0.83,64.7,63.6,9.15,86.2,0,23.9,100.0,0,5,0.9604,1
11.2,54.9,47.7,1372.4,27.7,0.415,109.0,93.3,0.88,32.7,1,21.6,54.8,1,5,0.7951,1
186.0,420.2,36.7,1527.3,91.0,0.16,258.8,96.0,2.55,25.5,1,19.7,100.0,3,4,0.99,1
34.9,102.4,48.7,2541.4,49.7,0.815,244.4,90.9,4.57,43.4,1,12.3,71.4,0,5,0.7084,1
47.2,146.7,30.0,1253.3,77.1,0.577,224.8,64.4,4.97,41.7,0,21.6,86.7,0,4,0.5427,1
37.7,107.6,23.6,1833.0,33.4,0.106,312.9,69.8,8.85,81.2,0,13.6,73.6,3,3,0.2467,0
45.0,109.6,20.1,177.7,53.9,0.43,128.8,42.3,10.99,110.1,0,27.2,78.6,1,0,0.0437,0
59.7,220.9,38.3,1070.1,52.2,0.6,297.2,78.4,2.94,54.2,3,21.2,73.5,2,4,0.6236,1
30.0,83.5,18.5,673.3,28.7,0.804,263.7,62.9,7.67,82.4,0,22.6,67.7,0,2,0.087,0
60.4,139.3,48.5,1828.4,51.4,0.682,116.7,94.4,2.58,53.4,0,17.6,84.0,0,2,0.6478,1
236.8,465.9,26.5,380.4,89.4,0.258,241.0,60.4,6.5,51.6,0,26.6,100.0,3,4,0.9649,1
45.9,157.1,42.8,2309.3,43.1,0.672,247.8,87.1,3.36,39.8,2,14.5,61.7,0,1,0.5855,1
48.0,124.1,14.8,650.3,65.7,0.19,130.9,47.9,13.91,189.2,0,22.4,83.6,3,0,0.144,0
5.2,20.2,24.9,485.7,28.8,0.88,268.3,64.7,7.87,84.2,0,26.7,59.2,0,4,0.095,0
22.0,80.2,32.2,2178.0,25.7,0.798,143.1,78.0,3.77,65.4,1,13.1,55.2,0,0,0.1027,0
90.9,220.6,50.8,50.0,87.4,0.163,133.1,120.0,1.62,42.2,0,22.8,92.7,4,4,0.9683,1
49.6,103.7,19.8,384.5,60.7,0.479,147.3,48.5,8.99,116.7,0,24.7,78.9,2,0,0.0844,0
65.5,182.9,38.5,1085.0,34.6,0.42,263.2,79.0,5.43,80.5,1,20.7,58.0,1,4,0.6428,1
52.0,165.6,25.6,1405.8,52.9,0.453,43.3,68.8,5.73,80.1,0,23.7,76.5,2,4,0.234,0
158.1,417.1,39.0,1106.2,77.3,0.3,259.9,97.4,5.0,54.0,3,24.9,92.5,1,2,0.9687,1
0.4,13.0,41.6,50.0,39.1,0.039,272.8,80.2,1.92,13.9,2,32.0,66.4,4,4,0.8583,1
41.7,145.7,29.8,287.1,60.5,0.205,289.5,70.0,4.22,48.0,0,25.2,73.1,3,3,0.3795,0
14.3,65.2,16.2,406.6,20.9,0.542,55.0,52.2,11.5,86.6,0,28.7,55.5,2,2,0.0639,0
122.2,406.6,44.1,1120.1,77.4,0.031,75.7,66.6,3.77,23.0,1,21.0,96.5,4,5,0.9762,1
72.9,234.3,18.7,1522.1,44.1,0.717,26.8,52.8,8.38,122.2,0,19.7,69.9,0,2,0.1462,0
15.9,68.8,23.7,1499.2,42.4,0.464,28.3,62.8,7.38,59.0,0,21.1,55.5,1,4,0.203,0
64.6,185.2,31.0,1879.3,57.8,0.478,199.6,74.9,3.51,68.3,3,17.3,70.9,2,5,0.761,1
75.3,233.2,25.9,468.5,69.7,0.123,171.4,61.0,6.72,28.1,0,27.7,91.8,3,2,0.3191,0
51.4,165.5,20.2,557.3,81.6,0.517,32.5,37.7,9.26,127.8,1,23.0,87.9,2,2,0.3435,0
5.0,23.4,43.3,2158.1,58.7,0.55,353.0,87.6,3.6,61.3,1,11.0,73.8,0,4,0.7091,1
0.9,34.1,49.6,1246.5,57.2,0.026,240.9,105.2,3.7,42.6,0,20.7,71.2,4,5,0.7104,1
29.6,115.3,38.2,1396.1,70.3,0.411,324.5,90.4,6.11,54.8,0,18.7,83.9,2,4,0.3667,0
5.1,37.7,40.7,506.5,44.4,-0.014,65.2,88.9,2.41,45.2,2,24.4,66.8,4,5,0.6762,1
198.4,389.0,32.4,1404.0,96.5,0.698,174.0,64.4,5.67,87.1,0,18.3,100.0,0,4,0.9839,1
47.1,143.4,9.6,264.0,69.5,0.114,319.5,29.2,15.13,249.3,0,29.2,80.6,3,0,0.1211,0
62.7,129.8,29.8,1710.9,71.5,0.832,298.2,72.6,7.35,116.6,0,20.6,85.1,0,4,0.3795,0
257.1,708.1,35.5,1148.1,88.5,0.324,57.1,73.4,3.15,28.9,0,20.0,100.0,2,5,0.99,1
63.9,165.2,38.0,604.3,56.5,0.08,271.0,82.5,5.42,38.6,2,24.9,77.2,4,3,0.6139,1
98.2,248.0,31.7,1280.1,74.5,0.336,322.1,70.5,4.96,60.2,3,22.0,88.5,1,4,0.8356,1
22.8,64.2,43.4,1284.8,18.0,0.29,82.0,78.5,3.14,53.9,0,23.9,63.8,2,5,0.4751,0
12.4,50.4,20.9,232.3,26.4,0.305,3.3,53.4,12.58,84.6,0,25.5,60.4,2,2,0.1218,0
13.2,55.8,16.5,1072.9,59.1,0.468,169.6,50.6,6.36,68.1,0,22.4,70.3,2,0,0.0913,0
71.0,233.3,38.5,1485.8,62.2,0.264,261.6,96.3,3.38,37.6,1,22.6,83.2,3,5,0.7719,1
25.5,81.5,30.0,357.1,72.4,0.04,181.7,59.1,9.42,74.3,2,27.2,76.6,4,2,0.338,0
60.4,205.0,44.2,1214.6,44.5,0.589,13.3,109.3,5.08,52.2,0,22.1,67.2,1,4,0.6541,1
90.0,200.2,23.1,106.8,57.7,0.204,20.8,60.1,6.28,47.1,0,25.6,69.8,3,2,0.245,0
49.3,157.3,43.6,2854.6,67.2,0.363,304.5,103.7,1.56,42.8,1,9.1,83.6,1,5,0.8977,1
60.6,141.0,35.1,1482.6,67.2,0.81,111.2,85.7,5.6,86.3,0,18.2,78.2,0,4,0.5528,1
31.7,119.0,28.2,258.4,57.9,0.079,151.2,58.9,9.23,98.1,1,27.2,66.4,4,4,0.2744,0
20.0,47.2,17.3,792.7,23.7,0.28,12.3,62.9,13.33,132.8,0,26.1,54.8,2,2,0.1038,0
47.5,168.1,31.0,59.7,52.7,0.25,56.9,73.3,8.03,72.4,2,28.9,62.5,2,2,0.3095,0
17.2,74.0,21.7,135.3,38.3,0.63,213.7,53.6,7.08,36.1,0,27.9,60.9,0,2,0.0965,0
264.5,750.0,36.4,1585.5,90.3,0.53,296.7,80.7,4.03,11.1,3,19.0,100.0,1,4,0.99,1
120.1,240.2,5.9,477.7,82.7,0.487,28.7,38.5,8.54,86.1,0,20.2,100.0,2,2,0.5471,1
162.5,450.3,40.7,1266.0,87.4,0.358,244.7,104.7,3.8,57.7,1,23.4,97.9,2,4,0.99,1
2.3,21.7,29.4,84.1,55.4,0.435,222.1,66.1,8.73,107.2,0,23.6,73.9,2,2,0.1268,0
74.5,197.3,29.3,1346.5,88.4,0.135,304.6,70.3,2.78,76.4,0,18.5,95.7,3,4,0.7907,1
33.0,116.0,20.3,2277.1,34.8,0.611,339.0,43.4,4.33,82.6,1,18.1,67.1,0,4,0.179,0
13.0,51.1,5.0,191.2,38.1,0.439,16.2,38.4,12.04,74.8,1,27.4,65.3,2,0,0.0508,0
53.0,128.7,45.4,1511.7,54.9,0.07,207.5,101.5,4.33,24.3,1,18.1,80.3,4,1,0.61,1
17.6,82.5,31.1,1597.8,24.6,0.088,198.2,66.2,0.82,58.6,4,15.6,62.8,3,5,0.6175,1
195.8,471.6,26.5,50.0,81.3,0.544,214.5,53.8,8.43,102.6,1,32.4,97.5,1,0,0.8448,1
71.2,205.4,35.9,388.3,56.4,0.157,345.6,82.2,3.43,24.2,0,26.6,74.8,4,4,0.682,1
47.1,151.4,23.0,1514.1,54.7,0.178,81.7,55.5,8.71,129.8,0,22.8,80.3,3,2,0.1459,0
43.3,154.5,40.6,345.0,77.6,0.031,247.3,91.2,2.2,18.2,0,29.5,83.5,4,5,0.8853,1
31.1,68.2,27.6,1524.7,35.9,0.257,43.3,61.9,4.48,68.2,0,20.2,62.4,2,5,0.334,0
33.9,110.9,28.2,1076.0,57.8,0.424,15.2,58.0,4.45,58.7,0,18.8,77.9,1,4,0.2348,0
6.3,29.4,32.3,50.0,49.8,0.66,111.5,89.8,6.07,79.7,1,28.4,75.4,0,0,0.1093,0
47.7,150.1,37.1,418.8,67.7,0.238,193.8,86.8,4.25,43.7,2,25.9,78.9,3,4,0.6925,1
22.5,80.6,13.6,50.0,43.9,0.3,341.1,39.1,19.25,249.7,0,24.5,63.3,3,0,0.048,0
43.9,127.0,31.0,1583.3,51.7,0.737,111.8,71.3,7.3,95.9,3,24.2,70.4,0,4,0.3609,0
44.3,148.8,26.9,360.7,48.1,0.407,196.8,62.5,9.54,109.5,0,25.6,71.4,2,0,0.1133,0
62.0,138.7,38.5,536.4,62.9,0.435,316.5,85.3,7.01,54.3,1,26.4,84.7,1,3,0.712,1
14.8,49.6,46.9,567.5,50.7,0.01,83.6,88.1,2.75,18.5,2,25.3,63.1,4,2,0.7383,1
66.3,219.3,38.8,2160.6,57.0,0.436,155.7,88.1,2.97,50.9,0,17.1,80.3,1,4,0.6343,1
146.3,401.2,36.3,153.7,81.0,0.196,101.9,64.6,3.76,47.6,1,25.0,97.1,3,5,0.9803,1
66.4,189.8,39.4,1160.1,83.2,0.455,74.5,81.4,7.44,59.2,3,20.8,87.4,2,4,0.8721,1
27.7,95.6,47.8,449.7,61.2,0.124,34.2,106.0,6.06,24.7,0,25.7,75.8,3,4,0.699,1
4.4,17.1,34.2,537.4,34.4,0.048,130.8,83.0,2.48,28.9,0,26.0,60.8,4,4,0.6459,1
4.3,24.2,31.6,1971.3,26.1,0.464,15.9,60.6,4.97,75.4,0,12.7,63.5,2,4,0.2619,0
21.1,74.5,43.0,1886.9,12.4,0.248,178.6,94.6,6.51,45.7,0,16.7,58.6,3,5,0.5194,1
110.2,261.1,36.7,2961.4,79.8,0.485,46.0,92.8,1.7,5.0,0,10.1,99.4,1,4,0.9588,1
24.1,90.6,16.7,548.9,41.7,0.701,37.6,48.2,7.49,92.8,0,25.4,61.9,0,2,0.0886,0
251.4,573.9,44.3,313.7,95.5,0.106,288.3,96.3,2.71,40.1,0,28.1,100.0,4,4,0.99,1
13.7,53.9,32.1,486.3,41.2,0.758,134.4,74.6,8.85,57.5,2,25.0,66.3,0,2,0.1655,0
108.3,290.5,44.6,486.5,49.3,0.039,117.3,115.5,3.34,22.8,1,24.4,79.0,4,5,0.9548,1
31.4,91.5,38.5,564.6,64.1,0.531,77.4,89.4,2.69,9.2,1,27.1,80.2,1,4,0.7082,1
31.2,74.8,31.7,442.9,52.4,0.564,166.4,78.2,9.2,84.3,0,28.1,76.2,1,2,0.1516,0
51.8,172.0,21.6,393.7,48.9,0.421,13.0,61.8,8.28,112.4,0,25.3,74.9,1,4,0.2755,0
25.3,88.3,27.7,1412.7,43.5,0.411,97.7,69.4,5.31,78.9,0,17.8,73.5,2,4,0.4472,0
4.3,29.2,16.6,50.0,31.0,0.449,95.2,45.1,9.45,92.5,1,34.5,62.0,1,4,0.1597,0
5.4,41.5,28.1,50.0,28.6,0.15,275.4,65.6,6.41,8.6,0,26.7,62.7,3,2,0.1879,0
110.8,355.4,39.3,322.3,92.4,0.107,262.7,88.5,3.66,9.5,2,27.0,94.5,4,4,0.99,1
14.8,59.7,36.3,1420.7,25.7,0.495,290.2,80.6,4.23,25.4,1,16.8,56.5,2,4,0.5433,1
84.8,242.2,28.1,2195.9,89.5,0.651,100.4,76.9,4.06,44.6,0,16.5,87.3,0,5,0.8647,1
47.7,127.4,26.0,132.7,63.7,0.534,133.2,76.6,12.54,107.1,0,26.8,86.6,2,0,0.1133,0
62.1,166.1,33.4,652.3,66.4,0.51,323.3,75.5,4.54,73.5,2,24.1,83.7,1,4,0.6177,1
31.3,94.9,36.3,1152.5,74.4,0.418,125.8,76.2,8.56,52.8,1,23.8,85.7,1,4,0.7406,1
62.4,178.2,51.4,661.2,63.2,-0.011,221.8,95.0,1.17,5.0,1,24.9,74.7,4,5,0.9332,1
35.1,125.9,33.4,715.0,29.5,0.766,78.2,63.1,5.98,41.0,2,21.3,63.7,0,4,0.3207,0
17.6,42.0,29.6,412.6,49.8,0.187,269.7,71.7,5.74,55.2,0,26.1,72.5,3,4,0.3489,0
6.7,39.9,25.4,1450.4,37.8,0.269,357.6,56.1,0.78,26.0,0,25.7,61.2,3,5,0.3131,0
205.8,440.9,25.9,1652.4,83.7,0.555,163.0,65.6,3.74,60.6,2,18.1,100.0,1,4,0.9655,1
54.2,135.0,33.4,302.3,75.3,0.127,150.0,68.9,1.3,13.7,2,28.2,81.5,4,5,0.8431,1
28.0,94.7,20.8,1258.9,54.6,0.25,243.1,47.5,4.51,46.3,0,26.5,63.6,2,4,0.2562,0
39.8,139.4,34.2,50.0,31.4,0.589,216.3,76.4,7.18,37.8,1,29.3,56.5,1,2,0.4118,0
138.3,315.4,50.5,1381.1,81.6,0.338,176.4,78.7,2.6,40.5,1,16.2,96.9,2,5,0.9899,1
51.1,124.1,30.0,1926.9,57.1,0.709,152.8,56.6,6.41,56.3,0,17.7,81.4,0,3,0.1158,0
95.9,211.6,33.7,1251.2,81.6,0.35,6.7,83.2,4.18,5.0,3,20.5,93.2,1,5,0.9571,1
142.2,411.1,19.7,1016.2,86.9,0.774,320.7,52.9,6.73,77.7,0,19.2,98.4,0,4,0.8218,1
68.5,184.7,5.0,51.2,64.9,0.209,278.3,34.7,17.57,264.2,0,30.2,78.6,3,0,0.0577,0
46.9,158.8,26.5,334.1,29.4,0.532,84.8,57.2,11.13,95.6,0,24.0,63.7,1,0,0.047,0
334.5,750.0,6.4,362.8,90.5,0.25,147.4,31.9,10.42,91.9,0,25.5,100.0,2,2,0.8797,1
153.1,337.1,9.1,817.0,90.9,0.11,290.2,24.6,15.96,204.9,0,20.0,100.0,3,0,0.7483,1
153.1,343.5,37.2,1237.3,73.9,0.121,149.1,81.6,3.14,47.5,1,17.2,95.5,3,4,0.9797,1
257.3,565.2,37.3,1479.6,77.1,0.41,169.3,90.3,3.6,15.8,0,16.1,100.0,1,5,0.99,1
57.0,162.5,22.9,1726.8,57.9,0.074,293.0,61.7,9.92,132.9,2,20.1,71.7,3,2,0.2602,0
0.0,12.4,58.0,320.5,67.9,0.05,70.4,120.0,1.13,11.0,2,22.3,70.2,4,4,0.8947,1
77.0,258.4,24.7,1358.2,52.6,0.372,37.3,57.4,6.88,29.3,0,21.2,77.5,2,4,0.393,0
177.0,433.6,44.1,743.5,76.1,0.201,357.8,93.0,2.06,5.0,0,27.3,93.4,4,4,0.9875,1
77.4,250.8,28.0,974.3,59.8,0.351,156.8,64.0,7.3,53.0,0,22.4,68.6,2,4,0.4575,0
34.8,104.9,21.1,1667.7,66.7,0.312,216.5,47.9,6.23,125.9,0,20.5,78.8,3,2,0.1072,0
21.6,79.7,26.1,1002.5,28.3,0.579,80.6,63.4,7.21,51.7,1,22.8,63.0,1,4,0.2194,0
0.1,32.5,29.1,800.1,43.0,0.208,297.1,58.6,7.37,82.5,0,20.7,70.2,3,4,0.346,0
51.8,124.5,38.5,2201.1,56.1,0.757,156.3,85.6,5.43,17.0,0,17.7,80.6,0,5,0.6685,1
8.6,57.4,33.2,1269.7,32.4,0.382,316.0,69.1,6.92,29.9,2,27.9,56.5,1,4,0.5074,1
63.0,199.4,18.6,65.7,66.5,0.496,213.9,47.7,9.37,87.8,0,26.6,87.6,1,4,0.2245,0
13.4,46.2,41.0,1405.7,38.1,0.545,132.6,92.0,2.48,31.5,1,20.0,71.3,1,5,0.6508,1
61.9,151.2,30.8,1173.8,57.8,0.094,322.1,90.7,4.44,19.9,0,21.3,78.0,3,5,0.4962,0
50.9,124.5,44.4,1406.1,57.1,0.457,262.0,91.7,2.31,56.4,2,24.2,78.6,1,5,0.8674,1
86.7,276.9,42.4,517.0,41.4,0.427,47.9,94.5,0.96,12.0,2,24.7,71.8,1,4,0.9061,1
62.8,160.5,44.7,715.1,61.9,0.122,59.6,91.8,2.18,11.2,2,24.5,87.8,4,5,0.8683,1
62.7,128.4,36.0,1302.5,59.8,0.446,185.6,82.9,6.29,47.7,1,23.1,73.4,1,4,0.6593,1
111.0,311.4,35.6,1362.8,76.9,0.621,0.8,78.9,1.33,49.0,2,19.7,93.5,1,4,0.933,1
178.7,461.3,17.0,743.4,82.2,0.168,241.8,38.6,3.51,40.5,0,25.4,94.6,4,5,0.9367,1
32.2,119.3,46.5,563.2,48.8,0.497,252.1,96.1,2.77,47.2,1,21.5,66.8,1,4,0.6846,1
8.1,28.7,21.7,508.8,35.5,0.514,234.3,55.4,10.73,92.1,0,28.1,61.4,2,2,0.0698,0
54.6,184.5,16.6,997.4,52.2,0.224,122.2,45.9,16.43,217.4,0,22.6,69.0,3,4,0.1672,0
72.6,171.8,31.6,436.1,72.0,0.463,272.1,61.2,11.74,112.9,1,22.5,88.0,2,0,0.335,0
118.3,317.3,32.0,1387.7,88.7,0.25,303.2,66.5,4.21,44.2,2,17.5,99.6,2,5,0.9714,1
5.3,36.8,22.6,265.8,29.3,0.05,151.5,64.3,6.76,5.0,0,27.2,58.0,3,1,0.1874,0
172.4,459.1,28.8,1189.8,88.8,0.376,299.2,58.2,6.53,33.0,1,25.5,100.0,1,2,0.9634,1
19.9,98.3,36.6,519.5,31.4,0.453,205.0,94.4,3.19,48.4,2,27.1,69.5,1,4,0.6562,1
61.6,219.2,51.3,653.8,59.7,0.103,80.0,120.0,2.34,32.3,3,21.6,78.7,4,5,0.9313,1
19.7,56.3,21.8,483.5,36.0,0.589,33.6,53.5,8.37,69.1,0,30.0,59.1,1,2,0.0865,0
26.9,85.7,19.6,294.9,44.4,0.225,355.8,59.0,8.89,45.0,0,22.2,72.5,3,2,0.1673,0
227.2,682.0,36.9,1368.4,94.1,0.156,267.6,79.8,1.69,14.1,1,17.5,98.1,3,5,0.99,1
57.0,125.9,19.7,2098.4,62.1,0.412,114.7,64.6,7.01,82.1,2,13.5,64.8,2,4,0.379,0
105.9,329.5,34.5,901.7,69.0,0.137,116.6,82.4,4.82,5.0,5,27.7,84.2,4,2,0.9154,1
157.3,355.2,15.3,103.7,81.1,0.275,90.8,50.0,6.88,30.9,0,26.2,93.5,3,2,0.9112,1
61.3,203.0,32.5,176.0,58.5,0.249,356.5,75.7,5.03,41.4,1,25.4,81.9,3,4,0.4714,0
205.4,567.9,21.9,1370.5,86.6,0.444,329.6,48.7,5.98,52.3,0,22.3,100.0,2,4,0.943,1
12.2,56.4,21.7,305.3,24.2,0.366,107.4,67.0,7.96,83.2,0,28.8,59.5,1,0,0.0648,0
47.1,157.3,18.8,840.9,52.2,0.29,214.4,38.5,11.61,120.0,0,23.8,77.7,2,2,0.0978,0
95.9,200.1,19.6,617.6,52.5,0.102,50.0,51.6,13.71,183.2,0,21.9,73.3,3,0,0.189,0
149.5,466.3,29.4,205.2,72.8,0.404,300.3,59.4,8.08,77.4,0,24.9,84.3,1,0,0.7976,1
172.8,439.6,37.6,258.7,76.1,0.191,208.5,87.3,5.9,5.0,1,26.2,98.2,3,2,0.9785,1
153.8,470.2,38.2,1980.0,92.9,0.638,157.7,83.6,4.31,5.0,1,17.9,100.0,0,4,0.99,1
197.3,569.7,45.9,754.6,74.0,0.098,125.8,97.3,2.06,23.0,2,25.7,94.8,4,5,0.99,1
83.5,172.6,54.8,2988.0,57.8,0.523,220.3,105.5,0.89,38.8,2,9.9,83.4,1,5,0.8567,1
78.0,203.3,39.0,1393.5,50.4,0.327,333.2,79.3,5.68,44.6,2,23.7,72.3,1,4,0.7767,1
29.7,80.0,46.5,1340.5,43.2,0.513,319.3,84.1,0.9,50.5,3,18.6,65.7,1,5,0.7538,1
29.2,107.3,24.2,1516.0,69.3,0.005,51.3,43.5,7.74,113.6,1,21.1,71.5,4,2,0.1751,0
177.3,499.8,30.3,800.3,78.9,-0.045,207.6,66.8,5.2,11.3,3,20.7,92.9,4,4,0.9734,1
261.4,743.5,47.5,474.8,90.6,-0.042,302.6,90.4,1.12,11.0,2,22.3,100.0,4,4,0.99,1
94.3,228.0,24.6,1658.2,75.0,0.487,72.0,54.2,7.41,86.7,0,21.8,84.9,1,4,0.4393,0
68.6,204.5,19.7,375.3,58.1,0.534,244.5,60.3,5.98,83.3,0,31.0,79.2,1,3,0.2225,0
12.3,43.0,36.1,117.3,37.5,0.029,103.2,79.1,1.67,25.8,4,26.1,65.2,4,4,0.7756,1
31.3,99.2,37.2,1144.9,57.4,0.227,95.7,87.6,4.85,8.5,0,22.9,69.9,3,4,0.6194,1
129.0,322.6,42.0,1046.4,84.7,0.029,251.8,77.8,1.06,5.0,0,24.4,93.2,4,4,0.99,1
2.8,38.2,45.5,365.4,18.1,0.125,301.0,97.8,2.71,5.0,1,25.7,58.5,4,4,0.7908,1
122.8,283.5,30.5,641.7,81.4,0.463,137.1,77.7,8.6,91.7,2,24.7,93.6,1,2,0.8428,1
25.1,71.1,23.1,105.6,59.4,0.26,97.6,56.2,7.14,32.2,0,29.1,74.6,2,5,0.2801,0
110.7,276.7,44.5,959.2,81.9,0.391,341.8,103.5,1.19,11.8,1,23.5,94.7,1,5,0.9823,1
153.6,353.2,25.2,1426.9,89.7,0.31,146.6,65.0,7.69,61.6,1,20.9,97.6,2,4,0.9613,1
0.1,10.2,30.4,467.4,35.9,0.029,143.7,75.4,0.93,11.3,3,28.9,61.3,4,4,0.6389,1
14.2,50.8,31.7,1781.6,27.9,0.573,202.2,80.1,3.31,28.6,2,20.5,63.1,1,4,0.4645,0
5.9,38.3,43.0,1384.5,42.2,0.369,257.6,93.2,4.84,27.0,1,23.0,60.5,1,3,0.5574,1
29.5,70.6,50.0,281.0,26.4,0.032,315.9,109.8,3.66,7.8,3,24.9,62.3,4,4,0.8832,1
63.1,195.7,30.7,1790.9,40.2,0.489,146.6,71.3,5.62,5.0,0,21.6,70.9,1,4,0.6251,1
17.6,91.2,44.8,1238.9,49.1,0.387,308.3,83.6,2.17,46.4,0,21.1,65.9,1,5,0.7234,1
6.3,35.6,41.0,1170.1,27.8,0.855,272.3,83.3,3.08,76.8,1,21.3,65.7,0,4,0.4909,0
137.8,399.1,14.6,105.8,72.5,0.117,58.5,42.2,18.43,245.4,1,24.4,89.3,3,0,0.534,1
14.3,61.4,30.1,1292.7,26.7,0.395,299.6,72.8,2.18,38.2,3,23.1,58.5,2,5,0.5675,1
20.5,90.2,28.8,1345.9,31.9,0.25,10.2,55.9,2.41,80.1,0,23.0,64.4,2,4,0.1761,0
266.9,517.2,44.2,1357.0,96.4,0.55,190.3,88.6,4.04,42.6,4,20.2,100.0,1,4,0.99,1
198.8,585.5,23.9,1261.0,89.3,0.586,111.3,74.7,5.84,57.6,1,15.7,100.0,0,4,0.9584,1
30.2,93.8,36.8,1413.8,54.2,0.435,118.7,75.1,8.78,72.8,3,23.3,76.0,1,4,0.5422,1
218.5,563.6,34.3,1145.5,90.4,0.38,344.8,74.7,1.45,26.8,0,24.1,100.0,1,2,0.9839,1
26.2,64.0,33.3,347.4,50.6,0.208,67.1,83.3,4.97,53.0,2,26.5,69.6,3,4,0.4319,0
134.4,409.2,42.3,446.3,90.5,0.037,163.4,101.0,4.72,5.7,2,26.4,99.5,4,3,0.99,1
79.5,222.2,23.2,1118.9,57.2,0.382,154.6,52.3,4.21,67.0,0,19.0,78.5,2,1,0.1511,0
29.3,80.6,28.9,550.7,46.7,0.379,37.6,65.3,8.62,94.3,0,23.5,74.4,2,2,0.1682,0
58.8,185.9,38.7,1702.9,55.0,0.65,156.2,73.2,1.83,21.7,1,19.9,76.3,1,5,0.8058,1
263.0,595.1,6.7,50.0,95.7,0.35,310.3,18.4,16.6,267.0,0,27.7,100.0,3,0,0.8613,1
101.8,223.5,38.6,166.8,78.0,0.704,11.8,97.2,2.01,37.5,0,30.6,98.2,0,5,0.9306,1
63.4,175.5,24.9,1485.4,68.4,0.35,296.4,59.5,8.03,111.2,1,20.5,80.4,3,2,0.2576,0
234.0,645.2,37.0,1554.4,92.4,0.219,77.8,88.4,5.28,73.7,1,22.7,100.0,3,5,0.99,1
50.4,159.7,33.1,644.6,51.6,0.801,225.2,72.5,7.19,71.9,0,25.6,76.2,0,2,0.2345,0
52.1,166.0,38.8,1448.8,55.8,0.158,17.7,92.1,4.08,54.9,0,21.3,83.7,4,4,0.5897,1
28.1,84.6,28.7,888.2,44.2,0.106,76.2,50.7,4.62,5.0,0,24.5,71.0,4,4,0.5747,1
33.1,65.4,23.7,67.8,38.4,0.362,102.5,59.2,7.27,68.9,0,28.4,66.3,1,0,0.0762,0
268.9,750.0,19.5,50.0,87.5,0.457,297.9,59.7,9.7,130.6,0,23.5,100.0,2,0,0.769,1
34.5,119.7,16.9,580.7,44.9,0.457,239.6,46.8,4.48,45.3,0,26.0,60.6,2,4,0.2444,0
41.3,103.2,40.1,288.9,49.9,0.459,328.8,96.2,11.64,118.2,0,25.3,70.0,2,3,0.3946,0
45.8,146.0,25.0,208.1,51.3,0.388,78.4,53.5,7.57,72.9,0,27.2,67.2,1,0,0.1421,0
75.8,204.7,44.6,2095.1,57.0,0.485,182.4,92.1,4.61,11.4,1,17.2,84.1,1,4,0.8158,1
63.8,231.5,26.8,435.1,54.8,0.485,285.4,53.4,7.4,91.0,1,22.7,63.6,1,4,0.2944,0
7.2,50.1,29.9,50.0,32.6,0.05,145.3,58.8,8.86,35.7,0,26.7,66.3,3,5,0.3929,0
70.6,169.5,44.9,1583.1,37.7,0.19,282.6,103.8,3.07,5.0,4,17.3,62.4,4,5,0.8705,1
8.3,27.2,26.4,125.8,36.6,0.527,326.5,59.6,8.09,135.6,0,27.8,59.2,2,2,0.1767,0
16.8,71.5,39.7,2076.2,63.3,0.88,138.6,78.0,4.63,26.1,2,15.9,70.4,0,0,0.3456,0
59.6,167.3,33.8,1804.9,71.4,0.88,28.4,71.6,6.19,70.3,1,15.6,77.2,0,0,0.3249,0
9.5,45.8,35.9,1852.8,26.0,0.321,330.1,70.1,3.15,75.1,0,16.8,55.8,2,5,0.3425,0
53.0,156.2,19.3,936.2,58.9,0.613,201.1,57.5,9.07,59.4,0,22.0,83.1,0,4,0.2347,0
59.3,134.0,32.5,1577.3,63.2,0.642,213.0,74.4,5.61,52.8,1,23.7,82.3,1,4,0.5246,1
139.2,265.9,15.1,50.0,92.1,0.633,114.0,35.1,6.47,89.7,1,32.7,96.1,1,0,0.7495,1
7.1,39.8,37.9,1367.7,24.0,-0.014,211.9,81.8,4.45,36.5,2,20.8,57.7,4,5,0.6845,1
7.1,21.9,24.6,1445.6,39.6,0.328,220.8,61.5,6.66,124.8,0,24.0,66.5,3,2,0.1104,0
46.5,163.9,38.1,810.6,33.9,0.505,287.6,70.6,4.91,31.2,0,18.3,61.5,1,4,0.6292,1
10.1,53.4,31.4,1077.6,44.4,0.127,57.1,78.7,3.85,17.4,2,22.6,65.6,4,5,0.5022,1
34.7,107.1,25.8,289.3,38.8,0.736,152.6,56.0,8.9,97.7,0,22.8,67.4,0,4,0.1407,0
56.1,173.2,35.7,724.1,69.3,0.692,122.1,72.3,8.87,83.8,0,19.7,84.5,0,2,0.4625,0
78.1,204.6,43.7,1355.8,63.1,0.65,239.9,85.2,0.5,20.1,3,17.0,82.3,1,5,0.8745,1
209.1,485.2,31.0,1214.2,72.2,0.457,52.8,68.2,5.5,48.3,3,20.7,100.0,2,5,0.9751,1
10.0,32.0,24.2,1399.9,19.9,0.393,158.6,76.8,6.44,72.7,1,21.1,53.9,1,4,0.2778,0
6.7,41.8,38.0,1720.6,20.1,0.171,305.8,76.7,2.9,20.2,1,14.8,58.9,3,4,0.6195,1
293.7,750.0,45.4,1234.2,89.8,0.451,12.7,97.8,0.5,36.4,0,22.5,100.0,1,5,0.99,1
45.6,161.6,34.2,1274.2,27.9,0.505,205.9,86.7,4.14,70.6,0,22.3,59.6,1,4,0.4693,0
26.0,80.6,33.6,1373.7,38.9,0.103,227.3,88.3,5.26,39.1,0,19.4,57.4,4,5,0.4191,0
86.5,278.7,41.6,1418.6,61.5,0.65,63.7,82.1,4.67,14.7,2,21.1,81.5,1,4,0.8875,1
26.7,72.7,21.6,50.0,32.3,0.3,96.7,62.1,11.01,85.8,0,27.9,66.8,1,4,0.1061,0
25.5,81.7,21.0,1429.1,19.5,0.392,271.9,54.6,10.27,107.7,0,19.8,54.0,2,2,0.1039,0
47.4,149.1,39.2,939.8,62.0,0.534,15.6,76.5,4.78,38.1,0,23.0,74.0,1,0,0.5513,1
56.3,134.6,35.6,1258.7,66.9,0.578,122.7,59.1,6.65,53.8,1,21.3,81.6,0,4,0.5243,1
178.2,356.2,31.1,1549.1,87.3,0.165,237.7,87.3,3.62,85.2,1,20.8,100.0,4,5,0.9895,1
221.1,524.9,28.0,846.3,84.9,0.152,29.2,62.4,0.83,12.2,0,24.5,100.0,4,4,0.9802,1
4.4,26.4,35.2,1366.0,37.2,0.197,175.1,73.4,4.21,22.6,0,19.0,57.0,3,5,0.6411,1
23.3,69.2,35.4,350.3,31.8,0.661,264.3,67.1,8.21,58.6,0,26.2,65.3,0,2,0.1884,0
30.9,74.8,24.2,1118.2,47.9,0.053,124.9,56.5,5.4,34.4,0,19.8,75.4,4,5,0.3837,0
231.2,700.8,41.7,1545.1,91.0,0.733,51.6,95.4,7.19,84.6,2,16.3,100.0,0,4,0.99,1
1.8,26.3,38.7,408.5,28.2,-0.008,300.7,97.0,3.6,8.7,2,29.1,61.7,4,4,0.7538,1
209.1,480.0,49.2,50.0,86.0,0.207,237.3,103.5,0.75,10.0,1,26.1,99.5,4,4,0.99,1
29.9,86.9,23.9,1544.2,17.1,0.294,160.9,48.7,7.72,117.5,1,16.7,59.3,3,2,0.1222,0
90.6,290.6,24.9,1462.4,54.8,0.466,338.6,56.0,5.01,53.4,0,20.9,68.4,2,4,0.4902,0
178.1,549.7,27.6,599.8,93.6,0.831,147.8,58.4,2.9,47.0,0,26.6,97.4,0,4,0.9834,1
47.6,170.2,26.6,738.7,58.7,-0.037,102.6,61.0,3.89,31.0,0,21.6,81.0,4,5,0.6126,1
60.7,158.3,38.3,1425.2,54.2,0.57,141.8,77.8,0.58,5.0,1,18.0,78.8,1,5,0.8495,1
9.8,62.1,52.7,3265.8,28.9,0.416,236.8,117.2,2.83,38.3,1,16.3,56.7,1,5,0.781,1
57.5,223.0,37.5,241.3,56.5,0.454,85.4,91.5,3.4,16.9,2,26.2,73.6,2,4,0.7291,1
18.7,84.5,33.9,1477.7,54.5,0.379,71.5,85.4,7.64,71.4,0,19.0,73.3,1,4,0.3536,0
35.1,112.4,33.5,960.3,25.8,0.092,101.5,68.7,1.63,5.0,1,23.0,59.2,4,5,0.7701,1
169.0,473.1,7.5,539.7,75.5,0.193,36.6,32.7,15.59,206.6,1,19.8,93.1,3,0,0.7143,1
11.9,48.8,45.9,970.3,27.4,0.618,220.4,91.7,4.39,33.7,2,25.0,52.0,1,4,0.7241,1
18.4,74.1,38.0,381.5,28.2,0.033,318.6,71.2,1.43,29.7,0,27.1,63.0,4,4,0.6347,1
44.5,169.2,37.1,88.2,59.0,-0.042,7.9,100.1,2.23,26.4,0,30.7,70.8,4,4,0.7882,1
155.7,433.1,5.0,769.2,95.3,0.389,0.5,40.5,11.95,150.1,0,27.2,100.0,2,2,0.8611,1
40.7,96.5,36.0,1068.2,33.4,0.699,350.0,75.9,5.04,89.2,2,17.0,68.9,0,4,0.4453,0
228.1,614.6,42.9,1189.9,88.1,0.047,140.1,100.9,2.08,46.9,2,21.2,100.0,4,5,0.99,1
4.3,21.6,29.8,209.7,30.0,0.385,183.8,57.4,10.1,96.1,0,25.8,63.1,2,0,0.1472,0
131.7,371.0,35.6,1295.5,80.8,0.504,114.8,72.1,5.72,68.3,0,22.6,93.5,1,4,0.9402,1
214.5,490.5,28.5,1571.5,88.0,0.271,9.7,59.7,4.19,31.2,0,23.2,100.0,3,5,0.983,1
5.5,20.9,43.2,1299.1,42.3,0.558,90.3,101.5,5.0,59.8,5,22.6,57.8,1,5,0.8241,1
16.0,53.7,38.2,860.1,31.3,0.25,235.0,83.2,1.97,9.8,0,23.1,68.4,2,4,0.533,1
62.9,223.4,29.8,835.1,58.9,0.699,46.1,54.2,5.97,65.7,0,23.7,76.5,0,4,0.2765,0
37.6,110.5,47.4,168.4,10.1,0.096,318.5,91.6,1.43,5.0,1,29.4,59.3,3,4,0.8043,1
219.2,531.5,50.5,1569.4,76.6,0.182,239.4,96.8,6.14,30.7,0,21.1,100.0,3,5,0.99,1
71.3,246.9,24.7,351.8,50.3,0.448,292.9,55.0,8.01,77.5,0,28.8,76.7,1,0,0.1953,0
151.8,389.9,38.7,2341.9,83.7,0.672,200.9,81.3,4.34,59.2,1,10.7,100.0,0,5,0.9836,1
70.4,168.8,35.4,1394.1,57.1,0.521,31.2,85.0,4.62,44.4,0,21.2,74.6,1,4,0.5922,1
43.1,127.0,48.2,232.4,63.2,0.063,267.9,107.4,0.5,28.3,1,28.5,83.9,4,4,0.8412,1
63.7,164.6,40.5,54.9,55.7,0.083,76.1,84.4,0.72,8.3,1,28.9,75.1,4,5,0.8311,1
234.8,522.5,33.8,1324.1,87.0,0.451,99.3,73.1,6.69,60.3,1,17.8,100.0,2,4,0.9887,1
5.0,34.5,31.9,1512.5,61.5,0.295,244.8,81.3,5.36,54.9,1,17.5,67.2,3,0,0.215,0
163.5,498.8,43.7,149.5,81.6,0.094,64.7,82.0,3.35,10.2,0,28.6,97.1,4,4,0.99,1
10.9,57.0,41.3,1204.4,25.8,0.724,140.9,92.9,5.56,100.8,4,21.2,63.1,0,2,0.5387,1
102.1,271.5,35.4,1114.5,84.4,0.374,126.6,79.2,0.96,39.6,1,21.4,100.0,1,5,0.9446,1
25.6,62.7,31.4,1221.5,32.0,0.42,319.2,67.8,4.16,29.4,0,22.4,70.3,1,5,0.6928,1
52.7,169.7,31.0,50.0,62.1,0.446,309.9,78.3,13.16,98.4,0,28.4,75.7,2,0,0.055,0
219.6,571.8,29.1,490.6,90.1,0.717,164.9,68.4,8.76,77.9,0,27.2,100.0,0,2,0.8246,1
15.3,61.7,27.9,974.7,40.9,0.62,92.4,60.3,6.36,49.8,0,18.8,59.3,0,4,0.214,0
36.1,129.3,24.5,50.0,63.2,0.496,183.5,62.8,8.13,43.5,0,26.5,84.7,1,0,0.1002,0
152.5,325.6,34.1,956.0,81.4,0.032,298.2,86.6,3.02,37.4,1,22.5,92.6,4,4,0.9849,1
37.8,102.4,33.0,91.2,64.6,0.311,265.6,57.4,3.33,35.7,0,28.9,74.7,2,4,0.3968,0
3.6,23.9,39.6,826.6,56.4,0.678,85.9,81.9,4.5,37.2,1,22.1,63.9,0,4,0.6054,1
47.0,113.4,31.0,183.4,58.6,0.439,213.6,78.0,7.48,83.4,2,32.1,78.5,1,0,0.2296,0
78.7,254.9,35.0,1358.3,61.8,0.473,159.7,65.5,5.13,75.0,2,21.5,86.5,2,4,0.765,1
201.1,402.8,33.7,1200.5,74.8,0.191,107.3,81.1,3.63,22.1,3,22.1,97.3,3,4,0.9851,1
5.5,24.5,45.0,975.8,45.1,0.855,261.4,98.1,6.09,49.6,1,20.4,62.5,0,4,0.5138,1
147.0,300.5,10.3,158.1,78.7,0.232,259.0,49.4,17.18,254.4,0,25.3,88.7,3,0,0.484,0
88.2,187.7,10.1,50.0,68.0,0.261,332.0,30.2,16.72,256.8,0,28.1,89.4,3,0,0.3015,0
4.9,19.4,40.2,1316.3,29.9,0.77,114.7,76.3,0.93,22.7,3,21.7,59.7,0,5,0.7952,1
4.7,30.9,26.7,1595.6,41.1,0.077,169.7,62.5,5.21,47.8,0,20.6,62.6,3,5,0.3455,0
26.4,97.5,38.0,1637.3,61.7,0.701,235.3,81.7,8.09,39.8,2,14.5,73.2,0,4,0.6245,1
120.8,348.3,29.5,1619.4,56.9,0.415,298.0,58.7,4.92,32.5,0,18.7,80.3,1,4,0.8601,1
11.8,42.4,21.4,1546.5,34.5,0.357,353.7,63.1,3.76,56.9,0,20.4,55.6,2,4,0.2017,0
1.7,29.2,38.4,724.8,25.4,0.754,280.4,86.1,7.95,66.8,3,29.8,52.6,0,4,0.6078,1
30.5,96.7,41.0,936.6,50.7,0.114,249.8,79.1,3.77,27.6,2,23.8,67.7,4,2,0.5211,1
59.2,143.4,41.8,537.9,57.3,0.063,260.3,70.8,3.52,25.6,1,31.4,67.6,4,4,0.7675,1
56.5,181.2,31.3,358.8,52.9,0.023,15.1,62.2,1.7,20.9,1,28.8,78.1,4,5,0.7135,1
6.5,23.8,24.2,403.0,31.9,0.482,206.5,56.2,8.48,97.0,0,25.8,64.4,1,4,0.0796,0
84.9,302.6,29.6,1737.0,54.4,0.622,219.5,56.5,6.89,82.6,0,20.8,72.6,0,4,0.4842,0
49.1,130.2,29.7,672.7,56.7,0.023,356.9,69.4,5.85,37.1,0,22.5,72.3,4,4,0.2491,0
15.1,55.7,48.6,461.2,51.1,0.105,198.8,101.3,1.8,14.8,2,30.1,70.5,4,5,0.7767,1
239.4,607.2,28.2,1475.5,95.9,0.556,193.7,48.8,4.88,49.5,0,18.2,100.0,1,4,0.982,1
35.8,94.9,33.1,1277.2,60.5,0.449,45.8,81.0,4.32,51.4,0,20.4,80.8,2,4,0.3455,0
50.6,144.9,20.8,1142.6,69.0,0.551,252.6,36.8,3.91,55.7,0,17.8,77.8,2,4,0.3174,0
155.2,490.2,15.9,162.5,98.2,0.504,70.6,52.6,10.11,95.4,0,26.9,100.0,2,2,0.872,1
191.4,569.3,35.8,897.2,96.5,0.147,90.1,83.5,1.76,13.2,2,21.9,100.0,3,4,0.99,1
54.3,180.3,22.4,1312.7,51.6,0.317,142.6,61.4,4.62,70.0,0,21.2,70.3,2,4,0.2497,0
51.5,134.1,38.3,1487.1,39.3,0.124,241.1,90.2,3.95,65.3,2,20.1,57.7,3,5,0.699,1
1.3,30.0,32.3,457.9,33.1,0.757,132.1,72.4,9.06,59.5,1,29.5,58.5,0,2,0.1732,0
16.1,71.2,30.5,1249.9,41.0,-0.013,181.2,81.9,3.6,53.4,0,22.2,66.7,4,4,0.4992,0
168.0,469.3,28.4,1397.3,86.8,0.689,52.4,74.0,6.42,52.8,0,19.0,90.9,0,4,0.9813,1
74.4,243.8,34.6,1287.2,59.7,0.429,286.7,77.9,6.29,67.3,1,18.2,77.7,1,4,0.6284,1
358.1,679.8,37.2,1196.4,91.4,0.503,228.6,86.2,4.41,62.6,1,22.1,100.0,2,4,0.9814,1
70.5,158.4,14.9,564.1,56.4,0.227,23.7,34.1,15.8,197.4,1,30.1,75.5,3,0,0.1158,0
3.0,22.1,44.2,1231.6,26.4,0.701,249.1,95.2,6.97,76.1,2,20.4,55.5,0,4,0.5364,1
52.0,138.9,39.2,1756.6,49.6,0.548,27.5,84.3,3.71,66.5,0,23.7,74.5,2,5,0.5727,1
162.8,518.3,36.1,1890.8,87.9,0.671,204.9,80.1,2.28,48.9,0,16.2,94.7,0,4,0.985,1
34.8,87.6,42.5,747.2,71.6,0.124,12.7,90.2,4.65,24.9,1,22.5,81.5,4,4,0.7674,1
23.8,75.1,12.0,1308.8,26.9,0.42,312.9,47.6,5.67,35.8,1,16.9,53.6,1,4,0.2315,0
93.4,192.7,24.5,282.0,50.9,0.465,258.8,54.5,11.08,127.4,1,21.8,80.4,2,0,0.1808,0
208.4,417.1,31.2,178.8,92.7,0.465,316.2,73.9,9.24,68.9,0,29.2,100.0,1,4,0.9632,1
45.6,161.3,28.0,834.8,56.4,0.095,152.2,69.4,8.89,90.4,0,23.1,77.2,4,2,0.2665,0
126.5,384.9,25.5,806.0,75.2,0.026,222.0,56.4,4.63,27.5,0,23.3,91.1,4,4,0.8294,1
181.8,512.8,44.2,542.8,98.7,0.119,257.9,97.2,0.7,51.0,1,26.3,100.0,4,4,0.99,1
60.7,201.2,36.0,1083.2,59.4,0.101,7.8,77.1,5.81,29.8,3,23.9,73.9,4,5,0.7967,1
43.9,139.0,41.3,426.6,26.0,0.036,5.9,73.8,1.65,5.0,0,23.4,54.8,4,5,0.7687,1
20.0,66.0,25.7,1520.2,35.3,0.094,191.9,79.9,3.32,65.2,0,24.7,61.6,4,4,0.3301,0
95.4,325.1,28.9,1413.5,66.8,0.119,324.9,80.1,2.5,27.9,0,21.6,88.7,4,0,0.7172,1
34.4,126.3,24.0,341.8,49.7,0.247,102.5,51.0,5.82,11.3,1,23.2,65.2,3,4,0.3286,0
44.8,138.4,42.6,1377.9,51.0,0.538,165.8,93.7,3.6,38.3,3,16.4,66.0,1,1,0.6511,1
3.8,30.3,36.1,199.7,32.3,0.523,276.7,86.1,6.99,126.4,2,26.3,63.3,1,0,0.2559,0
52.3,112.7,24.6,359.0,74.5,0.398,68.7,62.8,12.02,88.4,0,21.0,84.1,2,3,0.313,0
49.5,123.6,25.0,1353.5,61.2,0.093,131.3,50.1,4.26,13.5,1,22.2,84.7,4,4,0.4835,0
85.6,190.3,31.9,1330.6,40.8,0.487,82.4,73.3,5.24,84.0,4,17.0,68.5,1,4,0.5789,1
87.5,272.6,21.0,466.8,59.0,0.421,142.0,48.7,9.11,102.0,0,29.1,78.4,1,4,0.4368,0
13.0,47.7,20.3,1535.8,28.9,0.085,314.6,59.5,9.08,119.8,0,20.0,56.9,3,2,0.0878,0
0.0,20.2,33.8,1425.4,60.1,0.473,23.6,66.0,2.49,40.0,2,24.9,70.1,1,4,0.453,0
271.6,703.6,32.3,542.6,97.1,0.872,166.4,81.9,8.34,81.0,2,18.8,100.0,0,2,0.965,1
56.1,133.7,43.2,729.4,54.7,0.12,165.8,100.0,1.66,5.0,3,23.6,70.3,4,4,0.8512,1
63.3,188.2,27.0,1362.3,29.8,0.547,258.2,50.8,8.12,72.2,0,23.1,64.0,1,4,0.2919,0
166.4,515.9,19.4,1551.5,86.5,0.258,3.4,45.6,7.33,95.0,1,21.3,100.0,3,2,0.9091,1
129.2,330.4,31.7,499.2,81.5,0.162,10.3,64.4,7.16,36.5,1,24.4,87.6,3,4,0.9686,1
145.6,436.8,49.3,1407.8,77.8,0.477,260.3,98.6,5.49,22.0,3,16.9,92.1,1,5,0.9815,1
28.7,86.6,36.7,1417.4,59.7,0.173,150.0,80.6,3.43,27.5,1,24.1,80.2,3,5,0.7643,1
8.3,39.3,32.2,520.4,23.7,0.163,352.7,78.3,2.65,47.0,1,25.7,55.0,3,4,0.4614,0
57.6,154.0,31.9,330.9,33.0,0.055,75.8,75.4,2.48,54.4,0,28.4,64.1,4,4,0.5179,1
19.6,89.5,25.1,571.2,25.8,0.801,137.5,58.3,9.72,67.0,0,26.0,55.8,0,2,0.0616,0
87.4,264.4,30.6,1252.0,81.9,0.13,125.0,83.2,6.04,33.3,1,20.8,100.0,4,4,0.8412,1
42.2,136.5,37.0,1854.3,27.4,0.686,178.1,81.3,6.28,62.6,1,14.0,64.3,0,4,0.434,0
48.1,151.6,34.4,158.7,68.2,0.14,103.7,86.9,8.08,40.1,1,24.8,74.0,3,2,0.5101,1
76.8,178.0,9.4,50.0,56.3,0.111,70.5,26.1,17.33,254.1,0,26.8,75.9,3,0,0.0892,0
243.2,447.8,36.1,1134.0,90.3,0.38,132.5,86.8,3.39,53.8,1,21.5,100.0,2,4,0.9893,1
77.1,200.7,24.5,470.0,64.1,0.45,115.0,52.8,7.78,97.9,1,26.3,79.6,1,0,0.1475,0
6.7,42.4,41.4,1157.1,28.6,0.348,139.4,88.8,4.21,21.4,1,20.5,57.4,1,5,0.7413,1
225.7,462.7,32.3,896.7,96.6,0.484,340.8,75.4,5.02,63.8,3,21.0,100.0,1,4,0.989,1
60.8,216.3,41.0,1036.6,58.2,0.712,39.8,99.6,1.84,14.2,1,21.7,86.8,0,5,0.8308,1
59.1,148.1,34.2,1201.1,48.8,0.016,92.0,71.9,4.31,37.1,3,24.2,78.4,4,5,0.7128,1
113.8,240.4,45.3,1018.0,80.0,0.376,173.6,103.0,1.66,27.0,1,26.2,93.0,2,5,0.9864,1
11.5,33.2,39.1,394.6,31.7,0.069,106.9,89.3,2.18,29.4,1,27.4,57.9,4,0,0.4868,0
65.7,183.0,12.6,1608.5,41.7,0.35,110.2,35.8,7.92,46.5,0,16.4,69.9,2,4,0.2751,0
146.7,407.3,30.8,1816.8,84.4,0.586,158.3,67.3,6.72,76.2,2,17.5,93.8,0,4,0.9423,1
4.4,44.7,15.8,394.7,38.1,0.348,166.3,38.9,10.09,84.6,0,26.7,66.2,2,2,0.075,0
198.1,654.4,30.0,1519.8,77.6,0.466,248.1,71.5,5.35,53.3,0,20.1,99.4,1,5,0.8962,1
61.3,201.3,31.4,488.8,50.2,0.643,335.6,72.7,9.62,80.5,2,29.5,72.0,0,2,0.3195,0
72.0,233.0,26.9,1245.5,51.6,0.27,113.2,56.8,2.4,18.4,0,24.7,80.5,3,5,0.4837,0
286.9,610.8,41.4,947.3,96.9,0.733,63.6,77.8,7.86,53.1,2,19.3,100.0,0,4,0.99,1
42.1,109.5,29.0,708.2,32.2,0.007,242.5,76.3,4.62,28.7,0,21.5,61.9,4,4,0.3956,0
0.8,22.3,12.6,104.1,31.8,0.134,103.5,42.1,17.44,262.9,1,27.4,59.8,3,0,0.0595,0
7.8,48.9,40.8,1489.0,36.1,0.555,268.9,90.9,3.64,53.0,0,14.5,56.9,1,4,0.5351,1
1.8,28.3,42.5,1447.0,40.4,0.284,340.7,85.6,0.73,15.5,1,22.4,61.8,3,5,0.821,1
11.0,59.1,40.0,1208.4,36.4,0.495,199.2,81.2,2.11,33.3,0,18.2,68.2,1,5,0.7681,1
54.3,154.1,28.6,1516.9,48.5,0.262,322.5,65.5,2.28,5.0,0,17.9,69.1,3,5,0.5515,1
63.1,211.8,41.3,825.8,90.9,-0.05,28.1,89.2,1.24,21.6,0,22.8,94.4,4,4,0.9759,1
105.4,281.5,36.8,1498.8,79.2,0.447,46.2,87.7,5.55,83.8,0,19.5,87.5,1,4,0.9286,1
1.3,28.5,27.7,1213.2,36.1,0.119,85.5,71.4,6.78,55.8,1,16.6,57.2,3,4,0.1931,0
0.0,12.9,37.0,1753.4,49.2,0.601,26.9,81.9,7.45,79.6,1,19.6,67.8,0,4,0.4023,0
68.4,186.6,48.6,146.0,52.7,0.009,41.9,97.6,1.07,5.0,2,26.8,80.6,4,4,0.886,1
36.5,133.6,56.2,1371.8,63.4,0.584,300.8,120.0,2.62,22.6,2,19.7,77.4,1,4,0.7179,1
2.5,29.1,5.0,868.0,46.9,0.212,26.9,12.8,12.3,201.4,1,23.4,68.8,3,0,0.0415,0
145.2,443.5,22.2,50.0,78.2,0.221,294.4,63.3,6.24,39.3,0,26.8,92.2,3,2,0.8159,1
135.6,266.2,35.9,465.1,81.2,0.123,149.4,84.2,7.69,47.4,2,22.3,92.2,3,4,0.9649,1
122.1,289.0,21.0,587.3,79.3,0.203,233.3,49.4,4.14,25.2,0,26.6,85.3,3,3,0.83,1
70.8,200.6,30.6,501.8,54.2,0.72,341.0,62.5,10.76,75.9,3,24.3,76.2,0,5,0.4698,0
81.0,229.1,34.7,803.4,54.2,0.571,252.8,78.1,5.57,76.5,2,27.3,77.4,2,4,0.7475,1
91.4,219.3,27.2,1638.7,57.4,0.221,281.7,74.0,6.91,97.8,0,21.8,90.4,3,2,0.3342,0
56.4,145.4,28.2,50.0,79.3,0.231,233.6,70.0,5.04,36.1,0,27.2,77.9,3,2,0.485,0
150.8,423.2,23.0,616.8,90.8,0.513,330.1,81.1,6.21,17.8,0,24.7,100.0,1,4,0.9679,1
11.5,62.0,37.8,409.3,45.6,0.083,182.1,90.7,2.43,27.8,1,26.0,60.1,4,4,0.533,1
36.5,109.6,35.1,1312.4,63.6,0.105,156.7,65.6,5.53,54.9,1,20.8,73.3,3,3,0.6278,1
6.1,32.3,19.8,938.2,37.2,-0.038,210.5,52.2,8.59,62.3,1,21.5,77.7,4,4,0.1643,0
55.7,185.4,28.9,1750.0,52.2,0.604,73.4,67.3,7.89,96.9,0,15.7,74.9,0,4,0.2134,0
16.2,69.2,38.3,496.4,32.9,0.475,228.0,89.7,8.58,83.5,1,27.8,64.4,2,2,0.4016,0
10.6,38.9,36.3,1739.2,33.1,0.256,136.4,89.5,4.42,63.9,3,19.6,56.1,2,0,0.2996,0
66.9,172.1,57.2,1382.7,64.1,0.595,350.2,105.1,1.63,12.2,1,21.4,83.3,1,5,0.8315,1
8.2,52.6,43.8,1167.5,18.8,0.163,315.9,80.2,5.05,46.3,1,20.4,54.6,3,5,0.6571,1
30.7,114.4,44.1,3099.0,58.2,0.437,59.2,86.4,2.99,37.2,1,13.4,69.9,1,5,0.6625,1
128.6,415.2,38.7,1317.7,97.0,0.736,98.2,99.3,3.08,19.8,1,20.6,100.0,0,5,0.99,1
177.5,536.4,23.8,428.9,70.8,0.457,59.6,59.2,9.97,97.9,1,22.5,98.3,2,2,0.8375,1
161.5,316.6,25.0,50.0,97.3,-0.01,193.0,51.9,11.37,117.6,0,30.9,100.0,4,0,0.9023,1
182.7,426.1,37.5,1531.4,76.5,0.447,264.2,78.1,5.65,57.3,1,17.1,92.4,2,4,0.9695,1
151.0,481.4,31.8,107.8,92.6,0.364,66.5,84.3,9.49,108.6,1,25.6,100.0,1,4,0.9627,1
4.6,35.1,35.7,1432.6,26.5,0.599,196.6,76.0,3.89,39.1,1,22.5,67.9,1,4,0.546,1
42.3,146.6,27.7,1200.7,49.4,0.498,345.8,51.5,7.82,68.0,1,22.1,68.5,1,4,0.2123,0
137.4,416.1,41.9,2088.9,86.6,0.634,324.8,105.8,4.81,35.6,0,13.7,100.0,0,4,0.9848,1
14.9,58.6,18.3,990.7,29.6,0.707,134.8,45.9,6.59,77.0,2,22.8,58.9,0,4,0.1455,0
100.5,207.3,32.3,223.8,78.3,0.114,25.1,69.0,2.21,23.7,0,26.6,90.8,4,5,0.9252,1
88.4,294.1,29.5,1478.4,50.0,0.564,134.3,56.8,2.1,47.7,0,19.6,71.0,1,5,0.7114,1
49.1,106.3,32.2,1165.6,49.3,0.428,284.6,86.4,3.45,27.2,0,22.8,62.9,2,4,0.3538,0
25.1,84.0,14.7,1892.9,33.4,0.11,70.0,35.1,5.06,52.8,0,16.8,64.2,3,5,0.2968,0
60.5,147.2,36.4,788.4,58.6,0.483,218.2,68.1,4.89,31.7,1,24.6,71.3,1,4,0.7367,1
7.6,46.2,33.2,1824.9,66.8,0.705,356.2,70.5,5.0,74.6,2,18.9,69.3,0,4,0.3855,0
44.4,132.9,19.7,207.1,56.6,0.507,86.2,38.2,10.39,85.2,0,23.3,74.1,2,2,0.0959,0
22.4,76.7,38.3,552.6,72.3,0.131,144.5,85.9,3.19,29.4,2,24.1,80.2,4,4,0.8372,1
76.8,252.7,33.5,1705.3,52.1,0.335,281.2,77.6,5.57,63.6,0,20.9,82.5,2,5,0.5978,1
28.5,98.2,5.0,165.4,54.7,0.23,73.4,14.8,17.28,264.0,0,29.3,70.0,3,0,0.0696,0
166.2,391.7,30.3,1371.5,76.9,0.187,178.3,69.1,1.61,29.3,0,17.5,95.3,3,5,0.9598,1
9.0,30.0,29.9,285.1,62.3,0.496,139.4,71.3,5.65,100.0,0,26.3,80.5,1,0,0.0756,0
216.6,636.8,33.7,712.1,81.1,0.3,114.7,81.2,3.99,41.4,0,26.7,92.1,1,3,0.9611,1
8.8,38.2,19.0,171.9,30.9,0.474,219.4,43.2,7.46,55.3,1,26.3,59.5,1,0,0.0597,0
16.1,61.1,28.1,50.0,33.9,0.466,312.4,62.2,10.65,99.5,2,23.1,67.8,2,0,0.1076,0
156.8,357.9,39.8,1241.7,84.3,0.862,190.1,79.5,7.55,77.3,0,21.1,91.7,0,4,0.9768,1
153.0,472.5,30.5,1313.5,74.1,0.191,141.9,77.2,3.54,14.7,2,20.6,92.9,3,5,0.9772,1
50.2,160.5,46.6,655.6,51.0,0.503,127.9,102.6,4.46,62.0,2,22.3,73.5,1,4,0.7428,1
147.4,335.6,32.1,1365.9,84.7,0.496,263.8,80.6,3.96,64.2,1,21.2,100.0,1,1,0.9196,1
173.7,443.7,25.3,1463.6,76.7,0.501,227.7,71.5,4.97,76.6,0,18.0,95.0,1,4,0.8975,1
201.0,579.5,31.1,1316.8,88.7,0.189,160.2,69.8,4.33,31.1,1,17.6,96.9,3,5,0.99,1
0.8,12.1,48.6,2406.5,44.8,0.517,355.9,90.5,3.92,18.1,0,14.4,61.7,1,5,0.7296,1
58.7,145.9,23.5,292.3,66.1,0.531,170.5,57.1,8.43,105.3,3,24.5,74.3,1,0,0.1008,0
263.2,570.6,37.3,503.0,90.1,0.006,143.4,82.5,1.89,16.2,0,24.8,100.0,4,1,0.99,1
1.8,20.5,33.4,260.4,29.4,0.56,47.5,76.7,9.99,63.7,0,21.3,60.4,2,2,0.2582,0
192.1,541.9,29.2,1622.6,83.9,0.259,69.5,59.9,3.53,66.7,1,21.4,100.0,3,5,0.9774,1
183.0,388.0,23.8,1385.9,71.7,0.292,293.8,64.6,8.89,132.3,1,21.7,91.3,3,3,0.7992,1
286.8,750.0,42.3,852.2,93.0,0.203,80.1,100.7,3.26,5.0,0,23.2,100.0,3,4,0.99,1
68.4,176.2,38.3,297.5,50.4,0.059,58.5,83.0,4.04,8.4,1,25.8,69.8,4,1,0.7121,1
140.2,343.3,24.2,1458.0,84.8,0.585,10.3,57.5,7.63,62.7,0,22.0,98.5,2,4,0.8295,1
119.2,249.7,25.7,196.9,95.7,0.428,252.2,70.3,11.77,75.1,1,21.4,96.0,2,0,0.7226,1
0.1,19.9,47.2,906.0,31.1,0.543,284.3,106.0,6.54,26.5,2,21.8,54.2,1,4,0.6844,1
114.7,355.1,30.1,1438.9,92.6,0.316,327.5,55.9,4.78,41.6,0,17.6,94.1,2,1,0.9231,1
18.8,44.3,27.9,1562.6,40.3,0.417,295.1,69.5,4.14,41.2,0,13.6,70.6,2,4,0.3225,0
9.4,58.4,14.1,939.9,17.5,0.195,24.4,53.1,16.67,177.3,1,25.0,52.3,3,0,0.0533,0
41.7,133.2,23.8,173.6,48.4,0.416,16.2,62.3,8.93,85.0,0,27.6,67.8,1,5,0.1512,0
47.1,131.9,33.9,1522.3,61.4,0.463,199.9,76.0,4.72,65.7,2,19.1,79.9,1,1,0.3428,0
11.6,52.2,5.6,341.8,45.6,0.454,163.1,29.7,11.8,121.1,0,27.3,67.0,2,2,0.1182,0
75.3,211.9,46.9,1201.6,59.0,0.52,49.9,102.1,1.74,34.5,0,20.4,81.9,1,5,0.8885,1
297.9,652.6,19.0,1434.5,94.0,0.827,324.4,36.6,5.52,78.3,0,23.7,100.0,0,4,0.9295,1
34.4,115.8,42.9,1179.1,59.6,0.35,12.8,83.6,2.57,39.2,1,22.1,74.7,3,4,0.6847,1
9.9,53.4,26.5,1599.6,37.3,0.226,131.6,73.7,3.16,45.2,1,20.6,58.0,3,5,0.3538,0
220.6,445.7,35.7,118.4,90.9,0.419,223.7,89.3,9.45,72.9,1,31.9,100.0,2,3,0.9819,1
81.1,245.5,32.8,1111.1,91.2,0.488,230.7,72.2,3.61,19.7,0,25.1,85.3,1,5,0.923,1
0.7,15.3,34.4,378.8,23.4,0.06,23.6,71.6,2.61,37.7,1,27.2,54.5,4,5,0.6597,1
52.9,161.5,31.8,546.2,55.9,0.593,283.0,65.4,11.92,137.3,1,23.5,75.9,2,2,0.1822,0
35.3,107.5,32.9,677.4,55.0,0.357,354.0,72.7,3.25,22.4,4,24.0,66.6,2,5,0.6715,1
88.5,248.6,28.3,1317.9,53.7,0.086,63.3,53.3,6.89,95.0,2,20.3,72.8,4,4,0.6035,1
24.2,70.8,35.7,64.6,28.1,0.401,295.5,72.9,9.33,105.7,0,24.1,62.0,2,2,0.1866,0
58.5,167.7,39.0,1804.7,59.1,0.394,192.5,83.9,3.63,42.8,1,18.2,82.5,2,5,0.5971,1
104.8,233.2,34.3,1693.9,74.7,0.538,319.5,70.2,3.95,64.6,1,18.2,88.5,1,4,0.8787,1
68.0,214.2,19.3,521.9,68.9,0.274,270.4,49.8,4.67,29.3,1,22.9,78.2,3,4,0.4003,0
33.0,118.3,39.3,537.7,29.9,0.164,340.6,88.3,2.76,5.8,0,28.0,67.9,4,4,0.8097,1
45.8,111.3,16.3,1834.8,53.8,0.809,204.9,35.4,6.68,103.9,0,21.6,67.7,0,4,0.2084,0
337.6,750.0,42.4,600.3,94.3,0.085,30.7,95.4,4.28,16.8,0,28.8,100.0,4,4,0.99,1
42.8,94.4,30.4,1307.6,55.9,0.589,97.3,68.7,1.63,46.5,2,19.1,77.2,1,5,0.4953,0
70.3,125.8,52.1,227.1,57.5,0.108,48.7,118.5,1.46,19.7,1,29.7,75.5,4,2,0.737,1
68.2,209.9,39.7,3077.0,53.6,0.58,9.9,91.3,3.33,49.4,0,9.6,80.6,1,5,0.7537,1
165.5,503.8,30.3,504.3,86.6,0.536,77.3,72.9,5.52,41.9,0,25.9,100.0,1,5,0.9583,1
9.3,44.9,37.8,430.3,48.3,0.275,214.0,86.0,6.51,35.2,1,26.6,72.9,3,4,0.6035,1
23.6,73.3,11.1,186.4,59.2,0.38,157.6,50.7,8.62,117.7,0,18.8,84.6,2,2,0.1439,0
172.2,527.4,43.5,1628.1,74.8,0.531,225.6,93.9,4.38,62.8,0,18.0,96.3,2,5,0.99,1
22.9,75.1,37.4,607.0,24.5,0.48,56.7,77.1,2.14,37.6,1,21.4,61.6,2,4,0.6446,1
50.3,153.7,25.3,850.0,57.8,0.873,269.9,51.0,8.26,43.5,0,25.6,74.8,0,4,0.1259,0
50.7,184.8,23.6,453.1,55.7,0.5,109.4,64.4,9.62,70.0,0,28.0,77.4,1,4,0.1262,0
87.4,243.7,54.8,1303.3,81.6,0.408,120.9,119.2,1.62,30.2,3,22.5,95.8,1,2,0.9647,1
27.0,66.4,8.5,791.2,45.5,0.143,274.6,32.9,15.1,194.4,0,26.5,67.2,3,0,0.0655,0
14.6,47.5,35.4,2072.1,30.5,0.85,244.3,79.7,3.8,54.7,0,19.5,66.0,0,4,0.2961,0
196.4,591.3,47.4,1104.0,80.2,0.202,70.4,104.3,3.16,47.1,2,20.3,100.0,3,1,0.99,1
14.9,69.5,29.0,232.4,33.9,0.316,21.1,66.4,13.94,97.1,0,27.0,64.3,2,0,0.0938,0
91.5,286.0,39.5,1435.7,73.1,0.745,282.4,95.1,3.49,53.9,1,21.2,94.8,0,4,0.8952,1
62.9,202.9,41.7,304.9,69.1,0.184,320.4,95.8,2.29,5.0,1,29.5,82.6,4,4,0.9173,1
2.0,22.0,18.3,565.3,27.2,-0.023,323.5,56.1,12.41,119.8,1,28.7,61.7,4,2,0.1285,0
172.6,341.7,35.4,1131.4,77.6,0.308,3.3,81.5,4.0,78.3,1,25.6,100.0,2,4,0.9604,1
2.9,32.1,36.5,1219.6,27.5,0.381,124.9,80.2,4.27,33.1,2,19.9,59.0,2,4,0.7057,1
37.0,95.3,36.0,3166.4,27.8,0.59,241.1,91.9,1.66,21.7,2,9.6,63.8,1,5,0.7475,1
82.4,236.0,33.8,1598.9,66.1,0.139,178.2,75.7,4.83,54.1,0,19.6,84.0,3,5,0.7319,1
314.1,689.5,45.4,537.4,92.0,0.136,325.5,96.3,2.52,19.9,2,23.8,100.0,4,4,0.99,1
63.8,168.8,33.9,559.1,55.9,0.152,306.3,68.4,8.43,80.7,1,25.8,71.0,4,4,0.5745,1
174.8,482.2,30.2,50.0,80.1,0.257,0.2,71.1,7.15,5.0,3,28.3,97.0,3,2,0.9631,1
181.2,532.1,36.6,488.0,69.1,0.008,26.6,92.5,4.02,26.1,1,28.6,95.0,4,4,0.9744,1
0.0,27.5,32.4,1339.2,35.9,0.296,144.2,63.9,6.67,42.9,1,22.0,69.9,2,4,0.3058,0
2.9,27.2,32.9,461.0,31.1,0.479,242.5,76.1,11.29,80.2,0,27.2,56.2,1,0,0.1234,0
86.7,194.2,30.6,212.0,58.3,0.202,322.3,75.5,2.43,30.0,1,28.8,78.1,3,4,0.6547,1
131.9,422.1,27.2,342.4,92.2,0.443,64.0,73.5,7.89,64.3,1,25.3,90.1,1,4,0.9463,1
76.1,260.5,39.5,1617.5,50.4,0.407,186.0,105.7,3.5,36.6,3,20.5,71.7,2,5,0.8071,1
43.1,104.5,33.6,1363.9,60.6,0.357,46.5,80.9,4.83,30.1,0,17.4,87.4,2,4,0.3464,0
45.6,136.3,33.8,1398.5,48.8,0.465,195.6,71.5,5.31,52.4,0,22.2,73.1,1,4,0.5356,1
102.5,318.5,55.2,1616.3,47.1,0.541,7.9,109.0,5.41,47.9,0,19.2,85.1,1,4,0.8984,1
45.2,128.8,45.7,1981.0,57.2,0.767,79.5,86.8,1.14,51.3,4,16.2,75.8,0,4,0.8079,1
237.4,699.4,49.7,979.0,100.0,0.601,258.8,100.1,5.65,67.3,0,26.9,100.0,0,1,0.99,1
182.4,577.6,29.4,1543.8,83.3,0.726,146.8,71.6,7.41,98.5,0,19.3,100.0,0,4,0.9559,1
18.1,76.6,24.6,301.4,30.7,0.27,101.1,45.2,7.22,83.4,3,22.6,67.2,2,2,0.1804,0
77.9,195.0,41.1,891.6,63.5,0.414,99.2,89.0,3.38,18.2,0,26.0,85.7,1,2,0.825,1
143.1,306.5,33.1,626.1,85.2,0.32,359.0,81.2,7.06,58.2,4,24.1,94.0,3,4,0.9803,1
181.6,562.8,32.5,1108.6,83.8,0.588,264.3,78.6,3.26,49.1,4,21.4,100.0,0,3,0.9536,1
80.4,212.9,41.6,2426.6,69.3,0.856,279.9,94.3,3.8,49.3,0,12.9,82.0,0,3,0.5536,1
56.8,149.6,35.7,720.2,57.8,0.522,30.9,80.6,5.19,23.6,2,22.5,67.1,1,3,0.5965,1
5.6,23.1,44.6,1346.3,20.0,0.65,141.3,83.0,3.83,34.1,1,21.6,52.7,1,4,0.5956,1
66.8,161.1,32.0,854.7,31.1,0.446,44.5,79.6,4.21,53.9,1,21.4,61.0,1,4,0.3517,0
49.3,140.3,44.5,2892.6,56.1,0.339,0.4,85.0,0.51,36.4,3,12.5,75.9,1,5,0.9042,1
1.0,38.7,32.5,104.0,41.2,0.49,278.1,84.2,9.53,88.1,0,29.7,62.4,1,3,0.1494,0
141.6,456.7,24.0,1410.1,82.1,0.471,178.4,54.8,7.94,46.4,0,20.7,92.1,1,4,0.9306,1
168.1,401.8,24.9,563.5,76.7,0.155,98.1,56.9,3.46,8.0,0,24.3,98.5,4,4,0.9495,1
73.7,174.5,49.0,1210.7,66.8,0.665,252.1,101.2,2.03,27.1,0,23.4,86.7,0,4,0.8937,1
43.6,119.9,41.1,2037.5,54.2,0.793,184.5,80.5,2.33,28.6,2,22.3,82.0,0,4,0.7186,1
40.1,159.8,40.5,1076.6,19.6,0.507,52.6,97.3,7.02,61.0,1,21.7,48.4,1,4,0.7277,1
94.0,269.2,40.4,1783.2,73.2,0.48,49.0,78.6,3.26,29.7,0,15.7,81.2,2,5,0.9212,1
143.8,290.4,32.4,1739.4,78.3,0.172,258.6,69.1,5.29,58.4,1,19.9,88.9,3,3,0.9644,1
174.6,474.3,45.8,2607.5,91.8,0.652,356.2,79.5,2.21,10.9,1,12.6,100.0,0,5,0.99,1
129.1,300.7,48.5,712.6,77.4,0.05,152.0,107.3,2.34,15.2,0,30.5,90.9,3,4,0.9842,1
32.0,92.0,27.6,944.3,58.9,0.583,351.0,56.8,4.62,19.2,0,22.0,77.6,1,4,0.2227,0
17.5,39.4,30.5,1140.3,53.5,0.55,6.3,87.0,3.75,32.7,2,25.3,67.1,1,5,0.4391,0
160.4,350.1,25.3,1379.2,81.1,0.448,89.2,65.5,8.88,71.4,0,23.7,97.8,1,4,0.8957,1
54.9,149.4,36.4,1246.8,69.2,0.545,168.3,71.1,2.01,24.1,2,23.3,84.1,1,5,0.7828,1
295.9,750.0,16.1,398.3,93.5,0.425,56.7,37.0,8.08,123.5,1,21.9,100.0,2,2,0.925,1
171.6,341.9,51.7,1622.9,88.0,0.3,305.2,98.8,2.09,10.9,2,20.2,100.0,1,5,0.99,1
51.4,107.5,31.0,687.8,59.5,0.098,41.6,63.9,4.32,60.7,1,26.5,80.4,4,4,0.4892,0
219.3,436.5,33.9,1602.5,90.4,0.394,183.0,65.9,4.53,64.2,1,18.6,100.0,2,4,0.9795,1
174.0,520.7,42.9,1191.8,76.2,0.44,33.1,95.1,2.89,12.6,1,21.6,95.4,1,5,0.99,1
101.7,265.3,32.8,1182.2,39.3,0.65,69.9,76.8,4.89,43.7,0,23.0,74.3,1,4,0.6975,1
276.8,720.3,7.6,50.0,89.1,0.113,272.9,36.8,16.8,254.5,1,30.8,100.0,3,0,0.9049,1
54.7,139.7,29.8,627.9,63.5,0.424,278.0,60.9,3.32,34.1,1,27.9,86.2,2,4,0.3892,0
7.1,48.0,41.5,1516.5,39.5,0.624,191.1,81.3,4.95,84.1,0,18.8,64.5,0,4,0.4327,0
52.7,188.8,35.3,1342.1,56.2,0.395,305.8,70.1,2.78,39.8,5,18.4,73.9,1,5,0.8326,1
85.1,266.8,37.6,1187.5,78.4,0.34,151.2,81.8,2.51,39.4,1,18.5,93.7,1,5,0.9464,1
11.5,35.6,42.3,1230.0,26.2,0.496,15.2,85.9,5.38,16.4,2,19.2,59.5,1,4,0.7256,1
248.9,719.4,49.0,1554.0,89.3,0.418,279.6,102.4,3.33,34.4,2,19.4,100.0,1,5,0.99,1
161.2,532.3,42.7,2438.6,84.5,0.797,359.7,93.9,4.28,38.5,1,15.6,100.0,0,4,0.9806,1
70.2,193.6,34.8,1411.4,21.1,0.52,328.2,74.9,6.76,50.8,1,21.8,55.5,2,4,0.6963,1
15.2,75.9,35.7,926.2,46.0,0.384,111.3,70.1,2.69,5.0,1,23.2,70.0,2,2,0.5911,1
225.0,714.7,9.1,531.1,95.0,0.35,269.7,35.1,15.49,208.0,0,24.3,100.0,3,0,0.8663,1
156.6,471.6,31.3,370.3,87.9,0.192,82.1,71.8,2.99,41.0,1,24.0,100.0,4,4,0.9774,1
252.9,545.3,43.8,1315.1,97.4,0.494,290.9,102.7,2.99,32.9,1,19.8,100.0,1,5,0.99,1
2.2,36.6,11.9,539.8,17.9,0.105,296.2,22.9,18.08,250.9,0,23.3,57.7,3,0,0.0628,0
131.1,382.5,21.1,50.0,82.9,0.257,80.7,63.3,8.24,109.1,0,29.3,96.7,2,2,0.7149,1
13.9,49.7,33.0,1307.4,30.4,0.114,100.4,73.2,1.24,21.6,2,22.0,56.4,3,4,0.646,1
175.3,446.9,40.6,2166.4,89.2,0.816,203.0,85.2,2.07,31.0,0,16.6,96.7,0,5,0.99,1
190.0,463.8,28.3,2460.1,81.1,0.625,356.3,69.0,2.14,32.3,0,13.1,100.0,0,5,0.9753,1
11.4,38.5,38.5,719.8,27.3,0.658,233.9,79.7,6.5,39.9,2,22.9,62.7,0,4,0.5145,1
51.8,172.3,39.2,2668.1,59.2,0.606,260.5,82.1,4.58,52.1,1,13.4,89.2,0,5,0.6514,1
41.4,156.3,34.6,1425.7,57.1,0.504,119.9,71.6,7.37,73.9,1,23.2,65.1,1,4,0.5211,1
2.9,28.0,22.1,1214.9,22.9,0.739,243.3,66.3,4.43,74.2,0,25.0,56.3,0,4,0.092,0
48.7,129.0,48.7,1292.2,50.1,0.456,210.9,92.5,2.13,35.5,0,22.0,77.2,1,5,0.74,1
130.0,383.8,26.3,614.6,84.0,0.47,250.3,60.7,4.95,44.2,0,22.8,100.0,1,4,0.9203,1
21.2,66.3,5.0,391.6,35.7,0.181,302.4,25.3,18.89,244.3,1,26.9,58.6,3,0,0.0415,0
27.7,84.3,40.5,514.8,63.0,0.05,0.5,91.7,3.78,9.7,0,28.3,77.7,3,5,0.7393,1
2.6,25.7,36.9,1539.1,30.3,0.132,285.8,91.7,7.31,131.2,1,24.3,53.2,3,2,0.4371,0
91.4,283.1,31.9,1254.5,57.8,0.377,80.5,80.4,8.0,100.0,2,20.8,74.1,1,4,0.5334,1
65.0,158.4,32.1,678.6,55.1,0.092,242.8,69.3,3.32,46.3,0,23.3,73.1,4,4,0.4274,0
5.3,34.4,10.1,50.0,47.0,0.028,287.4,27.8,18.3,261.4,0,29.6,65.6,4,0,0.0407,0
110.1,265.6,41.9,2473.1,80.4,0.756,22.8,87.2,5.03,40.5,1,16.7,99.7,0,5,0.9669,1
28.1,104.7,33.2,575.8,53.7,0.017,227.1,78.5,3.09,16.8,0,23.2,72.7,4,5,0.5077,1
149.0,358.2,30.1,1131.3,75.6,0.562,355.3,76.3,7.93,59.7,0,23.8,95.2,1,4,0.9172,1
153.2,424.7,34.8,1472.5,90.9,0.491,91.9,85.0,5.25,41.1,0,21.6,87.4,1,4,0.9763,1
89.0,180.7,34.0,1128.7,59.5,0.659,188.1,87.8,7.98,96.9,0,19.3,74.8,0,4,0.5825,1
30.2,87.1,44.6,1452.4,66.1,0.504,328.1,85.8,4.97,34.3,1,20.7,83.5,1,4,0.8089,1
33.3,118.8,29.7,1749.1,31.6,0.05,256.2,74.9,8.04,112.4,1,21.1,62.6,3,4,0.2353,0
65.4,176.1,34.3,1525.7,73.7,0.122,292.9,76.6,3.29,7.1,1,16.9,73.8,3,5,0.8551,1
46.6,126.0,26.8,376.0,58.8,0.188,356.5,71.4,4.54,69.3,0,23.5,79.5,3,4,0.2234,0
261.1,690.9,27.6,501.2,89.7,0.036,219.9,57.9,3.61,19.4,0,24.7,100.0,4,4,0.9895,1
111.6,272.1,24.4,400.1,75.4,0.388,328.8,57.4,8.44,84.1,0,23.9,96.8,1,0,0.4139,0
42.7,117.0,32.4,307.3,61.9,0.405,87.9,75.4,11.77,97.2,1,26.4,69.5,2,0,0.2944,0
139.2,386.7,31.6,292.5,82.0,0.269,200.9,79.6,8.2,20.5,1,23.8,99.7,3,2,0.9414,1
218.7,649.9,30.0,467.9,82.9,0.25,213.4,72.0,7.01,91.3,3,26.0,100.0,2,2,0.9649,1
220.0,519.8,25.8,1214.9,95.2,0.168,225.6,76.0,7.89,52.1,0,22.6,100.0,3,4,0.975,1
164.3,520.4,37.6,275.1,84.4,0.198,177.4,87.1,1.79,10.6,1,23.5,98.6,4,5,0.988,1
0.8,9.6,5.0,945.6,33.8,0.314,297.2,31.4,15.72,202.6,1,19.1,56.5,3,2,0.0783,0
72.1,172.1,49.5,135.1,54.2,-0.003,73.3,97.9,1.43,28.1,4,29.2,79.8,4,4,0.9549,1
196.1,400.4,27.9,1359.5,88.6,0.173,99.9,72.2,9.15,114.6,1,24.1,100.0,3,2,0.927,1
205.9,676.2,32.7,1432.1,91.1,0.578,239.9,65.6,6.0,48.1,1,21.6,100.0,1,4,0.9715,1
63.0,193.7,34.5,904.4,58.9,0.168,86.7,84.3,0.99,37.9,1,25.4,74.9,4,5,0.7086,1
28.4,100.5,16.6,1438.1,41.9,0.177,233.2,42.6,9.73,111.0,1,17.9,69.4,3,2,0.1191,0
56.0,170.4,28.9,53.3,68.4,0.056,211.2,55.5,4.11,23.4,0,26.4,74.9,4,4,0.4823,0
57.4,197.1,22.8,398.2,56.5,0.262,252.7,56.2,8.59,99.3,1,26.2,85.5,3,4,0.289,0
37.0,121.3,34.8,1346.2,13.0,0.501,7.8,85.9,7.92,58.6,0,21.3,47.7,1,4,0.4182,0
30.8,139.6,41.6,1237.1,53.5,0.607,163.1,95.9,3.34,62.7,0,19.7,66.8,0,4,0.5887,1
21.1,66.0,30.6,1753.9,46.4,0.539,338.8,70.1,5.3,43.7,0,17.2,65.6,1,4,0.3009,0
62.4,167.2,14.1,216.0,58.6,0.469,42.7,52.4,11.17,93.2,0,29.5,82.9,2,0,0.0744,0
160.1,377.7,30.4,1418.1,88.5,0.441,142.2,72.7,3.58,15.1,1,19.6,98.8,2,4,0.9727,1
2.5,28.3,17.3,50.0,44.8,0.387,16.0,57.4,12.27,112.7,1,27.6,70.1,2,0,0.0682,0
231.2,715.4,9.4,642.3,95.7,0.14,83.8,32.0,15.38,198.5,0,29.8,100.0,3,0,0.8993,1
74.4,195.8,43.3,1017.7,59.3,0.113,216.8,83.8,1.36,5.0,0,22.9,76.4,3,4,0.8564,1
69.1,185.3,28.5,1378.1,66.9,0.489,24.6,67.2,0.65,15.6,1,18.4,76.0,1,5,0.7305,1
11.6,34.4,27.8,578.2,33.6,0.483,328.8,69.8,9.51,100.6,0,24.9,60.5,1,4,0.2226,0
153.9,496.4,35.8,1937.7,80.8,0.814,265.1,72.3,3.91,17.4,1,17.6,91.6,0,4,0.99,1
155.8,397.8,38.8,1321.5,91.8,0.505,322.9,75.2,1.85,46.3,1,19.1,95.5,1,5,0.99,1
46.2,122.2,28.0,719.0,48.8,0.141,306.1,59.9,1.26,5.0,1,22.7,69.6,4,5,0.6518,1
0.4,3.7,36.2,1310.1,31.2,0.445,322.1,76.5,4.17,42.7,0,21.2,62.1,2,4,0.407,0
113.4,263.4,32.0,1575.5,81.7,0.522,250.7,69.3,8.36,82.5,1,19.3,88.0,1,4,0.8536,1
60.5,193.7,31.7,173.4,59.4,0.38,63.4,69.3,7.32,78.6,0,27.4,83.3,1,2,0.4221,0
12.8,49.3,34.0,1490.9,37.7,0.281,299.2,68.6,2.41,39.6,0,21.6,64.6,2,4,0.4577,0
0.3,22.7,40.1,1400.6,30.4,0.357,154.8,106.0,2.23,57.4,2,18.2,59.5,2,5,0.5936,1
30.8,122.2,45.2,3231.4,47.7,0.3,192.3,106.7,4.67,35.9,1,12.8,75.0,1,1,0.6154,1
4.2,28.0,42.7,1207.2,26.9,0.662,54.9,97.9,2.95,48.9,2,24.3,54.2,0,5,0.6361,1
249.7,541.5,43.4,1488.2,87.4,0.382,329.7,85.5,4.38,5.5,1,15.8,100.0,1,5,0.99,1
154.6,358.6,43.6,1687.7,79.4,0.213,355.1,96.6,3.74,13.5,0,17.8,100.0,3,1,0.982,1
56.8,127.2,40.1,1355.9,43.2,0.204,263.2,83.2,4.02,22.5,1,23.1,62.2,3,4,0.7071,1
11.9,44.4,28.7,1598.9,52.2,0.216,317.2,66.3,3.53,46.9,1,20.6,65.6,3,5,0.3737,0
32.8,129.5,49.4,1336.2,35.9,0.477,197.0,88.0,6.18,73.4,0,19.5,58.5,1,4,0.6435,1
11.7,48.0,37.7,1353.3,35.2,0.378,71.7,86.4,4.11,39.1,1,20.4,62.5,1,4,0.5674,1
292.5,569.4,35.6,1854.7,90.2,0.208,188.3,79.2,2.14,37.7,4,19.4,100.0,3,5,0.99,1
47.1,168.5,38.2,1411.8,48.6,-0.011,154.7,91.8,3.07,16.4,0,20.0,69.6,4,5,0.754,1
73.7,230.9,33.7,50.0,61.5,0.306,84.3,89.5,5.76,110.8,1,25.7,83.1,1,0,0.2473,0
135.4,318.1,33.4,174.9,83.2,0.473,175.5,72.4,6.32,76.1,1,25.5,94.8,1,0,0.9109,1
53.4,146.2,53.5,502.5,49.9,0.129,168.6,110.8,2.85,10.4,2,22.9,74.0,4,4,0.8444,1
136.6,451.8,27.1,507.4,83.6,0.51,264.6,52.0,9.8,125.4,0,25.8,95.5,2,2,0.8707,1
44.8,144.5,40.4,2924.5,57.0,0.495,344.2,86.4,3.4,31.4,2,12.2,72.4,1,5,0.7282,1
5.8,45.7,16.6,155.3,24.0,0.386,332.8,37.1,11.4,88.5,0,25.7,55.6,2,2,0.1053,0
211.4,669.5,32.1,329.1,97.8,0.31,218.8,79.1,13.27,77.3,0,28.3,100.0,2,0,0.9436,1
50.5,150.6,32.9,1032.0,66.1,0.319,84.7,66.1,6.28,46.8,2,27.1,77.7,1,4,0.6907,1
0.6,34.5,41.3,1297.0,35.0,0.576,2.3,89.0,2.61,33.5,0,24.4,63.6,1,5,0.6297,1
236.8,750.0,30.3,763.7,74.8,0.568,25.6,72.5,8.92,72.1,1,23.9,100.0,1,4,0.9465,1
314.0,750.0,32.8,1367.9,85.7,0.134,247.0,66.2,4.4,56.9,1,22.9,100.0,3,5,0.99,1
36.8,99.5,40.4,1092.6,56.6,0.326,294.9,86.9,5.14,53.4,4,18.9,71.3,2,2,0.4912,0
70.6,242.2,34.2,1485.8,70.2,0.612,330.6,76.5,2.4,28.3,2,22.0,84.9,0,5,0.8069,1
18.5,52.2,38.6,1781.7,48.2,0.127,62.2,89.8,4.09,42.9,0,18.8,59.0,3,5,0.6436,1
68.9,166.4,30.0,167.4,60.0,0.448,103.2,60.1,10.45,123.3,1,28.1,77.4,2,2,0.2023,0
101.0,344.2,10.9,194.9,81.7,0.355,320.9,42.3,19.67,251.4,0,25.9,94.5,2,1,0.4749,0
4.7,34.3,40.1,699.7,27.0,0.349,23.5,94.1,3.21,52.3,0,25.3,62.6,1,4,0.421,0
40.8,117.1,31.2,1741.4,63.0,0.112,132.2,63.1,2.71,40.1,0,21.7,76.4,3,5,0.5363,1
162.5,429.0,43.7,1963.9,87.1,0.451,120.9,106.0,3.93,40.4,2,17.8,100.0,2,5,0.99,1
223.9,499.1,22.8,1337.6,97.3,0.111,238.5,58.8,2.82,29.0,1,22.0,100.0,4,5,0.99,1
137.9,441.3,30.4,1892.8,85.3,0.108,303.3,67.5,1.72,59.1,0,14.9,97.2,3,5,0.9764,1
136.6,366.9,39.7,2803.2,76.7,0.411,347.9,92.5,1.1,18.8,1,8.8,83.2,1,5,0.983,1
41.5,139.4,29.7,1453.5,54.2,0.299,277.4,57.3,4.41,84.8,0,16.0,83.9,2,4,0.2786,0
3.4,26.6,33.8,1386.0,71.6,0.383,256.8,75.6,3.81,5.0,1,18.4,67.8,2,5,0.6993,1
101.7,283.4,47.4,2984.7,79.2,0.459,287.1,100.0,2.38,44.0,0,7.9,89.2,2,5,0.9697,1
18.9,69.0,27.3,1716.6,27.0,0.195,342.2,71.6,4.26,35.8,0,20.8,68.7,3,5,0.2973,0
7.1,26.3,13.6,981.3,56.1,0.211,349.1,53.3,16.42,195.2,0,17.9,75.2,3,0,0.078,0
161.3,374.3,25.8,834.3,90.5,0.761,349.4,71.3,6.19,84.6,1,24.2,99.2,0,4,0.9548,1
43.7,130.9,45.5,254.4,65.6,0.037,67.4,89.3,2.89,39.5,5,30.6,84.8,4,4,0.9259,1
49.1,182.3,48.3,3109.5,54.4,0.059,239.7,97.1,3.41,15.2,2,12.2,71.9,3,5,0.809,1
5.7,25.2,29.1,1408.4,49.7,0.547,235.4,74.9,2.86,61.2,0,18.6,70.7,2,5,0.3115,0
241.0,669.1,35.9,1171.5,95.7,0.791,153.8,74.4,6.85,67.6,4,24.8,100.0,0,5,0.99,1
28.3,85.5,13.5,381.9,38.3,0.613,155.0,40.7,9.75,113.8,0,27.1,68.9,1,3,0.0644,0
161.6,431.5,23.1,1575.0,91.8,0.501,219.5,63.8,4.09,52.8,2,17.5,100.0,2,4,0.9624,1
80.1,226.3,27.4,50.0,79.8,0.625,10.1,65.3,9.9,106.1,0,26.2,86.1,1,4,0.4903,0
264.6,619.6,39.9,1638.0,87.8,0.22,130.0,92.5,2.39,24.9,3,22.9,100.0,4,5,0.99,1
15.3,57.4,28.5,1537.4,40.5,0.729,1.9,67.6,5.77,70.1,0,21.8,69.2,0,4,0.1927,0
169.1,439.6,36.4,2174.4,77.5,0.137,246.4,85.1,2.65,61.5,1,17.5,97.1,4,5,0.9687,1
46.6,157.6,40.7,1306.1,72.4,0.638,78.6,88.9,4.76,47.5,2,20.8,89.4,0,4,0.7053,1
6.3,20.5,37.1,2249.4,25.1,0.711,166.6,87.6,6.35,64.0,0,13.5,57.2,0,4,0.3294,0
77.6,262.9,29.3,905.4,52.3,0.215,355.2,76.1,8.56,72.0,2,25.1,83.1,3,2,0.5157,1
50.5,171.3,33.6,1332.9,63.4,0.136,160.9,81.9,3.93,26.0,0,23.2,75.1,4,5,0.6511,1
4.1,32.7,21.6,979.9,42.6,0.477,223.5,45.7,4.25,87.9,0,20.4,64.0,2,4,0.1384,0
55.6,151.8,45.7,1415.2,38.3,0.376,182.8,96.5,6.02,22.0,1,22.3,76.1,1,4,0.7637,1
123.6,413.6,34.7,1610.7,77.8,0.099,294.9,85.1,8.82,62.8,1,18.3,95.0,4,4,0.9652,1
7.1,37.0,5.0,242.3,42.6,0.103,274.9,33.9,17.34,292.0,0,27.4,64.0,3,2,0.0492,0
77.1,271.7,31.4,637.7,58.4,0.159,28.4,79.0,4.8,39.2,1,27.1,76.8,4,4,0.711,1
171.2,515.4,44.8,1270.9,80.4,0.662,121.4,92.2,2.22,31.5,3,24.4,100.0,0,5,0.99,1
44.8,157.2,30.1,469.2,59.6,0.116,317.3,71.5,1.62,16.3,1,24.5,75.1,4,4,0.5171,1
28.6,68.3,38.3,762.7,68.3,0.072,102.3,82.6,2.72,8.1,2,22.9,79.5,4,4,0.8132,1
195.8,587.7,34.4,1545.3,85.7,0.447,197.1,75.1,3.81,43.7,1,22.5,100.0,1,4,0.9798,1
113.7,365.9,29.1,818.8,77.8,0.506,76.4,57.6,6.96,72.5,0,28.1,94.6,1,4,0.8206,1
28.2,94.9,37.8,1373.2,30.1,0.283,234.4,80.6,4.91,33.4,0,18.9,63.2,2,4,0.5113,1
113.9,253.2,27.6,1571.8,84.2,0.232,303.1,57.1,6.51,39.0,0,14.4,96.5,3,5,0.7972,1
105.6,237.5,36.0,1544.5,94.8,0.26,10.5,77.8,3.12,44.3,0,22.2,98.7,3,5,0.9641,1
144.9,455.4,44.3,673.9,91.4,0.072,207.8,98.9,1.46,41.8,2,23.7,97.2,4,5,0.99,1
25.1,87.0,24.5,308.1,53.2,0.381,298.2,64.4,8.44,83.9,0,28.5,67.1,1,4,0.1566,0
35.3,80.2,41.0,1520.4,51.3,0.522,267.4,82.6,6.15,50.9,2,16.2,72.3,0,4,0.575,1
26.3,82.9,37.5,1344.6,61.1,0.451,281.2,95.1,5.12,31.7,2,14.5,83.8,2,4,0.571,1
266.7,575.6,39.4,1325.3,93.0,0.116,97.8,92.7,5.76,18.1,1,22.5,100.0,4,1,0.99,1
3.2,29.9,58.0,2888.1,41.7,0.688,330.5,120.0,1.1,25.6,0,8.2,60.1,0,5,0.7032,1
54.9,145.6,32.7,1514.6,41.9,0.88,1.7,66.1,5.92,87.5,0,24.3,65.9,0,2,0.194,0
12.4,42.9,42.0,229.1,46.8,0.638,156.0,88.0,1.57,30.5,1,28.3,72.9,1,4,0.6514,1
38.8,130.7,37.3,1387.5,41.2,0.051,53.7,73.3,3.41,45.9,1,20.3,54.8,4,4,0.4991,0
60.3,148.9,37.8,1919.5,58.2,0.098,80.5,85.0,4.34,52.8,2,17.6,78.4,3,5,0.6787,1
45.2,111.1,38.4,1369.3,55.9,0.645,355.7,83.4,3.6,33.6,1,17.5,72.2,1,5,0.6652,1
19.9,76.1,36.2,1612.2,60.8,0.417,296.4,90.8,5.05,41.6,1,19.8,76.9,1,3,0.5229,1
8.0,30.0,36.6,1263.2,27.5,0.561,157.9,64.7,3.27,32.5,1,19.7,56.8,1,5,0.4386,0
108.2,260.1,42.5,2266.5,89.2,0.656,303.5,93.9,0.98,44.3,3,17.0,95.4,0,5,0.979,1
21.6,88.6,43.3,2494.7,53.0,0.147,327.3,85.5,4.03,5.0,3,14.7,75.2,3,5,0.7448,1
21.8,79.5,43.6,1640.6,31.2,0.263,117.7,103.3,3.45,51.1,0,19.9,69.8,3,5,0.6659,1
49.4,136.1,28.6,895.0,54.2,0.589,81.3,76.9,8.2,71.3,0,19.8,73.1,0,2,0.2176,0
10.9,50.8,20.2,175.0,43.8,0.515,111.7,48.7,8.66,86.2,1,26.8,61.8,2,2,0.1611,0
115.9,263.2,43.2,259.4,83.7,0.203,294.1,107.2,3.64,10.0,3,30.3,93.7,3,4,0.99,1
195.3,514.9,33.8,592.2,91.1,0.6,193.5,78.7,10.69,111.7,4,26.5,100.0,2,2,0.9831,1
61.7,141.4,24.9,1208.2,73.4,0.419,215.3,58.6,5.57,54.4,0,24.3,87.6,1,4,0.3297,0
68.0,178.1,7.8,726.6,48.6,0.208,163.1,29.4,16.25,196.3,0,22.5,66.3,3,0,0.0582,0
12.7,47.5,34.3,1393.4,42.2,0.305,194.8,68.4,2.99,98.6,2,17.9,68.4,2,4,0.4539,0
156.0,397.0,30.1,965.3,80.5,0.774,64.0,87.0,4.36,77.6,0,25.8,91.0,0,4,0.957,1
40.6,97.2,45.1,50.0,53.2,0.078,160.2,92.5,2.65,10.9,1,28.5,63.9,4,4,0.8033,1
71.0,220.1,39.3,1501.5,57.0,0.391,327.6,82.8,4.33,39.6,0,23.1,84.6,1,4,0.6846,1
165.1,493.6,14.0,51.1,77.7,0.642,142.4,52.2,8.39,84.0,0,26.0,85.8,1,3,0.792,1
156.6,365.1,30.5,1708.7,81.1,0.418,175.9,84.6,6.68,72.8,0,19.8,93.5,2,4,0.9148,1
108.4,341.1,33.6,1316.9,72.9,0.484,343.4,72.2,1.9,20.3,0,24.1,88.8,2,5,0.9504,1
237.4,555.6,32.7,1615.5,93.5,0.33,206.0,60.0,8.86,106.8,0,12.1,100.0,3,2,0.9679,1
21.3,89.9,44.3,496.2,14.1,0.051,199.2,97.1,3.23,10.7,4,24.1,58.9,4,5,0.9015,1
176.4,461.6,35.5,842.7,91.4,0.737,53.5,76.9,6.16,61.5,2,21.7,100.0,0,4,0.9888,1
82.0,183.7,28.7,2274.2,76.9,0.637,113.2,54.8,4.94,36.3,0,16.1,93.1,0,4,0.5627,1
23.9,86.8,34.3,2222.5,27.7,0.309,106.0,75.5,5.3,69.1,2,14.1,57.4,3,5,0.4779,0
9.9,38.8,28.6,1220.6,32.6,0.75,159.4,70.2,4.11,67.2,0,22.6,69.0,0,4,0.2555,0
2.4,38.0,38.4,1635.9,32.0,0.374,155.1,74.3,6.99,74.5,2,21.7,57.2,2,4,0.3988,0
30.6,104.1,39.9,715.0,51.5,0.188,81.8,94.8,2.15,13.8,2,26.4,71.0,4,4,0.7571,1
15.3,46.8,47.3,1402.4,19.0,0.45,13.2,99.2,1.59,39.4,5,21.1,62.9,1,4,0.8125,1
261.5,671.2,15.3,1662.3,89.6,0.396,185.9,52.9,3.77,72.8,0,20.9,100.0,2,4,0.9658,1
0.2,21.7,37.9,825.9,38.3,0.052,219.0,91.1,2.42,36.4,0,22.6,58.7,4,2,0.4962,0
45.1,143.4,21.4,1108.6,34.5,0.307,27.8,49.2,5.67,35.9,0,25.2,64.1,1,4,0.321,0
22.9,77.0,36.4,1529.4,32.9,0.25,74.8,72.5,3.37,33.0,0,23.7,67.8,2,4,0.4752,0
1.6,40.8,24.5,1858.1,44.0,0.695,243.6,69.9,7.02,74.7,0,17.9,71.7,0,4,0.111,0
60.0,146.8,24.8,1094.4,59.1,0.441,144.0,56.5,4.81,74.9,0,23.5,83.5,2,4,0.2906,0
11.1,59.4,5.2,768.6,30.9,0.158,274.3,30.6,14.49,203.9,0,23.8,55.6,3,0,0.0356,0
10.9,42.5,30.1,1315.9,37.5,0.269,92.9,74.1,2.44,67.5,2,22.4,61.8,2,5,0.4635,0
213.3,433.6,58.0,1248.9,93.1,0.526,213.4,106.2,6.83,40.5,2,22.5,100.0,1,4,0.99,1
15.5,48.2,31.0,1348.4,29.9,0.526,359.1,71.0,3.81,45.2,1,19.6,62.5,1,4,0.5475,1
18.4,61.7,32.9,213.5,26.8,0.248,233.5,78.1,8.07,39.3,1,31.1,61.8,3,2,0.3067,0
145.4,431.7,34.3,1601.1,90.7,0.402,128.1,77.2,6.98,42.4,0,18.4,97.3,2,4,0.9752,1
74.2,198.8,41.3,1208.5,56.3,0.122,55.5,89.4,3.34,15.8,1,22.9,75.1,3,5,0.8858,1
37.7,108.6,38.6,1017.2,70.7,0.228,346.3,97.7,5.3,5.0,3,24.4,79.4,3,4,0.726,1
168.6,315.9,35.6,1302.0,80.4,0.552,175.1,81.7,5.7,72.6,0,21.2,100.0,2,4,0.9435,1
18.2,55.7,24.5,1175.1,45.1,0.65,120.1,60.2,0.5,5.0,1,19.3,59.2,1,5,0.4688,0
63.8,195.7,31.7,726.0,70.5,-0.021,341.4,63.5,0.5,5.0,3,26.4,86.0,4,5,0.9321,1
77.6,228.2,34.2,2285.1,51.8,0.802,70.6,67.9,5.0,46.8,2,17.7,74.8,0,5,0.7123,1
166.7,544.7,22.5,726.2,89.3,0.789,238.8,53.2,9.84,69.0,1,22.7,96.2,0,2,0.8786,1
71.5,180.3,18.6,50.0,51.6,0.558,285.8,49.0,14.14,75.6,0,23.3,78.7,2,0,0.0934,0
30.9,93.6,34.6,1497.0,56.5,0.698,168.1,72.8,2.9,37.1,0,20.0,66.1,0,4,0.3882,0
108.7,272.5,32.3,1596.0,79.5,0.425,226.0,82.7,3.87,65.4,1,21.7,84.3,2,5,0.9399,1
179.8,458.3,42.9,585.7,80.0,0.206,195.4,88.0,1.28,5.0,3,27.9,99.1,4,5,0.99,1
60.9,190.1,35.9,1364.2,56.3,0.506,210.2,91.0,3.62,50.6,1,17.4,71.2,1,4,0.5507,1
27.1,85.0,30.6,755.1,45.4,0.103,309.3,60.3,3.22,25.9,1,27.6,64.0,4,4,0.4926,0
83.4,283.3,36.2,1702.2,60.6,0.858,96.3,73.9,5.0,91.4,1,19.7,77.8,0,4,0.6768,1
153.1,494.0,39.0,1416.1,78.6,0.468,143.2,83.3,6.02,55.0,1,25.4,90.6,1,4,0.9757,1
67.2,212.8,33.2,1990.9,71.4,0.736,42.4,86.8,2.86,37.6,0,15.7,84.8,0,4,0.5459,1
0.0,2.3,5.0,50.0,60.0,0.268,64.0,38.4,19.14,265.0,0,27.5,70.9,3,0,0.0539,0
6.5,34.8,33.4,717.0,33.6,0.359,301.1,71.1,3.67,39.6,2,22.2,52.1,1,4,0.5844,1
29.5,119.6,19.3,341.8,37.5,0.392,276.9,57.3,12.05,124.3,1,27.3,60.6,2,2,0.1045,0
69.4,186.8,45.1,1537.7,64.0,0.117,113.0,91.3,0.5,5.0,2,22.5,79.9,3,5,0.8981,1
147.0,465.6,39.5,755.9,94.4,0.463,211.3,98.5,5.24,66.8,2,24.2,100.0,1,4,0.9818,1
62.4,202.2,22.1,89.5,30.4,0.304,184.3,48.7,11.95,118.1,0,29.3,73.2,3,0,0.088,0
5.0,28.5,23.0,1379.6,38.6,0.438,274.6,57.3,10.92,92.7,0,21.2,63.4,1,4,0.0976,0
59.4,184.0,26.2,442.4,54.9,0.13,277.6,54.1,2.73,22.1,1,22.1,73.6,4,4,0.5561,1
154.8,349.1,7.0,113.8,75.7,0.236,169.3,20.8,19.77,238.3,2,25.7,100.0,3,5,0.8461,1
15.8,79.3,39.3,743.9,33.5,0.609,318.8,74.2,11.06,44.7,2,25.0,62.7,0,2,0.35,0
76.4,182.6,13.9,1597.7,54.1,0.04,246.2,38.4,6.47,127.0,0,17.6,72.6,4,2,0.1557,0
278.1,750.0,34.4,1293.6,90.2,0.579,294.9,73.7,6.92,54.2,3,19.1,100.0,2,3,0.9849,1
51.3,111.6,19.9,459.3,56.5,0.469,295.9,67.0,11.14,119.5,0,23.1,76.3,2,4,0.1148,0
0.7,31.5,39.3,1724.5,49.3,0.536,134.2,90.5,3.24,27.5,0,18.8,57.7,2,5,0.7665,1
39.5,128.7,50.5,1095.0,60.2,0.589,298.5,111.3,0.89,15.4,3,24.7,67.6,1,5,0.8557,1
56.4,180.9,41.5,1110.5,60.6,0.121,163.4,87.6,2.04,5.5,0,24.1,72.4,3,4,0.8705,1
5.8,41.5,27.2,1290.6,39.5,0.25,169.7,62.9,2.63,75.9,0,24.9,67.0,2,4,0.2196,0
48.1,165.5,48.0,994.3,59.2,0.421,79.6,101.4,2.43,28.0,0,20.6,70.5,1,5,0.8061,1
19.3,60.2,40.0,1751.4,57.9,0.33,160.3,89.3,6.51,29.4,3,13.9,77.7,1,5,0.8233,1
128.0,356.4,38.6,1241.7,80.1,0.142,21.7,85.1,2.98,5.0,1,24.9,85.5,3,4,0.9829,1
91.8,215.1,29.5,1453.1,83.1,0.36,334.8,68.2,3.26,33.1,0,19.7,90.5,2,4,0.8508,1
41.6,132.6,39.2,1490.7,31.0,0.552,3.5,86.8,6.4,39.7,1,18.7,74.4,1,5,0.4248,0
16.5,79.5,10.5,56.6,28.3,0.115,234.6,29.8,19.29,225.9,1,25.4,65.4,3,3,0.1054,0
187.4,592.0,38.3,1482.3,95.6,0.596,244.9,76.5,5.26,51.5,1,19.3,100.0,2,5,0.99,1
206.8,651.3,36.5,1563.2,80.5,0.706,173.8,85.1,5.56,71.1,1,13.5,100.0,0,1,0.9665,1
28.3,95.2,38.8,538.9,78.1,0.344,4.0,68.2,4.07,39.0,1,24.3,88.6,1,4,0.8615,1
74.1,214.7,27.9,1360.5,53.3,0.755,278.9,65.1,5.75,48.2,0,24.5,73.1,0,4,0.4266,0
121.2,415.7,30.0,1054.5,83.7,0.791,23.0,62.8,8.82,92.1,1,21.7,99.7,0,4,0.7859,1
7.9,30.5,27.5,1501.9,38.9,0.227,324.9,56.8,9.25,118.9,2,18.0,58.7,3,0,0.0799,0
9.4,45.0,31.4,1553.1,25.3,0.124,218.2,66.2,1.57,11.9,1,17.4,54.7,3,5,0.6507,1
42.5,126.2,28.8,1267.8,24.4,0.502,63.5,72.2,4.73,51.4,0,19.9,56.2,2,4,0.2923,0
40.1,111.4,28.5,1770.5,70.8,0.265,59.0,59.2,4.09,72.9,1,21.5,74.8,3,5,0.4114,0
13.3,58.6,43.2,907.2,43.2,0.033,287.1,88.9,0.5,5.0,1,26.1,67.4,4,5,0.8405,1
8.9,24.8,31.4,967.8,17.7,0.558,272.9,63.2,4.72,47.4,2,20.5,54.7,1,4,0.3907,0
44.4,123.9,25.8,553.4,31.6,0.487,149.1,58.0,7.35,87.2,0,27.9,57.1,1,0,0.1036,0
69.5,153.9,5.0,959.9,39.3,0.311,307.5,29.7,16.37,218.6,0,24.9,68.6,3,0,0.0518,0
43.9,122.4,27.0,230.0,59.5,0.146,7.3,60.0,6.71,44.9,0,28.6,76.6,3,2,0.0922,0
44.2,136.2,21.5,1357.4,48.7,0.54,71.8,51.0,3.83,87.2,0,24.0,81.0,1,4,0.3035,0
69.9,230.6,31.8,408.1,49.5,0.035,190.6,71.2,4.32,25.4,3,22.5,78.6,4,4,0.6166,1
247.7,519.8,39.6,1000.1,89.0,0.346,126.2,79.8,3.26,32.0,1,25.4,100.0,1,4,0.99,1
37.2,120.5,21.3,1433.4,80.0,0.805,211.3,63.8,8.23,82.8,0,19.1,82.2,0,4,0.2916,0
30.5,92.8,40.3,138.9,72.5,0.123,287.6,82.8,1.3,5.0,3,27.5,91.9,4,5,0.8606,1
11.5,52.2,47.7,743.5,56.7,0.105,19.0,93.3,4.97,33.4,1,23.3,69.0,4,4,0.7252,1
65.4,206.8,32.1,161.1,54.9,0.296,253.5,71.4,5.52,46.3,1,27.2,69.2,3,2,0.4825,0
34.5,120.0,26.2,1452.3,57.4,0.161,33.5,64.9,6.02,110.2,0,21.9,69.8,3,2,0.1677,0
20.9,80.7,33.3,517.4,49.7,-0.019,56.4,72.1,0.5,5.0,1,22.7,63.4,4,5,0.8001,1
42.6,108.6,27.7,930.8,64.6,0.732,141.0,76.0,7.85,57.3,0,28.6,82.1,0,4,0.1415,0
82.5,167.5,6.2,931.2,66.2,0.134,357.5,21.2,14.87,195.0,0,20.2,84.1,3,2,0.1772,0
43.2,115.6,47.4,1857.9,67.4,0.434,336.9,107.8,3.51,19.0,0,19.0,76.9,2,5,0.8308,1
1.7,9.4,16.9,875.8,47.2,0.086,73.6,44.0,14.41,175.2,0,23.8,70.8,3,0,0.058,0
6.4,32.2,33.6,413.2,40.9,0.114,323.3,73.7,3.07,28.0,2,24.7,67.9,4,4,0.6384,1
241.7,743.9,5.5,784.0,93.1,0.238,121.1,27.8,16.69,228.6,0,25.5,100.0,3,0,0.8005,1
143.1,318.5,44.0,955.3,81.1,0.548,3.4,111.5,2.63,58.9,1,24.8,94.8,1,5,0.99,1
64.6,162.3,29.7,942.5,26.7,-0.019,195.2,64.0,1.76,15.4,0,26.3,70.6,4,5,0.4478,0
235.9,634.5,36.5,838.0,96.2,0.441,31.3,83.4,5.86,34.6,1,24.7,100.0,1,4,0.99,1
39.8,109.0,20.0,115.7,25.6,0.484,104.9,52.9,8.64,109.4,0,23.4,58.1,1,4,0.1157,0
248.1,662.6,29.2,50.0,92.9,0.503,84.3,66.3,8.5,74.6,0,28.4,100.0,2,2,0.929,1
69.2,185.3,21.7,1478.4,47.8,0.206,305.7,53.7,3.81,67.5,0,21.2,75.0,3,5,0.5112,1
28.1,100.0,23.1,477.5,53.5,0.379,148.1,68.3,9.2,96.0,1,27.3,72.5,1,0,0.0633,0
193.5,538.0,35.4,680.7,86.0,0.641,80.7,76.0,3.24,15.5,2,24.9,100.0,1,4,0.9833,1
52.0,117.4,41.5,274.6,55.7,0.57,80.5,82.1,9.3,91.4,0,27.3,75.0,2,2,0.4191,0
4.4,26.7,12.1,50.0,50.3,0.292,296.9,41.3,19.03,265.0,0,30.9,65.8,3,0,0.0371,0
57.8,144.5,27.4,1275.4,44.8,0.323,65.5,57.8,6.23,88.4,1,19.2,69.9,1,4,0.2625,0
223.8,743.1,40.4,1563.5,88.4,0.663,10.9,90.9,6.1,39.9,0,19.9,100.0,0,4,0.9894,1
10.0,51.7,24.4,423.2,21.6,0.066,210.2,51.1,2.78,30.9,0,26.3,51.2,4,4,0.2261,0
164.1,353.4,45.4,1711.9,81.1,0.512,129.1,86.0,1.96,62.6,0,13.4,100.0,2,5,0.9897,1
51.7,124.4,20.3,225.5,70.6,0.269,273.3,48.2,8.57,83.4,0,25.8,85.2,2,2,0.1609,0
11.3,47.2,24.2,1220.5,34.9,0.237,316.4,57.4,9.79,90.7,1,19.6,62.6,3,2,0.1607,0
14.9,72.8,24.8,1224.8,42.4,0.328,205.9,67.1,4.14,84.8,0,22.9,63.1,2,4,0.2686,0
13.0,77.7,28.7,331.1,50.6,0.406,162.9,76.0,8.93,111.6,1,27.2,71.9,1,4,0.1673,0
189.0,423.7,27.2,1369.6,85.9,0.242,238.2,61.4,4.39,40.9,1,18.4,100.0,3,5,0.9596,1
9.3,46.6,34.9,658.8,36.0,0.626,127.9,83.1,6.94,56.1,2,19.3,68.5,0,4,0.4592,0
41.8,116.4,52.0,515.7,57.6,0.064,140.4,118.6,3.13,21.7,0,28.1,78.9,4,5,0.8649,1
28.2,80.8,44.7,955.7,66.8,0.098,331.3,104.1,2.23,13.9,2,20.2,83.0,3,4,0.8543,1
102.9,317.6,23.3,1454.4,87.0,0.671,249.9,62.0,4.34,71.4,0,20.8,94.6,0,4,0.7577,1
66.4,148.2,38.4,1622.3,52.6,0.604,140.6,100.1,7.51,58.5,0,20.3,76.1,1,4,0.4187,0
85.5,242.0,28.3,735.5,50.6,0.032,253.5,70.0,4.16,12.1,0,24.8,71.3,4,4,0.6258,1
59.9,152.7,40.8,865.5,28.8,0.05,241.7,83.4,3.62,5.0,1,20.4,75.2,4,5,0.8639,1
75.3,149.8,13.5,1311.4,72.9,0.702,34.9,36.5,6.59,61.6,0,24.2,82.1,0,4,0.3636,0
34.2,76.3,19.7,864.6,42.4,0.619,241.3,55.1,12.41,187.2,0,24.9,68.6,0,0,0.0277,0
49.2,112.4,19.5,278.1,56.0,0.432,1.5,69.5,11.62,99.9,0,26.4,75.5,1,2,0.0849,0
29.2,80.4,35.1,1210.1,56.9,0.425,338.6,81.6,3.31,27.2,0,20.3,68.1,1,4,0.6014,1
16.3,59.5,33.8,401.0,31.1,0.172,46.0,87.7,2.71,42.6,1,24.0,61.0,4,5,0.3435,0
33.6,90.9,36.3,513.9,66.3,0.397,118.1,85.5,10.52,113.5,2,21.2,84.6,1,4,0.4096,0
19.2,85.7,36.6,1489.4,41.9,0.266,198.0,82.6,7.99,132.1,2,20.4,58.1,3,1,0.4781,0
104.1,294.4,30.4,1136.6,79.5,0.503,89.8,72.7,5.61,83.2,2,21.1,94.2,1,4,0.8309,1
10.6,45.1,32.3,826.8,47.0,0.173,131.5,65.7,0.98,40.8,0,25.3,67.2,4,4,0.4472,0
21.7,76.1,28.4,146.7,28.7,0.389,352.3,78.8,7.99,93.0,1,28.7,53.1,1,5,0.2895,0
17.9,71.0,28.4,619.5,39.6,0.541,179.7,69.9,6.54,67.1,1,24.9,68.3,0,4,0.2038,0
135.9,456.1,42.0,3413.5,84.2,0.092,236.6,84.3,2.77,27.4,1,4.0,98.0,3,5,0.99,1
80.7,270.3,37.3,1999.0,65.9,0.536,289.7,78.2,2.65,41.5,0,17.2,82.3,0,4,0.7497,1
76.4,230.1,21.4,302.0,70.4,0.323,76.8,48.9,6.74,30.4,0,27.4,70.8,3,2,0.3583,0
158.2,457.5,42.2,2590.7,82.5,0.572,291.1,103.6,2.22,39.0,1,16.8,98.4,0,5,0.99,1
206.1,494.2,38.9,362.3,90.9,0.114,87.2,76.3,2.09,40.5,1,29.8,100.0,4,5,0.99,1
79.3,257.0,54.0,2574.3,48.2,0.519,208.7,120.0,4.65,36.8,2,14.1,69.9,1,5,0.8091,1
14.7,63.3,39.7,1800.0,21.2,0.611,168.5,86.1,6.06,65.9,1,19.6,58.3,0,4,0.6054,1
12.9,72.3,35.4,407.5,37.3,0.767,141.4,76.8,9.64,65.8,0,22.8,66.6,0,2,0.2592,0
163.4,413.6,38.8,763.1,88.1,0.446,177.7,87.9,4.2,29.4,0,28.2,96.4,1,4,0.99,1
154.7,291.4,6.9,84.6,80.2,0.137,79.8,20.6,19.48,254.9,1,26.3,94.1,4,0,0.6688,1
47.7,99.0,31.5,1057.4,58.8,0.354,269.0,67.5,3.07,63.6,1,20.5,66.9,2,4,0.374,0
56.9,178.3,31.3,1413.5,57.0,0.524,97.8,72.0,9.7,78.7,0,15.5,74.8,1,4,0.265,0
254.3,695.2,33.2,818.5,89.2,0.032,161.1,83.8,2.57,5.0,1,26.7,100.0,4,4,0.99,1
33.9,89.2,25.8,1384.5,59.5,0.041,336.0,59.8,4.71,21.3,0,21.1,81.4,4,5,0.3674,0
149.9,315.2,36.6,1165.9,79.5,0.799,10.4,86.5,8.45,85.5,2,22.6,94.9,0,4,0.9553,1
75.8,185.1,54.7,517.5,84.8,0.052,340.1,114.9,1.95,19.0,2,24.4,97.8,4,4,0.9835,1
59.0,192.4,52.4,1212.0,62.1,0.461,123.9,111.6,0.6,6.4,3,17.7,81.9,1,5,0.9493,1
29.2,112.0,25.6,310.3,28.9,0.69,181.7,59.6,7.82,91.9,0,23.6,60.0,0,2,0.1326,0
74.5,141.9,37.3,554.0,58.5,0.782,44.4,76.2,10.14,107.0,2,26.2,81.7,0,3,0.2492,0
51.1,187.3,40.4,1385.8,60.5,0.454,337.8,100.4,5.6,33.5,3,21.6,78.3,2,4,0.7451,1
159.2,442.5,38.7,1568.1,96.5,0.368,75.6,90.4,4.94,58.1,2,19.9,100.0,2,4,0.9877,1
64.0,220.7,34.0,527.7,43.3,0.261,350.0,77.1,5.81,26.1,1,24.3,65.6,3,0,0.5107,1
214.3,651.5,18.2,257.0,90.3,0.427,99.9,41.4,11.09,100.2,1,26.3,100.0,2,1,0.9075,1
7.0,22.6,38.1,1010.7,51.8,0.256,83.8,89.4,1.98,5.0,1,21.5,62.9,3,4,0.7159,1
63.6,199.3,50.5,1859.3,52.6,0.5,183.8,99.8,4.15,49.8,2,18.2,74.5,2,5,0.8638,1
4.0,21.6,19.5,50.0,66.9,0.367,37.8,41.8,11.37,103.5,0,27.4,72.7,2,0,0.0593,0
285.3,740.5,41.4,490.8,90.3,0.034,316.0,90.3,2.64,17.5,3,23.3,100.0,4,4,0.99,1
164.6,324.2,33.9,504.8,87.5,0.768,112.3,75.5,9.14,84.2,0,28.9,100.0,0,2,0.9094,1
46.9,154.0,15.4,69.1,59.0,0.416,131.8,33.8,7.26,91.7,1,24.9,82.5,1,0,0.1042,0
30.3,87.7,32.2,612.9,70.4,0.724,222.9,65.3,8.43,83.6,1,27.1,74.3,0,4,0.3805,0
57.4,137.4,22.8,155.2,57.4,0.571,158.8,52.8,8.05,105.9,0,23.3,75.8,2,2,0.1349,0
12.4,54.9,28.9,1456.6,36.1,0.475,206.1,65.8,8.38,62.1,0,20.3,60.1,1,4,0.2227,0
33.0,108.1,19.8,102.1,27.9,0.224,125.6,51.8,19.37,244.8,1,27.0,63.6,3,0,0.0979,0
28.0,96.6,37.1,522.8,60.0,0.056,33.9,88.3,1.71,5.0,1,27.8,69.8,4,5,0.8186,1
25.1,105.0,34.0,1081.9,37.3,0.061,285.6,94.2,1.45,28.8,2,25.3,65.0,3,4,0.7507,1
215.7,414.1,17.1,51.4,94.9,0.25,39.0,56.3,11.59,118.5,0,28.1,100.0,2,0,0.8087,1
89.7,224.5,23.2,1580.3,68.2,0.13,217.4,55.7,2.17,20.9,0,20.4,83.7,3,5,0.7453,1
59.4,178.1,33.5,2127.4,57.3,0.71,131.0,74.8,2.38,89.0,2,15.1,76.8,0,4,0.6432,1
56.3,121.5,38.9,1388.9,66.5,0.601,251.2,87.8,3.7,49.6,1,15.4,77.5,0,4,0.7031,1
65.9,164.0,39.8,2428.4,62.5,0.5,111.7,100.1,4.83,63.8,0,14.3,69.8,0,4,0.6282,1
4.3,16.8,42.4,832.8,30.0,0.253,233.3,80.8,3.75,27.6,1,22.9,56.9,3,4,0.7892,1
115.8,290.7,19.9,298.8,83.2,0.554,106.2,45.5,10.23,92.5,0,25.5,91.4,2,2,0.646,1
6.6,29.3,20.7,178.5,30.0,0.577,118.5,68.3,9.03,116.3,0,24.3,58.9,1,1,0.059,0
81.9,210.7,31.1,615.3,74.7,0.445,183.3,69.5,5.63,47.9,1,26.3,81.8,1,4,0.6449,1
19.5,77.1,14.8,1678.9,39.5,0.223,174.8,35.2,7.11,104.4,0,20.2,60.1,3,2,0.0976,0
73.7,198.3,27.4,290.6,68.0,0.132,212.4,75.5,6.82,43.5,0,25.5,84.4,3,2,0.255,0
20.6,73.6,42.5,251.6,49.8,0.115,129.4,91.2,1.2,17.5,0,31.1,67.7,4,5,0.7035,1
26.5,93.6,20.0,199.3,25.1,0.742,156.5,69.8,8.89,78.1,0,26.9,65.4,0,4,0.1284,0
8.7,56.8,41.5,3072.4,45.6,0.409,21.4,84.2,3.63,47.4,2,11.0,64.1,1,5,0.6909,1
32.4,101.6,46.4,974.5,48.6,0.071,310.4,95.9,1.89,11.2,0,25.7,65.5,4,5,0.875,1
44.4,159.3,28.8,1242.5,36.8,0.09,216.3,79.2,3.32,19.1,0,18.9,67.6,4,5,0.4373,0
35.9,133.9,39.4,279.1,72.0,0.039,154.6,87.3,2.56,35.2,2,26.2,72.4,4,2,0.6932,1
61.5,145.4,38.1,1934.4,58.0,0.6,229.1,86.0,0.5,10.9,0,15.0,72.0,0,4,0.7007,1
73.5,226.6,33.3,969.6,53.1,0.496,272.5,67.1,2.92,31.2,2,19.0,67.1,1,4,0.7108,1
30.0,96.4,26.8,388.7,58.7,0.255,328.1,58.5,6.12,12.6,0,26.0,73.9,3,4,0.3864,0
154.8,359.7,22.3,1390.7,81.8,0.527,223.0,57.4,7.09,66.5,2,24.8,98.4,1,4,0.9228,1
31.6,101.1,20.6,858.2,36.5,0.107,342.7,40.9,15.16,222.1,0,27.0,61.3,3,0,0.0839,0
173.9,566.5,23.2,757.3,85.9,0.745,83.5,52.4,8.25,85.9,0,25.4,100.0,0,2,0.8825,1
205.9,447.7,23.8,1142.4,73.7,0.442,154.7,57.9,8.7,108.1,0,22.5,100.0,1,2,0.7619,1
36.8,104.0,34.9,805.0,32.1,0.092,160.2,77.9,2.7,18.7,3,19.3,64.4,4,5,0.7502,1
9.9,72.3,35.6,1635.1,34.2,0.216,117.6,83.0,7.11,91.5,1,17.8,61.5,3,2,0.3964,0
58.4,197.8,33.3,1599.5,50.3,0.097,32.1,89.8,4.03,44.6,0,17.9,74.4,3,5,0.7087,1
46.0,147.7,16.1,1847.4,65.2,0.77,143.0,45.7,5.91,84.3,0,17.5,84.6,0,4,0.2299,0
8.1,36.6,30.7,317.4,40.7,0.577,115.9,76.8,9.3,42.5,2,29.8,56.4,0,2,0.2712,0
25.4,86.8,27.4,420.1,42.9,0.119,5.3,72.8,6.92,26.2,0,23.2,66.5,3,5,0.3862,0
4.1,26.4,30.6,1306.2,48.8,0.6,34.6,73.2,4.07,32.6,0,21.4,67.3,2,4,0.1859,0
46.1,126.8,44.2,912.4,55.3,0.13,231.4,102.4,1.52,58.7,2,23.5,75.8,4,5,0.8132,1
42.3,117.6,35.9,2764.2,72.2,0.646,194.6,74.2,2.03,42.8,1,7.8,79.4,0,5,0.6606,1
31.4,102.7,39.3,1665.5,36.8,0.7,213.0,90.3,6.51,93.9,1,14.7,64.2,0,4,0.3613,0
110.9,330.6,43.1,999.7,77.2,0.088,34.0,94.7,2.36,5.0,1,28.4,92.4,3,4,0.9764,1
224.1,742.2,39.4,50.0,85.0,0.48,226.5,93.4,10.84,94.9,2,31.2,100.0,2,0,0.9773,1
58.9,161.3,20.6,649.9,74.2,0.486,350.6,47.2,12.9,145.5,1,24.0,79.9,2,2,0.1794,0
29.0,101.2,34.8,3105.1,51.4,0.554,292.1,65.4,4.18,33.2,2,9.7,63.8,1,5,0.5841,1
78.1,251.4,29.3,1824.3,56.3,0.144,97.7,70.5,9.48,60.6,0,19.7,77.8,3,4,0.5263,1
117.4,254.5,39.6,570.9,78.9,0.093,261.6,90.6,1.77,8.9,1,20.9,92.6,4,1,0.948,1
114.5,293.2,47.3,1541.4,81.9,0.43,25.7,104.7,3.44,22.4,2,15.3,92.9,1,5,0.99,1
36.6,103.1,19.4,487.4,49.5,0.58,206.4,64.1,8.88,113.1,0,23.7,61.9,2,2,0.056,0
38.0,100.8,42.3,2037.5,56.9,0.671,62.8,81.8,3.79,44.1,2,17.7,76.5,0,4,0.5673,1
38.5,135.9,33.7,739.9,46.5,0.706,307.8,70.9,8.86,69.4,2,23.3,77.0,0,2,0.2715,0
157.5,386.1,31.9,1143.6,87.7,0.137,310.2,71.8,4.78,32.3,0,22.4,100.0,3,5,0.9893,1
66.5,153.5,22.6,322.5,54.5,0.504,280.4,64.3,8.16,117.0,0,27.4,78.5,1,4,0.1789,0
50.8,180.2,39.1,1341.9,59.7,0.046,168.2,90.5,2.71,31.5,1,19.3,79.9,4,4,0.7608,1
140.9,425.8,18.8,1003.7,75.4,0.88,110.7,44.7,8.61,63.7,0,23.7,97.2,0,4,0.74,1
260.8,691.1,46.3,1317.0,95.1,0.083,290.1,94.5,5.22,59.4,0,22.1,100.0,4,4,0.99,1
49.3,138.4,33.6,1517.8,68.3,0.215,297.4,84.2,9.2,133.5,0,16.4,85.8,3,2,0.3481,0
40.5,94.8,31.1,490.6,62.7,0.509,36.4,73.3,3.7,5.0,1,26.2,79.5,2,4,0.5692,1
40.1,146.1,38.5,988.7,53.6,0.192,142.4,73.9,2.98,30.4,1,27.1,67.8,3,4,0.7968,1
40.3,101.4,26.0,1327.8,53.7,0.499,64.2,50.4,9.73,150.6,1,21.9,76.1,1,2,0.1533,0
186.5,575.5,37.3,839.7,95.0,0.122,159.3,78.4,0.75,23.4,2,23.6,100.0,4,5,0.99,1
243.1,473.0,36.3,1677.5,98.3,0.278,270.4,65.5,1.27,5.0,1,22.7,100.0,3,5,0.99,1
141.1,309.2,16.5,134.1,85.7,0.6,221.6,37.3,12.56,112.8,1,29.5,100.0,2,0,0.5784,1
18.1,67.0,36.2,50.0,54.2,0.071,116.8,87.0,1.36,5.0,1,26.8,74.6,4,4,0.6027,1
197.5,385.4,36.6,1693.3,93.8,0.207,268.7,87.8,5.69,14.7,2,15.3,100.0,3,5,0.99,1
36.7,115.4,19.4,231.5,39.9,0.449,258.5,56.4,6.67,78.2,0,27.1,65.1,1,0,0.1236,0
22.3,59.7,47.0,809.4,43.2,0.008,131.4,96.0,1.68,5.0,2,22.9,62.2,4,4,0.7943,1
121.7,407.4,43.8,54.3,85.1,0.131,105.9,104.6,4.16,7.3,1,27.1,90.7,4,5,0.99,1
20.5,82.0,25.0,1560.4,61.0,0.101,1.1,42.4,9.91,104.2,0,22.1,75.3,3,2,0.0771,0
20.4,66.1,47.4,3192.4,55.7,0.425,161.3,108.1,0.5,22.9,2,16.0,75.3,1,4,0.8365,1
74.6,185.3,54.3,2939.2,68.5,0.439,210.7,120.0,3.05,23.3,0,12.2,88.8,1,5,0.9045,1
1.7,35.1,54.4,3007.4,44.7,0.458,202.0,118.3,1.77,31.7,1,12.0,65.5,1,5,0.789,1
73.0,197.1,36.3,2717.5,55.4,0.646,139.4,79.3,5.52,43.9,2,13.1,76.1,0,4,0.6861,1
60.6,137.5,30.5,1529.5,74.7,0.804,75.0,89.5,5.85,109.3,1,20.6,81.8,0,4,0.5097,1
14.0,55.2,26.8,50.0,31.7,0.25,246.6,61.3,10.06,124.9,0,30.4,62.9,2,0,0.08,0
22.6,55.9,27.1,1158.4,62.2,0.031,161.4,66.5,6.52,40.5,0,25.7,72.0,4,1,0.3634,0
52.4,150.8,26.8,1228.2,58.0,0.451,160.1,69.2,2.32,40.5,0,15.8,74.2,1,5,0.4871,0
48.0,109.6,34.3,1430.0,62.2,0.094,296.8,81.3,4.08,32.7,1,22.2,80.2,4,5,0.8002,1
0.6,29.9,23.2,1797.2,26.3,0.787,7.2,60.6,7.75,101.0,0,19.6,56.1,0,2,0.0572,0
27.9,116.3,31.7,606.5,34.1,0.037,234.9,71.6,2.6,9.5,0,25.1,54.3,4,4,0.4606,0
226.2,730.1,14.7,50.0,88.5,0.533,212.2,34.6,6.64,85.3,0,24.2,100.0,1,0,0.8474,1
1.4,26.8,24.5,928.4,22.7,0.428,48.5,66.7,6.75,63.8,0,28.0,53.6,2,4,0.1889,0
22.1,75.5,5.6,895.3,21.3,0.221,126.8,26.0,14.4,187.4,0,20.4,61.9,3,4,0.0744,0
46.0,139.7,52.3,1258.9,45.6,0.574,307.8,117.9,0.5,19.8,0,22.6,70.2,1,5,0.6297,1
55.1,136.5,20.9,556.3,46.7,0.615,28.3,54.6,8.94,96.6,0,27.1,70.2,1,3,0.1207,0
26.0,75.3,29.8,296.0,59.0,0.358,262.5,77.8,8.41,89.4,0,27.0,72.0,1,4,0.1245,0
229.1,688.1,46.8,1360.8,91.6,0.051,309.5,91.7,5.5,52.2,0,22.2,100.0,4,2,0.99,1
18.2,70.8,25.8,1281.0,31.0,0.505,131.6,77.1,3.96,5.0,0,20.4,61.1,2,4,0.283,0
26.5,59.2,26.2,1226.1,42.3,0.05,124.4,64.9,8.35,121.1,4,16.0,61.6,3,2,0.2121,0
17.5,67.5,42.3,1375.8,46.4,0.05,266.5,95.6,3.12,55.1,0,16.2,67.2,4,5,0.6563,1
79.9,269.3,48.8,2800.7,65.8,0.541,178.3,112.8,2.36,22.9,0,10.2,86.3,1,5,0.9096,1
40.1,134.8,49.5,1446.5,58.2,0.22,102.8,103.5,0.65,13.0,2,20.0,72.3,4,5,0.8824,1
63.9,131.7,28.1,798.8,51.3,0.403,248.4,61.0,5.78,30.4,0,24.8,82.5,1,4,0.6142,1
164.4,550.4,20.6,1467.1,80.7,0.597,100.0,59.0,4.14,29.1,1,17.1,92.0,0,4,0.9392,1
2.3,32.9,49.2,974.0,29.7,0.092,233.5,112.7,1.57,13.5,3,28.5,51.9,3,4,0.844,1
4.0,19.9,23.1,234.0,32.6,0.079,185.6,60.0,8.04,52.4,1,25.5,59.8,3,2,0.1131,0
294.3,740.8,28.8,1190.6,90.9,0.41,306.4,65.1,4.53,63.0,1,20.2,100.0,2,4,0.989,1
65.6,196.3,29.1,665.8,63.1,0.106,295.5,76.9,2.43,42.9,1,23.2,85.7,4,4,0.589,1
171.7,531.0,36.4,2529.0,87.8,0.667,95.7,69.2,2.53,48.8,2,10.7,100.0,0,5,0.99,1
57.7,187.8,38.9,997.7,64.1,0.306,57.5,83.3,1.72,23.2,1,22.5,85.3,3,4,0.8862,1
199.8,546.4,31.3,512.7,98.0,0.598,118.9,74.2,4.19,56.0,2,20.9,100.0,1,4,0.9677,1
163.5,527.9,37.7,116.7,96.2,0.142,103.5,73.3,7.59,29.1,1,28.4,100.0,3,2,0.99,1
42.3,119.4,25.4,117.4,39.8,0.215,338.6,54.0,13.91,81.1,0,25.1,67.9,3,0,0.1107,0
34.2,91.5,45.9,1452.2,45.9,0.528,1.6,111.9,3.89,75.5,1,22.3,62.3,2,5,0.5564,1
177.8,491.4,42.3,2062.7,85.6,0.871,144.7,81.7,4.43,62.8,4,16.5,100.0,0,4,0.9892,1
166.1,340.5,36.7,1472.7,85.2,0.543,87.3,76.2,6.41,44.3,2,17.9,100.0,1,4,0.99,1
131.1,428.0,14.9,50.0,87.8,0.397,62.4,48.5,12.33,130.6,1,26.4,100.0,2,0,0.7239,1
0.6,27.1,40.9,1621.9,39.4,0.488,155.4,87.8,6.51,86.0,2,15.8,66.5,1,4,0.2964,0
41.8,124.8,45.0,1331.0,58.1,0.514,262.9,103.1,3.19,13.7,4,20.5,80.6,1,5,0.8238,1
117.9,253.6,32.7,1436.4,79.7,0.462,87.5,73.1,6.36,57.6,1,20.6,95.1,1,4,0.8733,1
50.4,122.7,31.8,1284.3,28.6,0.412,108.9,66.7,2.36,43.2,2,21.9,65.5,1,4,0.4867,0
4.6,28.0,41.9,694.4,31.1,0.05,26.0,83.6,1.69,11.6,0,28.0,55.4,4,5,0.7623,1
1.6,29.7,33.6,81.6,30.2,0.009,117.4,61.9,1.74,11.5,3,26.9,63.6,4,4,0.7284,1
74.3,242.2,37.9,1651.9,54.8,0.498,32.6,76.9,2.43,56.5,1,19.8,71.6,1,4,0.7546,1
62.0,202.4,35.0,1073.6,66.5,0.414,99.0,82.4,6.42,47.8,4,21.8,85.1,1,4,0.7102,1
49.3,139.6,21.0,207.7,29.9,0.684,126.5,57.6,4.87,33.0,0,28.9,63.2,0,2,0.1505,0
119.5,360.2,50.9,1611.7,81.1,0.168,110.4,110.3,4.41,37.6,2,21.4,91.2,3,4,0.9892,1
1.6,4.9,47.4,1077.3,45.8,0.093,240.0,93.4,1.43,33.8,1,22.5,59.4,4,5,0.8693,1
74.6,211.2,39.2,1855.1,66.9,0.233,115.3,80.0,3.66,26.0,0,18.9,77.0,3,5,0.8549,1
215.0,564.4,13.8,715.1,94.5,0.153,297.7,49.7,16.03,195.2,0,26.0,100.0,3,0,0.8594,1
21.3,55.9,56.0,1405.5,28.9,0.419,228.0,113.0,2.9,31.6,1,17.8,59.5,1,5,0.8323,1
227.2,728.7,5.0,241.8,100.0,0.269,257.4,24.6,17.55,249.4,0,27.9,100.0,3,0,0.8571,1
152.6,433.3,32.1,50.0,76.9,0.174,71.0,61.6,1.48,45.6,3,25.7,99.5,4,4,0.9454,1
198.3,474.5,39.8,1635.4,94.1,0.001,148.2,89.6,2.89,65.9,3,20.2,100.0,4,5,0.99,1
13.6,61.8,38.6,1434.2,40.1,0.098,111.2,87.1,1.99,29.9,1,14.6,64.1,4,5,0.7618,1
38.4,106.8,19.7,1127.0,71.0,0.408,208.6,58.7,4.49,58.4,1,19.5,87.4,2,4,0.2701,0
34.8,111.4,42.3,1750.0,63.9,0.332,267.2,84.5,4.31,57.5,0,22.1,79.3,2,5,0.5265,1
1.2,32.7,33.9,1327.1,33.6,0.151,345.5,73.5,2.6,26.4,1,22.2,62.2,3,5,0.515,1
6.4,25.3,38.0,309.0,53.6,0.072,93.7,85.4,2.32,13.2,0,25.3,60.1,4,3,0.594,1
6.6,52.8,24.6,189.0,44.0,0.417,134.8,50.0,9.34,66.1,1,26.1,65.2,2,2,0.1354,0
53.8,143.3,35.9,1276.2,58.9,0.342,115.7,75.5,4.84,52.7,3,17.1,80.3,2,4,0.7378,1
1.5,42.0,31.9,1178.6,31.4,0.568,201.1,71.4,3.11,27.8,0,21.6,63.4,1,4,0.3899,0
40.5,116.9,22.8,792.4,39.3,0.034,171.7,56.4,1.81,8.0,0,22.0,70.4,4,4,0.3913,0
36.8,116.5,33.2,279.5,63.6,0.164,43.0,67.1,6.47,52.4,4,24.7,74.8,3,2,0.5552,1
54.0,145.8,26.6,433.5,56.5,0.265,23.9,62.5,9.38,121.7,0,24.7,74.1,2,2,0.222,0
143.1,340.6,39.4,1491.4,89.5,0.202,322.3,83.5,3.61,34.9,2,21.6,100.0,4,2,0.9819,1
67.0,193.7,31.2,1695.5,56.5,0.287,344.8,66.9,9.43,100.8,1,18.3,80.7,3,2,0.4079,0
114.3,300.8,29.7,118.9,96.3,0.502,60.7,80.5,4.78,92.3,3,26.6,91.0,1,0,0.8397,1
126.4,270.6,39.9,1184.4,84.5,0.601,222.0,83.6,2.92,45.4,2,17.2,84.9,0,4,0.9793,1
32.4,97.1,45.9,1253.6,61.0,0.527,180.4,95.7,4.7,95.4,3,17.6,69.7,1,4,0.7201,1
141.1,276.6,26.3,946.6,75.0,0.495,31.4,60.8,5.1,32.3,0,25.7,94.9,1,4,0.8032,1
13.7,46.1,28.5,1238.6,33.3,0.479,148.4,73.3,6.12,71.9,0,25.3,60.8,2,4,0.2474,0
144.6,269.3,33.9,1426.7,78.8,0.476,303.7,71.3,7.43,81.9,4,20.7,97.6,1,4,0.9363,1
13.3,37.1,21.0,695.1,22.1,0.518,314.5,67.3,12.8,125.3,0,22.9,52.0,2,2,0.0773,0
5.3,38.6,34.2,50.0,47.7,0.115,203.1,74.9,7.31,54.5,1,24.8,64.3,3,2,0.3844,0
40.7,104.0,31.4,770.3,57.4,0.089,186.4,71.8,4.21,11.8,1,19.0,69.5,4,4,0.5632,1
172.2,501.2,25.3,485.7,87.6,0.391,290.4,53.6,13.35,134.8,1,25.5,97.3,2,2,0.9307,1
30.7,129.3,32.2,661.1,39.5,0.112,191.7,71.6,4.96,14.7,1,24.4,78.7,4,4,0.619,1
36.6,86.6,26.2,637.7,66.8,0.106,293.5,49.9,3.73,19.6,0,24.8,81.4,4,4,0.4439,0
144.4,283.0,24.3,260.5,84.1,0.426,81.5,48.4,11.96,72.3,0,26.5,91.8,1,4,0.9228,1
17.4,69.9,46.9,893.1,28.4,0.764,64.2,97.1,1.48,36.4,0,23.1,66.2,0,4,0.6631,1
30.1,99.3,24.0,470.9,54.7,0.33,344.7,58.5,11.74,119.8,0,25.9,78.8,2,2,0.1031,0
325.5,750.0,43.5,634.0,100.0,0.101,38.3,94.2,2.36,13.5,2,23.4,100.0,4,5,0.99,1
249.4,592.3,33.9,1350.0,93.7,0.184,84.2,55.6,4.85,36.5,1,25.4,100.0,3,4,0.9885,1
47.6,139.5,21.7,720.0,62.3,0.586,325.0,54.5,8.57,57.0,1,23.9,85.7,0,4,0.1841,0
69.1,150.1,37.2,849.5,60.2,0.15,210.3,90.9,4.65,38.5,1,21.7,82.2,3,4,0.7904,1
7.1,58.8,53.4,654.4,59.8,0.126,359.2,120.0,2.38,29.3,1,29.0,70.9,4,5,0.8424,1
16.1,38.7,30.7,1662.7,61.5,0.718,292.6,71.6,6.65,67.2,2,20.3,75.3,0,4,0.3195,0
30.1,75.2,25.0,281.8,59.5,0.35,229.9,70.6,8.48,79.9,0,24.6,74.4,2,3,0.1838,0
260.5,750.0,37.0,1165.6,90.2,0.157,27.2,84.0,1.79,41.6,1,18.2,100.0,4,5,0.99,1
6.4,15.8,23.3,713.3,35.2,0.245,230.8,50.2,7.11,44.9,0,24.8,70.2,3,4,0.1858,0
25.0,84.9,38.6,1627.4,60.0,0.466,102.6,83.2,2.83,46.2,0,21.7,68.7,2,4,0.3806,0
75.7,181.4,16.2,50.0,57.7,0.202,260.9,55.6,18.54,262.1,0,28.7,75.3,3,0,0.1074,0
180.6,432.0,42.4,1676.3,88.3,0.253,222.4,86.0,5.17,47.1,0,22.3,95.2,3,5,0.99,1
90.2,198.9,28.3,679.0,91.4,0.66,289.9,74.5,10.24,108.2,1,19.8,95.5,0,2,0.734,1
82.2,261.6,54.3,3019.8,60.0,0.531,9.1,106.7,3.51,22.4,1,9.4,78.8,1,5,0.8439,1
167.2,398.7,41.1,1192.0,76.7,0.467,15.3,89.3,1.61,23.9,1,23.3,97.9,1,5,0.99,1
9.2,57.7,38.6,1060.7,44.1,0.059,351.4,76.1,0.5,41.5,4,23.0,71.7,4,5,0.8344,1
10.7,50.1,39.2,1418.5,42.3,0.262,272.6,68.5,1.95,25.4,1,16.7,70.8,3,5,0.6508,1
124.3,371.2,46.5,50.0,89.8,0.015,323.5,98.0,0.5,5.0,3,33.0,99.8,4,4,0.99,1
93.3,257.1,40.6,3272.4,54.9,0.503,74.2,72.3,3.79,38.5,2,12.3,76.7,1,5,0.8595,1
170.9,343.7,41.8,2055.9,72.7,0.505,286.7,97.6,1.49,55.9,1,13.6,86.0,1,4,0.9785,1
1.9,11.1,56.9,1067.0,30.1,0.104,176.8,114.5,3.0,32.7,3,22.4,50.0,3,1,0.5422,1
268.4,750.0,33.0,1376.5,96.8,0.766,273.2,69.2,3.94,51.9,2,22.2,100.0,0,5,0.9857,1
38.5,107.8,32.9,1313.7,56.2,0.133,325.2,76.7,5.52,35.8,1,20.6,80.6,4,4,0.4536,0
114.5,253.2,36.4,1423.8,81.0,0.75,4.3,80.4,6.68,44.3,0,21.7,93.8,0,4,0.9408,1
28.9,99.7,30.0,50.0,16.3,0.456,258.8,65.1,8.14,52.7,0,31.5,45.7,1,0,0.0902,0
44.6,128.6,17.6,516.1,49.9,0.174,70.4,54.6,14.97,163.7,0,23.0,77.4,3,3,0.2008,0
9.9,40.8,36.9,1610.3,35.9,0.14,232.6,73.8,3.48,5.0,0,17.3,67.1,4,5,0.7774,1
107.7,283.4,38.6,977.1,83.6,0.411,224.6,81.1,2.33,35.8,1,22.6,94.6,1,5,0.9705,1
167.8,412.7,37.1,1419.8,97.6,0.581,112.7,65.5,4.58,82.1,0,18.2,100.0,1,4,0.9834,1
83.9,195.6,20.4,450.9,86.5,0.3,70.7,52.2,6.36,90.9,0,24.3,88.9,1,0,0.4882,0
28.5,102.9,42.7,612.3,66.8,0.076,262.8,83.6,2.7,14.4,0,23.7,78.2,4,5,0.846,1
310.0,750.0,45.1,2335.2,82.2,0.296,150.1,96.4,4.42,45.1,6,14.8,100.0,3,2,0.99,1
93.1,255.7,32.7,1405.0,73.5,0.308,129.0,73.5,3.81,66.6,1,19.4,80.2,2,5,0.8356,1
168.5,375.1,35.8,1441.8,84.1,0.049,115.5,93.0,1.98,46.4,2,20.3,94.7,4,5,0.99,1
13.3,66.0,27.8,1143.6,43.3,0.45,42.4,58.6,8.59,85.2,1,18.6,64.4,1,4,0.2246,0
31.3,110.8,14.1,816.3,60.6,0.728,244.2,46.4,6.29,62.6,0,24.8,72.0,0,4,0.0801,0
154.6,410.2,36.5,1148.5,81.2,0.3,122.3,74.5,3.51,28.5,0,23.5,95.5,1,4,0.9762,1
24.4,72.0,36.3,1986.5,38.9,0.139,61.8,95.0,7.42,91.9,4,21.5,67.4,4,4,0.5666,1
22.4,59.0,43.5,2799.5,47.7,0.65,303.2,82.8,2.18,46.9,2,10.6,68.0,1,2,0.4806,0
52.8,161.8,39.2,3109.9,41.8,0.65,265.1,93.0,1.21,42.7,2,7.7,70.0,1,5,0.6491,1
51.6,111.7,5.0,301.9,63.5,0.05,98.3,10.0,18.89,250.3,0,27.0,79.8,3,0,0.0899,0
17.7,61.4,23.9,842.6,35.2,0.566,126.6,53.7,4.01,43.9,0,25.6,66.3,1,4,0.1621,0
99.8,301.8,30.9,116.2,88.2,0.329,240.4,57.7,9.11,103.0,0,24.8,94.9,2,2,0.7756,1
255.7,642.0,47.5,122.3,88.3,0.008,194.9,92.8,2.67,6.1,0,20.9,98.6,4,1,0.99,1
14.3,56.1,51.2,1214.2,37.7,0.033,166.0,97.9,2.93,18.9,3,19.0,59.2,4,5,0.8411,1
51.3,120.4,25.9,387.4,11.4,0.38,160.8,61.0,8.86,70.3,0,25.1,53.9,2,2,0.1482,0
1.7,22.0,25.5,87.1,37.6,0.064,351.6,63.7,7.08,57.7,1,28.3,63.7,3,2,0.2381,0
139.4,356.1,29.9,1651.2,74.2,0.714,234.2,91.6,7.0,63.0,0,19.2,88.7,0,4,0.7946,1
16.6,65.2,45.3,1404.4,39.4,0.529,356.2,104.7,6.95,49.7,1,20.5,71.0,1,4,0.7243,1
7.6,32.9,37.0,50.0,19.2,0.194,350.3,90.1,7.18,53.3,0,30.3,49.8,3,2,0.409,0
42.7,112.8,39.0,1403.1,60.5,0.828,326.9,83.1,5.14,72.3,2,18.8,71.5,0,4,0.3776,0
215.4,519.7,32.7,930.8,82.7,0.783,156.5,82.1,10.92,83.9,0,23.5,100.0,0,3,0.9321,1
0.2,28.4,32.7,294.4,13.1,0.39,77.9,84.8,8.39,85.7,0,31.0,45.8,2,2,0.1595,0
164.9,468.6,43.3,1651.9,83.4,0.073,44.5,94.1,0.92,36.4,2,15.8,98.7,3,5,0.99,1
9.7,54.5,20.4,50.0,26.1,0.41,78.5,53.7,11.99,97.2,0,25.6,50.6,2,2,0.0712,0
127.2,419.3,37.8,1863.1,85.9,0.767,251.4,87.0,5.14,29.3,2,17.7,89.5,0,4,0.9737,1
30.5,74.6,43.9,675.8,33.4,0.2,138.7,88.8,2.8,29.5,0,24.4,68.5,3,4,0.7569,1
34.2,136.4,31.3,391.4,55.4,0.359,137.0,60.7,9.42,136.9,0,28.6,72.8,2,2,0.1131,0
67.7,207.4,7.6,948.4,45.5,0.124,132.8,16.9,15.39,207.7,0,21.2,73.6,3,1,0.1041,0
13.0,52.8,21.1,620.6,60.1,0.841,261.2,65.0,10.79,100.3,0,23.0,75.5,0,2,0.0661,0
137.6,330.2,49.7,1636.5,66.1,0.415,25.2,120.0,4.63,25.4,2,17.4,88.8,2,4,0.9811,1
73.5,173.2,47.6,1334.0,47.6,0.502,248.3,105.1,3.88,34.3,2,25.1,77.2,1,5,0.8859,1
24.9,101.8,35.5,1523.6,29.6,0.439,47.2,81.6,3.32,20.9,0,15.9,60.2,1,4,0.5238,1
7.5,54.0,44.0,1369.6,32.7,0.518,118.3,89.2,0.5,22.7,1,24.4,60.7,1,5,0.7758,1
12.3,65.7,5.0,50.0,34.1,0.315,355.4,29.1,16.78,237.8,0,28.2,56.7,3,0,0.0309,0
72.9,193.2,29.8,50.0,36.9,0.526,288.1,73.1,9.38,78.5,1,27.4,61.4,1,0,0.2174,0
32.9,97.4,28.7,1520.5,49.0,0.136,327.8,56.6,5.57,63.1,0,20.4,67.8,3,5,0.3849,0
48.5,136.3,29.0,1470.3,41.1,0.081,28.1,72.9,2.85,37.6,0,20.5,64.8,3,5,0.3765,0
38.2,94.4,33.0,1217.5,52.0,0.518,276.6,74.4,3.14,74.7,2,21.2,66.9,1,3,0.1976,0
37.9,123.5,21.3,50.0,44.2,0.181,332.0,57.5,16.84,246.8,0,35.8,70.3,3,3,0.1216,0
2.1,28.1,30.1,106.7,31.3,0.134,273.5,67.1,6.64,34.0,1,22.6,60.5,3,2,0.2011,0
30.3,82.5,21.3,688.6,31.3,0.173,147.5,50.6,14.27,209.9,1,26.8,61.3,3,0,0.0596,0
21.4,81.2,39.4,1668.7,31.5,0.467,127.8,82.3,3.68,47.9,1,16.6,60.5,2,5,0.599,1
0.1,0.1,33.4,1967.9,28.5,0.439,210.7,70.4,4.9,48.4,1,20.5,59.9,1,4,0.3517,0
12.0,56.6,33.1,421.3,37.9,0.093,189.7,73.1,2.33,12.8,2,23.4,70.5,4,5,0.5979,1
37.6,142.6,41.3,1470.6,44.6,0.411,191.5,95.0,4.93,44.5,0,23.6,74.6,2,5,0.6916,1
69.0,183.6,36.9,301.9,46.4,0.076,214.0,88.4,1.14,5.0,3,26.2,76.5,4,4,0.8896,1
28.5,101.4,29.6,50.0,55.2,0.189,210.2,60.8,8.16,26.2,1,26.5,66.1,3,2,0.3534,0
103.0,293.6,36.3,653.2,75.1,0.032,345.4,63.2,3.49,26.7,1,21.5,90.0,4,4,0.9505,1
136.8,373.6,33.4,1671.7,82.3,0.439,222.5,73.3,3.22,64.4,2,22.9,95.3,1,4,0.9744,1
43.2,105.7,7.6,50.0,56.7,0.24,207.6,19.7,21.55,252.8,1,29.7,79.2,3,0,0.084,0
67.3,220.1,24.9,1088.3,66.7,0.469,36.7,63.1,5.13,65.0,1,22.5,85.1,2,0,0.2544,0
62.0,212.7,22.8,1223.5,51.9,0.747,333.8,60.1,8.06,63.3,1,16.4,84.4,0,3,0.1423,0
49.6,116.5,41.5,1181.9,65.4,0.683,143.8,80.3,4.95,73.6,1,19.8,66.4,0,4,0.4773,0
107.7,243.1,17.1,241.5,78.6,0.158,49.2,46.7,17.27,242.3,1,23.0,90.8,3,1,0.4062,0
21.8,52.9,50.8,879.5,11.7,0.507,23.3,113.2,4.3,26.3,2,26.5,52.7,1,4,0.785,1
163.6,441.8,33.2,1442.2,90.6,0.523,181.9,72.9,4.33,47.5,1,17.4,94.2,2,5,0.9767,1
16.9,65.8,29.1,1670.0,38.9,0.684,123.7,64.2,7.07,65.7,0,20.7,67.9,0,4,0.1119,0
11.6,31.9,8.6,358.1,46.3,0.483,120.3,21.4,10.44,83.2,0,23.1,74.8,2,0,0.05,0
88.4,228.9,45.6,1577.1,54.0,0.072,318.7,87.5,4.62,69.1,2,20.0,71.6,4,4,0.9049,1
158.7,525.1,34.6,1314.1,70.3,0.457,322.2,83.1,7.15,67.1,2,19.2,100.0,2,4,0.9179,1
172.2,550.2,15.0,484.1,86.2,0.504,189.8,52.4,9.9,103.9,0,22.4,97.0,1,4,0.8366,1
159.9,472.2,40.0,2154.3,74.1,0.631,9.8,81.9,4.74,71.2,0,16.1,96.7,0,4,0.9672,1
258.6,750.0,33.9,467.4,90.3,0.807,114.0,65.1,8.95,59.0,2,26.1,100.0,0,2,0.9557,1
3.9,36.1,55.6,3108.2,41.3,0.3,343.8,113.2,1.51,29.6,2,8.9,66.7,1,5,0.8169,1
138.5,453.4,31.4,1307.4,81.0,0.728,221.5,71.5,2.77,18.7,1,18.2,90.8,0,5,0.9714,1
33.3,90.4,41.1,2001.7,54.4,0.687,162.0,80.6,4.48,24.3,2,16.4,74.6,0,4,0.5859,1
1.1,26.9,46.7,757.1,33.1,0.631,54.9,92.7,10.76,68.7,2,26.3,52.3,0,2,0.3312,0
238.5,472.2,23.0,381.0,92.6,0.549,193.6,58.7,10.58,108.0,0,26.6,100.0,2,2,0.8583,1
28.6,101.4,35.4,724.4,45.0,0.123,220.1,72.7,4.95,21.1,2,24.6,73.0,4,5,0.7809,1
31.0,98.4,31.9,1593.8,38.8,0.481,281.1,77.4,5.61,37.0,1,17.1,61.9,1,4,0.3503,0
73.7,194.1,48.4,1776.9,70.2,0.311,259.3,93.6,3.96,19.2,0,17.5,86.6,1,4,0.877,1
137.1,289.2,35.6,362.6,86.1,0.012,76.8,74.6,5.18,49.1,1,27.6,97.5,4,4,0.9774,1
12.6,55.7,46.0,2631.9,15.7,0.701,268.6,95.0,4.13,49.4,0,12.8,52.0,0,5,0.4766,0
35.1,144.5,28.8,1279.2,28.6,0.391,236.7,72.0,6.31,43.5,0,18.9,55.1,1,4,0.2069,0
22.7,71.7,38.4,754.8,56.3,0.499,343.3,76.5,3.51,54.1,1,21.0,72.8,1,4,0.6008,1
3.1,31.7,31.1,421.0,51.7,0.387,192.2,76.2,9.81,130.2,2,26.2,74.8,2,1,0.1642,0
149.9,404.5,38.4,398.5,76.4,0.018,191.3,87.4,1.36,10.5,0,25.4,87.8,4,5,0.9878,1
9.9,33.9,37.4,641.5,45.1,0.651,211.6,95.8,8.32,74.7,1,25.7,59.9,0,2,0.3128,0
74.3,181.8,43.5,1618.4,58.1,0.42,126.6,91.5,2.06,28.8,2,17.1,80.3,1,5,0.8375,1
163.6,399.9,22.5,895.9,80.0,0.391,136.2,41.2,5.69,28.2,4,21.1,98.0,1,4,0.9545,1
121.5,356.9,41.7,237.5,79.8,0.086,28.4,103.4,3.25,5.0,3,24.9,86.1,4,4,0.9885,1
103.0,331.9,29.5,1564.1,79.6,0.375,39.6,64.2,5.46,62.0,0,18.4,88.3,2,4,0.8266,1
6.9,12.3,41.4,1790.6,32.2,0.278,188.5,92.3,6.15,36.2,0,20.6,62.4,2,1,0.4016,0
88.7,261.8,31.2,1519.4,60.4,0.22,349.0,75.7,4.17,28.6,2,21.9,83.6,4,5,0.7803,1
82.4,218.1,39.1,798.3,60.5,0.051,88.6,87.7,2.85,6.6,1,23.2,67.9,4,4,0.8756,1
113.9,304.6,43.7,1651.8,87.8,0.3,124.8,100.6,3.29,14.5,1,19.6,100.0,1,2,0.9898,1
23.0,73.6,33.1,1385.9,52.4,0.485,99.8,64.6,3.09,17.6,0,24.5,73.0,1,3,0.6182,1
10.0,45.5,38.1,1119.5,36.0,0.462,103.9,67.7,5.33,43.1,1,19.6,58.5,1,4,0.592,1
25.1,75.3,51.2,1965.8,59.4,0.668,99.3,113.8,1.44,13.0,1,16.6,76.6,0,4,0.7951,1
74.6,231.2,39.5,1526.0,69.1,-0.011,54.6,100.0,4.07,27.4,1,18.1,89.1,4,5,0.9301,1
4.1,33.1,50.6,1046.0,43.4,0.47,260.5,97.9,2.1,40.0,0,24.4,54.6,1,4,0.5239,1
4.0,40.4,30.5,471.6,29.5,0.77,356.3,70.3,9.47,81.4,1,28.2,62.0,0,2,0.0807,0
40.5,109.3,22.8,452.0,38.7,0.718,212.0,40.7,11.0,112.3,0,23.8,70.0,0,2,0.0538,0
5.0,33.1,30.6,1643.8,36.1,0.6,264.5,67.0,6.39,55.8,1,14.2,62.5,2,2,0.1966,0
6.0,33.6,44.7,1257.7,36.7,0.578,112.3,92.0,3.39,34.6,1,20.0,54.8,1,4,0.5084,1
1.0,13.3,30.1,1662.6,48.1,0.524,221.5,83.1,3.17,27.9,0,18.7,64.6,1,1,0.2716,0
229.6,597.8,41.4,853.2,90.7,-0.032,242.4,84.5,2.35,5.0,1,24.0,100.0,4,5,0.99,1
53.3,177.5,9.3,644.8,57.1,0.37,45.0,33.8,13.52,128.6,0,21.1,67.3,2,2,0.1045,0
45.3,125.3,44.3,1674.0,51.1,0.427,214.2,89.8,6.03,46.0,0,25.1,71.4,1,4,0.6323,1
27.6,51.2,35.7,1077.2,38.6,0.221,69.2,89.4,1.39,7.7,2,20.3,60.9,3,4,0.7583,1
277.5,596.4,35.2,644.5,87.5,0.317,89.6,86.5,4.97,46.6,1,22.7,100.0,3,4,0.9816,1
64.9,234.7,39.5,645.9,65.9,0.056,327.0,85.2,3.66,34.0,1,25.7,76.9,4,4,0.8179,1
163.9,432.8,32.3,1804.4,83.3,0.253,203.5,80.7,10.51,135.3,0,21.0,92.7,3,2,0.9176,1
64.5,181.3,31.3,1716.8,24.1,0.161,146.6,60.7,3.89,59.5,1,19.0,66.8,3,5,0.5178,1
52.5,170.4,38.5,280.4,56.5,0.028,16.1,85.3,3.16,40.7,0,19.6,75.4,4,4,0.7718,1
126.4,383.6,31.7,883.9,88.2,0.12,258.1,78.9,4.02,30.4,4,23.5,100.0,4,4,0.9826,1
6.8,46.8,28.0,1797.6,24.7,0.768,288.9,59.4,5.85,86.3,0,15.5,54.9,0,4,0.0976,0
46.4,145.8,32.8,1383.3,61.2,0.075,352.1,75.1,4.03,34.2,0,22.2,76.4,4,5,0.7413,1
28.0,90.2,22.7,319.9,72.8,0.494,195.8,58.5,9.8,108.3,1,28.3,79.2,1,4,0.2584,0
64.3,132.6,51.1,893.9,61.3,0.487,332.0,116.7,1.83,20.0,2,22.7,78.4,1,4,0.8491,1
4.2,37.2,23.7,405.0,27.3,0.404,108.0,73.6,9.57,93.0,0,28.7,59.6,1,4,0.1369,0
2.1,33.5,39.6,1639.5,14.9,0.159,274.8,89.4,3.83,68.8,2,13.2,55.7,3,5,0.6766,1
61.8,202.0,31.7,1124.3,56.6,0.502,206.0,80.1,4.96,34.4,0,21.4,75.5,1,3,0.5896,1
183.0,541.6,27.4,1713.3,87.7,0.376,280.7,61.2,4.27,48.3,1,19.9,100.0,2,4,0.9533,1
6.3,33.1,40.0,2293.6,42.1,0.806,329.3,93.5,3.22,43.2,0,12.7,60.1,0,5,0.6181,1
29.2,110.4,41.4,97.4,53.7,0.094,286.2,87.4,1.23,5.0,1,30.7,71.2,3,4,0.8407,1
61.0,163.3,29.3,1611.9,47.6,0.06,359.5,61.4,1.12,21.5,0,19.7,69.4,3,5,0.716,1
3.2,25.4,9.6,1028.1,31.0,0.05,40.6,33.6,14.99,208.4,1,23.5,60.6,3,0,0.0511,0
50.2,175.0,21.8,1594.2,57.0,0.449,93.5,47.6,5.79,54.5,1,20.1,80.5,2,4,0.19,0
50.3,123.5,39.1,690.5,58.4,0.88,25.7,98.4,6.47,82.5,1,24.1,82.4,0,4,0.7126,1
124.4,400.2,50.2,1766.5,73.3,0.238,215.1,111.0,4.57,27.3,1,19.0,100.0,3,5,0.9895,1
21.9,75.4,31.8,1545.7,19.2,0.332,1.0,69.1,8.18,70.5,2,23.9,63.1,3,2,0.2187,0
3.5,9.9,24.1,1315.5,36.3,0.08,260.0,66.3,10.0,73.6,1,24.2,55.2,3,2,0.091,0
140.5,384.7,25.1,1284.9,81.2,0.094,306.8,51.1,2.76,13.7,0,17.3,86.7,4,5,0.9505,1
103.0,269.8,32.1,970.4,85.8,0.371,308.9,73.0,4.95,46.0,0,22.6,97.2,2,4,0.8567,1
14.9,59.9,30.9,1588.7,34.1,0.191,37.6,68.7,7.74,123.9,2,17.9,58.1,3,3,0.1679,0
74.8,147.4,49.5,50.0,63.1,0.144,53.8,94.5,0.68,14.7,2,28.7,79.4,4,4,0.9358,1
6.3,49.3,24.9,505.6,38.4,0.189,332.5,63.5,3.03,19.2,0,26.1,63.6,4,4,0.3282,0
67.6,190.1,23.6,1315.8,53.1,0.316,214.8,58.4,5.2,86.0,0,20.5,76.7,2,4,0.3056,0
67.5,202.1,33.0,887.7,64.8,0.128,8.7,84.1,6.67,63.6,1,24.4,80.6,3,4,0.6948,1
72.3,180.9,32.1,655.2,80.2,0.727,209.2,76.3,5.22,66.6,1,25.3,91.3,0,4,0.7023,1
8.2,30.7,45.2,1539.0,26.5,0.506,247.7,88.6,2.11,60.5,4,20.3,67.1,1,5,0.7191,1
159.8,406.3,44.7,1981.7,76.3,0.578,299.8,88.8,4.36,28.1,2,20.3,84.0,0,4,0.9839,1
65.9,225.1,38.7,919.1,59.2,0.49,283.9,93.7,6.5,58.6,1,21.3,82.5,1,4,0.725,1
2.9,40.1,24.7,1426.2,29.4,0.113,215.3,59.8,7.75,55.9,0,18.4,41.5,3,4,0.3281,0
270.8,750.0,51.0,689.7,91.3,0.106,194.7,114.4,2.28,25.1,2,24.4,96.9,4,5,0.99,1
93.1,254.9,37.9,1435.5,55.5,0.6,59.4,75.1,4.39,39.4,0,25.2,82.3,2,5,0.8569,1
50.7,134.9,27.5,1406.5,79.7,0.114,193.4,72.7,5.65,42.3,1,26.7,75.5,4,4,0.6087,1
36.6,130.6,29.6,274.8,51.6,0.734,76.7,63.2,7.93,61.8,1,30.7,72.5,0,2,0.1726,0
53.6,129.4,26.0,1909.2,55.2,0.704,212.0,75.0,6.08,56.9,0,17.0,79.8,0,4,0.1611,0
56.2,191.3,36.6,502.6,40.3,0.332,135.9,75.3,4.56,25.0,1,28.9,68.5,2,2,0.682,1
17.0,79.3,52.0,185.2,33.1,0.2,318.4,111.6,1.44,27.3,1,29.8,60.4,3,2,0.707,1
69.4,138.0,37.6,500.9,71.7,0.164,201.1,73.4,3.57,6.8,3,26.9,99.0,4,5,0.8787,1
1.6,36.6,34.8,1633.0,33.9,0.05,254.5,77.9,6.97,64.2,0,24.0,54.1,3,4,0.3232,0
283.8,750.0,43.4,1449.9,97.1,0.516,164.5,95.1,0.5,24.3,2,18.0,100.0,1,5,0.99,1
7.9,46.7,24.2,738.7,28.8,0.611,262.2,67.5,2.82,41.9,0,23.2,63.7,1,0,0.0715,0
30.6,98.6,46.9,2728.4,57.6,0.807,143.5,99.5,2.86,28.2,1,12.0,71.1,0,5,0.7708,1
147.4,471.3,19.8,459.0,87.0,0.413,149.9,55.5,9.42,122.8,1,30.6,96.4,2,2,0.7313,1
15.6,42.4,33.6,1448.3,40.7,0.403,276.4,66.6,2.95,37.3,1,16.8,62.8,2,5,0.3848,0
186.1,569.5,32.7,1409.0,81.4,0.27,183.0,70.2,3.42,32.9,0,14.8,96.1,2,4,0.9851,1
161.8,458.7,43.5,1298.5,74.4,0.72,135.3,86.1,5.58,71.6,2,19.8,100.0,0,4,0.9834,1
3.5,21.5,28.5,50.0,22.5,0.246,104.9,80.5,7.51,32.9,0,29.5,59.0,3,2,0.1429,0
37.5,90.3,46.1,1320.0,32.2,0.488,112.0,106.2,2.07,29.6,0,17.5,51.2,1,5,0.6071,1
8.7,37.7,36.5,1469.6,43.5,0.673,166.9,77.6,3.74,62.6,0,17.9,68.1,0,0,0.1443,0
47.3,109.0,37.7,1258.4,48.1,0.56,26.3,75.9,4.26,65.0,0,24.3,70.3,1,4,0.5513,1
81.4,258.9,22.7,203.2,60.1,0.592,83.3,60.5,10.1,122.5,0,25.9,81.1,1,4,0.3825,0
105.5,344.2,29.2,1711.8,74.2,0.295,130.2,72.2,4.06,38.9,0,20.3,93.1,2,5,0.875,1
17.6,74.6,33.4,262.5,55.1,0.073,102.2,78.1,2.9,21.2,0,29.8,78.6,4,4,0.5439,1
38.2,146.4,40.1,536.8,63.1,0.523,286.9,87.2,4.25,31.0,3,20.9,70.3,1,4,0.6535,1
63.8,209.3,44.4,884.7,46.4,0.113,203.1,93.0,1.84,33.2,1,19.9,63.8,4,5,0.942,1
71.7,196.6,21.9,1332.0,68.3,0.707,213.6,42.7,5.37,33.9,0,21.0,83.6,0,4,0.2589,0
67.3,187.4,36.4,1582.2,54.4,0.56,102.1,68.7,7.72,49.5,3,21.8,65.3,1,5,0.7139,1
61.8,195.3,30.9,1349.3,62.0,0.276,290.3,80.2,3.14,6.5,1,23.5,82.9,3,4,0.6502,1
64.0,127.3,37.1,1345.2,62.1,0.406,299.4,79.1,4.43,29.5,0,20.1,71.0,2,4,0.6637,1
103.0,311.3,38.3,765.2,86.7,0.003,178.1,89.8,0.99,16.9,1,21.7,97.4,4,5,0.99,1
144.8,476.4,40.8,1318.0,80.3,0.65,279.4,88.3,5.86,57.5,0,18.4,99.3,1,4,0.9671,1
170.9,378.7,48.6,2349.1,86.9,0.613,216.5,84.8,4.07,43.6,0,17.3,97.3,0,5,0.99,1
93.1,247.9,43.5,729.2,66.8,0.15,197.1,96.3,3.58,43.6,1,21.9,90.8,4,4,0.9195,1
28.0,106.4,26.5,352.2,38.9,0.196,241.9,76.4,6.02,32.1,2,27.0,50.2,3,4,0.2627,0
140.3,378.1,23.5,1553.3,86.2,0.23,286.8,57.3,8.87,129.7,0,20.4,96.3,3,2,0.8293,1
170.9,448.0,48.6,1230.6,81.6,0.061,236.9,116.4,3.57,14.1,0,21.4,95.3,3,1,0.99,1
173.8,446.7,43.8,1680.1,82.5,0.554,156.7,107.2,4.97,76.4,1,20.0,100.0,2,5,0.99,1
262.4,742.7,41.8,1556.0,94.8,0.753,234.8,100.4,5.77,27.4,1,18.1,100.0,0,5,0.99,1
0.7,20.2,24.2,1740.8,40.3,0.197,10.1,60.9,4.18,66.9,0,18.5,59.5,3,0,0.12,0
162.5,423.9,30.7,1287.2,86.0,0.662,36.3,82.0,6.22,62.4,1,18.2,98.2,0,4,0.9288,1
43.2,108.5,42.9,872.6,50.8,0.593,102.3,92.2,4.53,44.1,0,22.0,68.5,1,4,0.5051,1
166.3,322.3,6.7,483.4,94.4,0.223,244.3,27.9,14.37,213.8,0,25.9,100.0,3,0,0.7841,1
8.7,41.4,32.8,1719.3,46.3,0.447,146.3,64.2,7.3,74.9,2,26.1,65.6,1,4,0.5088,1
73.6,208.8,12.8,50.0,57.4,0.052,301.0,45.9,16.48,245.2,0,24.8,79.0,3,0,0.0994,0
3.6,30.8,32.2,1497.8,33.4,0.479,254.7,80.5,3.3,14.9,0,15.0,58.5,1,4,0.4887,0
2.5,31.1,30.2,1418.4,27.7,0.559,46.6,75.1,5.59,41.2,1,18.2,50.9,1,4,0.311,0
99.5,317.4,27.1,1281.3,66.2,0.421,201.4,54.0,4.28,40.4,0,24.3,77.0,1,4,0.6855,1
20.9,70.9,35.2,592.7,54.4,0.129,279.9,63.2,3.03,35.2,1,25.6,80.5,4,4,0.4176,0
138.7,365.7,25.5,1591.1,84.3,0.689,316.5,59.4,7.69,75.4,0,21.5,100.0,0,4,0.7484,1
333.4,750.0,19.2,50.0,98.7,0.441,75.1,46.8,11.36,93.7,1,31.0,100.0,2,0,0.9191,1
15.1,47.3,43.6,218.7,31.4,0.449,120.8,99.8,11.6,115.3,1,31.0,59.6,2,0,0.3157,0
37.9,108.8,30.9,1075.9,48.8,0.191,350.8,76.0,7.59,51.5,1,20.4,64.4,3,4,0.44,0
82.5,262.3,47.8,1380.9,70.4,0.65,42.4,98.1,2.12,18.0,1,20.0,80.5,1,5,0.965,1
61.4,196.6,32.2,1189.9,58.6,0.424,225.4,69.1,8.31,52.7,0,24.2,72.6,1,4,0.436,0
0.2,7.7,13.9,255.5,29.4,0.223,301.6,47.3,17.09,240.8,0,30.1,49.8,3,0,0.0229,0
3.1,25.2,8.6,50.0,42.8,0.589,230.7,34.6,18.42,234.1,1,33.9,68.0,0,0,0.0433,0
143.3,450.2,30.6,547.0,83.0,0.614,15.9,71.1,9.86,93.6,1,28.4,100.0,0,4,0.93,1
29.3,110.3,34.2,957.3,54.2,0.392,293.1,62.4,3.22,56.1,0,24.8,72.3,1,4,0.5761,1
30.0,103.9,12.9,1008.8,69.5,0.221,347.4,45.5,15.46,205.0,0,23.2,77.9,3,0,0.0618,0
40.1,118.9,38.1,1009.4,64.7,0.082,49.0,98.0,3.27,39.4,2,21.5,83.4,4,4,0.7631,1
38.3,124.7,19.4,690.4,69.0,0.795,152.8,56.3,9.13,66.4,1,24.4,87.0,0,2,0.1955,0
15.6,74.6,23.2,350.0,20.6,0.342,179.4,47.5,9.44,66.2,0,28.0,52.3,2,2,0.0967,0
8.2,62.0,36.2,1770.1,47.5,0.574,108.6,78.5,3.07,42.8,0,16.6,59.6,1,4,0.3993,0
25.3,86.6,42.9,838.0,43.1,0.035,262.9,93.2,1.88,60.2,0,26.0,73.9,4,5,0.7172,1
39.5,100.8,14.4,907.6,40.4,0.186,307.9,32.1,14.84,185.7,0,21.8,67.5,3,0,0.0337,0
32.0,96.5,39.7,1802.1,30.0,0.249,62.4,80.2,4.44,59.5,1,22.0,61.8,3,4,0.581,1
95.6,258.6,29.8,739.1,90.3,0.112,351.9,77.0,1.61,34.3,1,25.3,98.3,4,4,0.9653,1
28.2,85.4,5.0,50.0,26.5,0.284,281.0,20.3,18.77,226.4,0,27.3,52.5,3,0,0.0369,0
11.8,61.9,28.2,1062.1,38.5,0.391,348.5,66.6,6.55,65.8,1,22.4,58.5,2,4,0.2513,0
74.7,172.5,16.7,516.2,50.2,0.502,319.1,46.3,6.89,92.2,0,27.1,82.7,2,2,0.1917,0
68.0,211.8,18.0,226.9,66.6,0.563,39.1,57.1,6.66,56.7,0,23.1,84.6,1,0,0.2089,0
3.3,26.7,26.4,150.2,29.8,0.517,237.0,53.7,9.22,106.5,0,27.9,59.2,1,4,0.142,0
48.5,172.3,45.3,463.4,54.8,0.103,117.7,107.2,4.03,30.6,0,28.1,82.8,4,4,0.7771,1
119.3,276.1,31.1,895.0,90.5,0.685,135.7,77.1,6.72,87.4,0,19.7,91.5,0,0,0.6715,1
5.7,43.2,27.2,113.8,49.1,0.05,283.6,55.1,5.63,52.0,0,26.3,65.8,3,2,0.3041,0
28.8,97.1,19.4,303.3,60.2,0.109,69.5,41.7,8.18,85.3,0,29.4,73.4,4,2,0.1175,0
12.9,47.1,40.1,830.9,34.5,0.075,6.5,80.0,0.5,40.4,2,22.3,69.5,4,5,0.7353,1
33.0,135.7,21.8,1492.1,72.4,0.748,211.6,53.9,6.43,73.1,1,19.1,82.4,0,4,0.2306,0
56.1,142.5,10.9,483.9,68.5,0.13,316.8,42.1,16.46,209.1,0,27.1,79.4,3,5,0.2494,0
65.9,143.3,34.5,1987.7,45.5,0.748,294.9,79.4,3.73,43.4,1,22.3,70.3,0,4,0.449,0
9.6,37.5,24.2,1449.8,47.3,0.14,208.0,62.7,8.82,114.7,0,18.8,62.3,3,2,0.1439,0
34.8,83.4,41.0,1003.4,33.5,0.523,89.1,81.0,0.83,39.0,0,23.3,66.8,1,5,0.4657,0
17.1,67.1,29.6,168.1,60.6,0.624,150.8,64.5,7.89,83.3,1,29.0,76.1,1,0,0.116,0
55.5,157.8,21.3,637.9,58.8,0.137,69.3,66.6,11.5,110.0,0,22.3,77.1,4,2,0.1196,0
269.5,750.0,44.1,2413.1,91.1,0.066,74.9,100.7,5.05,43.9,1,20.7,100.0,4,2,0.99,1
244.8,555.8,38.6,1336.6,94.9,0.449,210.7,82.5,3.73,72.1,0,24.2,100.0,1,4,0.9884,1
89.4,261.1,28.8,282.3,83.9,0.49,292.4,75.0,8.86,147.9,1,25.1,100.0,2,2,0.7149,1
8.1,49.6,8.2,180.8,42.5,0.46,198.2,44.7,15.51,95.2,0,25.9,75.6,2,4,0.1051,0
93.7,208.2,58.0,2915.3,47.5,0.8,150.1,104.2,1.97,21.8,1,16.0,79.5,0,5,0.8718,1
37.4,117.5,24.8,535.0,64.3,0.384,181.9,54.7,9.07,118.9,0,21.6,84.1,2,2,0.1874,0
61.1,183.3,15.3,495.0,55.7,0.491,286.5,47.3,8.74,102.0,0,26.5,71.1,1,4,0.1636,0
7.9,34.3,39.4,1219.5,31.9,0.528,127.2,89.1,8.27,70.6,0,20.0,50.1,1,4,0.3248,0
106.7,271.7,14.5,50.0,89.8,0.389,337.8,34.2,13.14,86.9,2,27.5,85.9,2,0,0.6865,1
62.7,183.1,40.8,1487.7,47.8,0.416,276.2,96.3,1.58,25.1,2,17.0,75.9,1,2,0.6779,1
110.6,269.7,43.8,1028.7,80.6,0.082,136.2,87.4,1.41,23.4,0,22.3,89.1,3,3,0.9647,1
165.0,384.0,27.7,1814.7,89.5,0.512,170.1,55.8,6.52,72.9,1,17.1,97.6,1,4,0.954,1
174.4,341.3,25.3,228.7,76.3,0.309,82.4,75.7,7.66,84.9,1,22.2,90.1,2,2,0.8873,1
9.4,37.2,22.2,619.5,28.1,0.706,111.9,46.1,11.86,78.7,1,25.8,60.6,0,2,0.0702,0
36.3,106.6,24.8,610.5,55.1,0.32,125.7,54.5,9.94,104.0,0,23.2,69.0,2,2,0.1546,0
2.0,14.5,36.1,951.6,45.1,0.333,34.0,97.6,3.15,5.0,0,26.0,61.1,1,5,0.6669,1
17.9,73.4,15.5,565.3,39.0,0.6,174.6,49.2,12.02,107.5,0,25.9,62.9,2,2,0.0665,0
113.0,235.7,42.1,1036.0,60.2,0.429,148.0,91.3,0.68,32.0,0,23.9,78.1,1,5,0.9233,1
68.6,201.2,24.4,50.0,56.0,0.356,206.7,57.6,10.95,121.0,0,28.4,84.1,2,0,0.0918,0
95.7,303.2,29.9,549.0,89.1,0.359,196.4,56.0,4.26,40.6,0,24.5,98.2,1,4,0.8403,1
32.1,90.1,35.9,1756.3,56.0,0.171,43.7,75.0,2.48,56.9,1,18.2,74.5,3,5,0.6641,1
1.4,32.0,29.0,1700.7,28.1,0.34,156.8,67.1,3.92,77.9,0,19.1,53.6,2,1,0.1472,0
124.9,409.4,54.8,1035.6,87.5,0.448,24.7,109.8,3.69,50.0,3,21.4,95.4,1,5,0.99,1
33.8,84.3,18.5,713.1,61.3,0.268,205.5,60.9,15.58,204.0,0,24.9,77.6,3,0,0.041,0
17.5,75.2,41.3,1222.8,33.2,0.52,273.6,84.5,3.63,45.3,2,20.5,56.6,2,4,0.6358,1
55.1,155.5,41.1,1408.1,66.1,0.489,345.2,84.1,0.85,48.9,1,23.0,76.5,1,5,0.7799,1
26.5,98.5,34.9,1311.4,66.1,0.477,18.1,81.1,4.39,61.3,0,23.6,75.7,1,4,0.4864,0
51.4,128.0,48.1,2175.6,64.4,0.701,303.8,108.4,5.09,55.1,2,18.9,79.3,0,4,0.6315,1
49.9,169.5,40.4,722.4,56.5,0.519,175.6,75.3,2.23,41.1,0,25.0,79.9,1,5,0.7301,1
5.2,32.9,22.7,759.9,33.5,0.707,190.1,45.5,3.41,88.5,2,20.6,69.7,0,4,0.268,0
60.9,189.2,40.1,1331.6,64.8,0.348,163.6,76.6,3.16,68.2,1,23.6,71.9,2,0,0.6854,1
30.2,82.0,32.8,1414.9,25.0,0.372,295.6,82.6,3.96,34.9,1,21.9,65.5,2,4,0.4985,0
4.4,38.5,36.4,220.1,51.7,0.093,215.9,82.0,3.45,20.4,4,29.6,67.3,4,5,0.6066,1
50.4,157.2,19.2,512.4,25.6,0.168,248.9,57.0,5.2,34.1,0,23.8,66.0,3,4,0.2526,0
55.4,126.1,12.7,543.5,53.1,0.421,125.8,45.1,7.2,87.2,0,23.9,72.4,2,2,0.1561,0
11.3,35.5,7.3,733.6,36.0,0.158,327.8,28.5,15.09,207.8,1,27.6,58.3,3,0,0.0264,0
0.2,27.2,18.9,180.3,34.2,0.423,316.1,63.3,7.62,15.1,1,23.5,62.4,1,2,0.1662,0
51.8,132.5,44.9,1942.0,54.8,0.688,136.5,96.8,4.76,51.9,5,15.8,79.4,0,4,0.7686,1
78.6,160.5,52.2,3330.4,60.7,0.493,220.5,109.4,3.87,41.9,0,9.9,76.9,1,5,0.7894,1
122.1,297.0,11.9,1521.4,79.5,0.581,346.3,40.3,5.78,102.7,0,18.5,100.0,1,2,0.6491,1
34.8,118.5,26.9,238.9,64.5,0.339,333.7,57.2,5.71,22.2,0,25.4,71.1,2,4,0.4425,0
23.1,78.1,28.3,1826.9,45.2,0.739,21.4,76.7,8.41,96.1,0,24.8,68.2,0,4,0.1292,0
102.7,244.6,36.9,735.6,71.5,0.078,206.4,77.2,3.29,22.5,2,25.8,88.2,4,4,0.9203,1
36.7,87.7,33.5,715.4,36.1,0.108,47.8,79.6,1.61,25.7,1,26.0,63.2,4,4,0.763,1
103.2,331.0,28.6,1205.9,81.3,0.417,132.6,61.1,5.03,60.6,0,20.6,85.0,2,4,0.8533,1
5.5,35.5,33.6,1357.8,24.6,0.837,53.6,75.4,4.27,45.8,2,20.4,59.9,0,2,0.3987,0
52.2,123.4,28.3,533.4,55.3,0.084,202.8,70.2,7.95,93.1,0,23.8,67.8,4,5,0.2751,0
35.0,90.1,41.4,668.6,63.0,0.086,114.2,84.3,2.92,5.0,1,23.2,78.0,4,4,0.7963,1
53.1,202.2,16.6,1182.5,53.1,0.43,317.7,46.6,6.53,37.9,0,25.0,65.1,2,0,0.121,0
43.7,120.3,41.6,1366.2,36.6,0.498,249.7,86.5,3.44,50.2,0,20.3,72.1,2,4,0.4134,0
27.5,88.6,22.2,1510.8,36.7,0.587,344.7,57.8,5.54,93.0,1,20.9,64.6,0,4,0.1807,0
42.5,137.9,37.5,1351.1,70.7,0.785,314.6,85.7,9.66,59.0,1,20.6,72.7,0,4,0.4647,0
12.4,43.5,20.2,829.6,34.5,0.58,7.6,45.7,7.64,76.0,0,25.0,69.4,0,2,0.0891,0
9.6,37.2,42.7,2203.1,41.1,0.773,119.0,89.5,3.65,45.2,3,14.6,64.6,0,5,0.6849,1
70.2,183.3,15.9,137.5,57.5,0.515,109.7,46.1,12.32,91.5,0,23.8,75.4,2,0,0.1019,0
74.3,212.6,35.1,1651.1,52.4,0.591,166.4,73.1,5.97,41.1,0,18.2,75.1,0,4,0.6433,1
217.2,551.0,26.7,1279.4,96.9,0.68,187.2,53.6,6.99,103.2,2,20.9,100.0,0,4,0.9615,1
137.8,285.7,31.0,458.3,82.2,0.292,51.3,68.4,4.14,71.2,0,26.3,97.0,3,4,0.9604,1
7.3,45.4,28.1,50.0,28.3,0.143,132.0,54.1,8.07,24.7,0,28.8,58.3,3,0,0.1288,0
69.0,205.1,26.3,1372.3,57.9,0.129,282.1,67.7,5.41,56.1,0,21.5,82.7,3,4,0.54,1
14.1,49.8,46.2,1088.6,29.7,0.015,337.7,112.5,2.6,25.7,2,20.2,64.2,4,4,0.6983,1
104.0,361.7,14.9,860.9,75.1,0.179,237.9,37.4,14.53,198.8,1,23.6,95.4,3,0,0.3325,0
69.9,134.2,21.9,152.8,58.9,0.129,40.2,57.5,17.35,265.0,2,23.5,76.1,3,0,0.0766,0
30.1,83.9,42.0,1330.6,57.6,0.334,34.2,91.5,2.42,42.6,2,19.5,77.8,2,4,0.6649,1
42.6,115.6,30.2,1191.8,65.9,0.65,68.5,69.0,8.34,51.2,2,15.5,84.5,1,4,0.4017,0
7.5,54.1,41.6,1322.2,28.4,0.422,225.3,98.1,5.47,36.0,1,19.4,58.6,1,4,0.5991,1
76.3,202.4,27.6,235.5,56.9,0.594,54.8,61.8,9.27,108.7,0,27.4,88.2,1,4,0.3262,0
242.2,666.1,39.4,1423.5,90.5,0.463,80.2,70.1,1.76,48.9,0,21.0,100.0,2,5,0.99,1
50.2,153.9,30.3,50.0,63.5,0.359,312.6,62.0,12.21,108.8,0,26.8,80.4,2,0,0.1515,0
14.1,44.6,18.6,1583.2,43.2,0.719,225.2,50.9,8.19,70.7,0,21.7,63.9,0,4,0.1622,0
186.9,607.1,44.7,729.5,79.8,0.144,79.4,93.3,2.94,5.0,2,24.2,97.4,4,4,0.99,1
48.5,116.5,5.0,50.0,46.4,0.216,77.2,33.1,17.54,254.3,0,24.7,64.1,3,0,0.0681,0
76.4,260.0,35.2,652.7,64.1,0.066,274.5,73.4,3.22,6.6,0,26.2,86.0,4,4,0.8609,1
48.6,176.3,44.7,1368.6,57.2,0.382,164.0,91.9,4.98,75.8,3,11.6,74.3,1,2,0.621,1
43.0,127.1,31.8,1291.2,37.5,0.509,23.7,71.8,5.95,57.6,2,21.3,68.6,1,4,0.4742,0
58.5,138.3,24.2,1906.9,47.6,0.735,83.5,55.4,6.42,55.7,0,20.7,72.1,0,1,0.2132,0
51.1,165.4,33.4,554.8,61.3,0.058,164.2,77.6,3.11,6.4,1,24.4,78.3,4,4,0.676,1
45.5,136.9,19.3,168.1,49.1,0.591,205.2,51.7,8.36,78.8,0,25.5,76.3,1,0,0.0616,0
11.7,55.7,37.8,1406.2,50.2,0.525,318.3,82.4,2.93,61.4,0,15.9,63.5,1,4,0.4295,0
41.2,117.3,48.1,1569.1,49.2,0.479,334.0,102.2,3.54,56.3,1,18.3,68.8,1,5,0.6516,1
45.8,100.5,42.1,898.8,44.9,0.629,281.6,89.9,8.34,91.6,1,25.3,65.2,0,4,0.3986,0
172.9,501.8,36.2,363.5,79.4,0.386,334.2,84.6,2.91,44.7,3,28.0,100.0,1,4,0.9826,1
209.5,522.2,38.6,1325.3,92.8,0.524,292.8,84.5,5.76,53.0,0,21.8,100.0,1,5,0.9885,1
75.4,192.4,31.0,1265.0,53.8,0.601,49.5,62.8,3.53,76.5,4,22.4,73.2,0,4,0.5582,1
18.5,76.4,34.2,1604.3,36.8,0.694,337.4,68.8,6.61,82.5,1,25.1,53.5,0,4,0.336,0
101.0,264.7,40.8,1504.3,52.5,0.329,7.4,83.6,3.38,56.0,0,18.7,73.7,2,5,0.9062,1
40.6,141.5,47.2,1089.9,42.3,0.008,23.3,78.8,3.98,12.4,0,20.0,67.5,4,5,0.8126,1
24.0,67.0,20.6,1389.9,10.0,0.291,184.9,57.0,7.45,108.3,0,20.4,52.6,3,2,0.0989,0
157.8,382.9,24.1,94.1,73.3,0.473,345.5,64.5,10.88,96.2,0,29.8,79.2,2,2,0.7041,1
61.5,159.4,18.9,303.9,61.5,0.505,204.5,36.6,9.05,97.7,0,26.5,82.6,2,2,0.1027,0
23.0,93.1,38.4,1715.3,54.2,0.515,157.7,77.0,2.58,39.4,1,15.9,80.3,2,5,0.7773,1
6.5,31.5,34.3,735.0,16.4,0.543,161.9,77.3,2.61,63.0,2,27.5,52.2,1,4,0.3646,0
13.1,23.5,31.0,1173.0,33.4,0.625,7.2,56.4,4.34,88.6,2,24.9,58.3,0,4,0.2738,0
72.3,179.9,7.3,865.8,53.4,0.215,244.8,25.0,14.42,207.3,0,26.4,75.3,3,0,0.1525,0
15.1,59.1,12.5,834.3,37.1,0.071,358.4,29.5,13.99,222.7,0,22.4,57.6,4,0,0.0342,0
117.2,364.0,38.2,526.5,78.7,0.674,347.4,83.1,9.96,74.7,1,24.3,92.1,0,2,0.8707,1
38.8,140.8,5.0,52.3,69.9,0.35,226.8,28.1,18.48,263.7,0,25.4,77.4,3,0,0.0355,0
61.8,226.3,8.1,330.3,77.2,0.37,24.1,28.8,10.34,139.9,0,24.4,94.8,2,2,0.3554,0
16.3,61.1,49.9,2110.1,27.7,0.864,358.4,109.5,3.87,19.6,0,17.3,45.6,0,1,0.4328,0
156.7,302.5,41.6,1494.4,96.4,0.561,172.2,93.3,4.34,30.5,1,20.1,100.0,1,4,0.99,1
7.3,56.0,27.8,253.0,55.2,0.039,163.3,69.4,1.72,23.2,0,29.5,67.6,4,4,0.3452,0
150.4,298.2,39.4,1415.1,91.0,0.507,102.0,88.8,4.93,75.2,2,22.1,100.0,1,4,0.9841,1
138.9,295.5,37.7,546.2,78.8,0.074,127.5,91.3,2.45,16.4,0,23.1,89.0,3,5,0.99,1
98.9,290.4,31.7,1576.6,92.5,0.48,338.4,70.0,5.91,62.1,1,24.9,100.0,2,4,0.9502,1
10.6,51.9,30.8,1507.0,41.6,0.325,319.8,79.2,7.29,24.5,1,20.0,62.5,2,4,0.3725,0
14.4,45.9,31.2,1240.2,22.4,0.392,293.7,72.6,3.14,56.5,3,19.9,56.0,1,4,0.509,1
3.2,43.6,33.2,2435.5,43.4,0.177,268.1,74.3,2.68,51.0,3,13.9,63.1,3,5,0.5098,1
67.4,198.2,29.6,633.0,41.6,0.417,136.8,73.4,3.68,34.5,0,24.8,75.8,1,4,0.5979,1
113.4,275.9,21.3,111.4,84.5,0.297,344.3,58.6,13.29,103.5,0,27.1,97.9,2,0,0.4899,0
75.1,228.1,28.5,573.1,58.5,0.535,8.8,63.1,3.63,23.8,0,19.6,84.0,1,0,0.4219,0
1.3,18.1,36.3,1267.6,38.4,0.345,299.0,85.4,1.24,33.7,2,18.8,67.0,1,4,0.6207,1
214.0,486.6,48.2,417.5,77.5,0.089,22.0,98.3,2.38,7.1,1,23.9,98.7,4,4,0.99,1
39.6,102.6,40.0,886.2,51.0,0.77,202.6,81.9,2.61,32.2,2,20.9,75.3,0,4,0.5397,1
70.9,210.5,44.0,528.2,49.0,0.045,175.9,88.3,1.72,26.9,1,26.6,75.6,4,4,0.7917,1
24.4,46.4,44.6,1621.3,49.8,0.355,342.4,91.6,5.65,44.6,1,24.0,73.7,2,5,0.7422,1
160.1,501.3,25.1,1383.4,80.7,0.41,222.8,62.9,6.29,63.2,0,20.0,100.0,2,4,0.9425,1
14.9,71.1,38.1,1479.4,55.3,0.425,234.1,79.3,5.72,49.0,1,18.7,64.0,2,5,0.4782,0
208.0,671.5,51.1,50.0,87.9,0.095,1.9,106.0,1.57,11.4,1,22.8,100.0,4,4,0.99,1
119.8,245.4,37.2,1373.9,89.0,0.504,133.5,89.1,6.28,77.0,2,21.9,97.5,1,4,0.974,1
44.3,104.2,27.6,1173.6,55.9,0.291,228.2,71.5,4.65,57.1,1,18.1,82.1,2,4,0.3778,0
20.2,80.2,37.3,1281.7,32.2,0.335,338.4,85.2,7.81,66.1,0,17.4,66.0,1,4,0.5255,1
170.5,399.2,27.7,50.0,85.1,0.354,52.8,58.4,13.47,99.5,0,31.7,94.5,2,1,0.8313,1
4.3,24.8,32.9,202.4,35.1,0.357,254.9,74.0,9.32,70.0,0,31.1,59.7,2,2,0.2941,0
43.8,105.6,19.3,705.7,51.9,0.05,300.1,36.8,17.31,206.7,0,24.7,73.3,3,2,0.0867,0
62.9,195.0,23.6,355.6,59.1,0.476,16.2,66.4,7.84,88.1,1,25.2,81.9,1,2,0.2961,0
41.9,137.2,37.1,616.1,46.0,0.65,304.6,81.4,4.08,59.2,3,24.3,73.7,1,4,0.6859,1
18.2,77.5,30.7,776.9,36.1,0.061,124.5,66.3,3.2,24.4,2,23.6,68.1,4,4,0.5088,1
51.7,160.2,18.9,50.0,52.8,0.25,104.5,48.9,10.27,117.5,0,30.9,73.0,2,4,0.1631,0
118.6,270.8,51.6,3025.5,90.7,0.606,44.9,98.8,1.26,55.9,1,10.1,99.5,1,5,0.9872,1
57.8,133.6,40.9,1080.1,35.7,0.556,101.6,79.2,1.05,5.0,2,24.6,60.8,1,5,0.8256,1
33.9,127.1,35.3,1268.2,33.9,0.374,21.0,76.1,4.16,68.8,1,19.5,56.7,2,4,0.6009,1
52.1,147.3,6.9,526.4,76.5,0.535,344.1,26.0,14.59,203.2,0,23.3,85.3,1,0,0.0985,0
69.7,155.7,30.2,465.8,62.0,0.014,320.4,70.3,2.3,5.0,1,21.8,82.3,4,5,0.7462,1
12.8,60.8,46.6,1359.5,37.5,-0.03,262.4,90.4,3.47,32.9,0,22.8,57.6,4,5,0.7822,1
48.7,126.6,30.8,243.8,53.4,0.179,118.0,77.3,6.48,33.3,1,27.3,66.7,3,0,0.3629,0
2.2,9.3,18.2,318.5,46.9,0.385,26.7,50.0,6.46,73.3,1,28.6,77.9,1,0,0.0711,0
47.0,152.9,30.6,1250.8,37.5,0.504,235.9,67.4,5.38,34.5,0,22.7,65.4,1,4,0.2959,0
9.0,39.2,34.4,3286.2,30.3,0.304,309.1,72.6,2.41,41.5,1,7.2,50.2,1,5,0.5386,1
100.1,328.7,43.9,1307.8,79.8,0.413,226.2,85.2,0.85,23.4,1,19.9,96.6,1,5,0.972,1
6.3,39.3,35.7,2674.0,30.8,0.17,238.7,87.7,3.99,55.7,0,13.3,51.4,3,5,0.5763,1
23.8,73.6,26.0,1617.3,37.0,0.491,73.4,57.8,6.43,58.5,0,21.5,70.7,2,4,0.1746,0
185.1,429.7,40.3,1190.4,80.1,0.05,309.7,88.7,4.33,23.8,0,19.2,100.0,3,5,0.99,1
1.5,12.0,42.1,2906.7,40.8,0.334,279.9,88.6,1.48,49.1,1,10.4,69.0,2,5,0.6677,1
79.9,192.6,30.3,1511.4,56.0,0.508,89.5,63.6,3.63,25.4,0,14.6,74.7,1,4,0.6781,1
6.7,38.6,31.6,1124.6,37.3,0.706,280.4,77.6,6.36,58.9,0,27.4,56.2,0,4,0.212,0
50.0,159.2,36.9,938.3,50.1,0.12,320.2,68.4,5.23,41.9,1,29.4,72.0,4,5,0.7081,1
175.8,410.6,50.5,551.5,95.2,0.048,107.6,83.6,2.94,28.2,0,23.7,100.0,4,4,0.99,1
35.9,86.2,11.3,590.9,37.7,0.007,243.4,37.7,10.67,141.6,0,22.5,63.5,4,2,0.1087,0
79.4,244.5,41.6,1925.0,55.8,0.05,180.7,97.2,2.53,12.7,0,20.5,83.4,3,4,0.9007,1
27.2,96.4,52.3,389.4,20.2,0.121,296.3,108.6,1.29,18.9,2,26.6,60.0,4,5,0.8609,1
48.5,131.3,23.3,329.8,64.9,0.25,4.3,59.0,12.59,80.4,1,28.0,78.4,2,2,0.1115,0
282.9,614.4,19.0,281.8,88.7,0.322,280.8,53.2,12.95,73.4,0,25.6,100.0,2,0,0.873,1
3.5,30.3,29.3,370.5,36.8,0.136,330.6,60.8,5.65,26.6,0,25.9,65.7,3,2,0.323,0
56.8,156.8,18.8,1438.1,42.4,0.506,99.8,38.8,5.73,63.3,0,22.0,69.6,2,4,0.1539,0
5.7,41.1,26.5,1634.4,10.0,0.569,185.6,75.3,5.48,73.6,2,17.3,46.9,0,4,0.3111,0
343.4,750.0,34.4,1772.4,96.7,0.254,201.5,85.6,4.25,54.7,0,18.3,100.0,3,4,0.9815,1
46.4,140.4,31.6,687.3,27.9,0.445,162.3,75.7,5.69,39.1,1,24.8,62.4,1,0,0.2841,0
23.2,69.7,36.5,50.0,32.6,0.102,202.8,93.3,7.54,47.3,1,31.0,64.8,3,2,0.3379,0
118.6,372.0,35.7,1296.0,86.3,0.023,264.6,77.8,5.07,24.3,1,20.5,92.1,4,5,0.986,1
17.5,81.5,35.0,1274.7,59.9,0.44,265.4,76.1,4.99,85.3,4,22.5,74.5,1,5,0.4223,0
281.8,545.0,37.1,837.0,96.1,0.162,178.8,93.3,2.16,26.2,1,19.0,100.0,3,4,0.99,1
23.9,92.7,29.9,50.0,34.8,0.178,244.7,63.9,5.93,34.4,0,26.9,70.6,3,2,0.2668,0
22.9,77.4,50.5,1657.2,16.4,0.05,316.1,106.9,3.2,35.2,1,21.3,52.9,3,5,0.7003,1
24.4,80.3,29.1,574.3,24.7,0.495,270.9,62.9,9.49,90.8,0,27.2,49.8,2,2,0.1314,0
196.7,505.1,49.3,2477.2,76.9,0.751,45.6,115.4,3.47,49.7,1,18.5,97.8,0,5,0.984,1
15.6,58.3,46.4,1215.2,49.8,0.844,275.2,97.0,5.68,63.5,0,19.7,72.9,0,4,0.4154,0
81.6,212.1,31.1,79.3,38.4,0.078,129.4,72.5,2.39,5.0,0,25.5,69.9,4,5,0.7992,1
43.7,131.8,35.7,1222.2,40.9,0.032,160.9,91.3,4.66,28.7,2,20.1,67.7,4,5,0.7737,1
72.0,174.0,8.4,50.0,56.0,0.247,216.2,20.4,19.21,259.7,0,27.5,74.7,3,0,0.0715,0
46.7,136.0,33.2,422.0,55.7,0.186,105.8,73.5,2.08,5.0,0,28.6,67.6,4,5,0.8229,1
18.7,47.4,30.7,561.3,51.5,-0.001,53.5,83.9,3.42,25.2,0,25.5,68.2,4,4,0.4973,0
136.1,456.6,28.3,261.9,94.5,0.6,76.8,60.2,7.73,110.1,0,24.5,100.0,2,4,0.9114,1
53.4,182.0,8.6,50.0,34.1,0.437,28.8,27.9,11.96,91.6,0,25.9,63.0,2,0,0.0885,0
18.3,40.3,38.4,1374.5,62.3,0.067,151.5,83.3,4.24,30.3,2,23.6,71.3,4,5,0.7697,1
67.0,190.3,29.5,1846.8,59.8,0.816,31.2,62.7,5.01,81.3,0,16.6,72.3,0,4,0.2519,0
2.1,27.1,38.0,1418.3,25.6,0.12,66.8,78.7,2.25,5.0,0,20.5,54.6,3,5,0.7817,1
51.8,162.3,28.7,1570.4,63.3,0.19,47.1,70.3,3.75,45.2,1,19.2,78.1,3,5,0.6839,1
103.4,281.5,36.6,1307.4,84.1,0.509,339.3,82.6,3.31,60.2,1,18.6,99.7,2,4,0.9507,1
74.5,165.8,31.6,258.6,62.5,0.315,152.0,65.6,7.95,73.9,0,32.2,86.0,3,0,0.2358,0
138.2,353.9,34.5,735.5,80.1,0.449,116.0,78.7,5.37,60.4,0,23.7,98.6,1,4,0.9084,1
36.7,82.0,36.7,1653.1,50.4,0.064,121.8,83.0,4.4,43.6,1,18.9,70.5,4,5,0.6216,1
255.1,536.7,46.3,1578.0,87.9,0.764,212.2,91.3,3.01,42.2,1,15.1,100.0,0,1,0.9869,1
5.2,48.3,20.4,50.0,48.1,0.077,77.1,59.5,13.49,109.5,0,27.7,61.5,4,5,0.1586,0
118.2,261.1,18.1,531.9,93.5,0.36,277.4,46.5,8.6,73.9,0,27.2,100.0,1,4,0.7763,1
42.8,133.8,12.4,1212.9,55.1,0.459,316.4,28.1,6.4,53.6,0,21.5,75.6,2,4,0.3222,0
32.9,79.1,28.7,1538.6,47.4,0.392,115.1,61.2,4.92,52.1,0,21.2,69.6,2,4,0.3305,0
275.0,750.0,26.5,1372.8,98.1,0.131,34.8,71.3,5.39,14.8,0,17.4,100.0,4,1,0.9741,1
120.9,372.6,21.0,905.7,80.8,0.515,95.3,65.5,8.59,71.8,0,23.2,94.4,0,4,0.7878,1
81.5,247.7,28.6,1307.2,58.4,0.176,77.2,70.5,6.69,101.5,0,20.2,76.6,3,2,0.4413,0
60.5,124.9,11.1,88.0,58.0,0.606,28.2,36.1,18.05,257.6,1,29.2,73.1,1,0,0.0739,0
0.4,25.2,38.0,1397.5,36.2,0.326,106.0,82.2,4.2,34.6,3,18.8,74.4,1,5,0.7686,1
52.5,157.0,23.8,1552.3,74.5,0.057,224.5,56.3,3.04,36.1,0,22.7,92.5,4,5,0.3797,0
75.0,185.2,18.6,1360.3,61.4,0.366,220.8,40.8,5.92,55.3,0,25.2,80.1,2,4,0.3098,0
153.6,380.7,32.0,1443.7,77.4,0.737,184.4,62.7,4.13,48.0,1,21.5,100.0,0,4,0.8936,1
165.8,463.1,30.3,293.5,89.6,0.044,333.4,83.8,1.19,5.0,1,33.9,100.0,4,5,0.9897,1
125.6,384.7,41.6,837.7,75.5,0.459,11.2,74.5,4.25,28.3,0,21.7,89.6,1,4,0.9397,1
43.0,164.6,26.7,1567.4,54.7,0.538,151.8,60.3,7.43,65.1,0,24.3,78.2,1,2,0.1607,0
53.4,117.8,20.7,418.9,49.1,0.389,0.8,49.3,7.11,92.8,1,25.2,67.5,2,2,0.2238,0
108.9,286.7,33.5,2011.8,79.0,0.821,234.7,84.1,3.36,55.3,1,14.5,97.6,0,4,0.9209,1
65.1,216.9,40.1,416.9,61.4,0.137,145.4,94.8,0.52,9.3,1,26.9,72.5,4,5,0.8706,1
59.9,187.2,35.9,1198.5,66.9,0.333,184.6,86.9,2.46,14.8,3,23.4,79.3,3,4,0.6997,1
34.1,102.9,42.5,1074.5,55.7,0.346,242.6,80.9,3.02,30.8,2,22.9,73.9,1,5,0.7329,1
26.5,92.5,38.2,660.2,44.9,0.019,39.1,91.9,4.83,21.1,3,22.9,67.4,4,2,0.5731,1
13.4,34.1,22.2,610.7,44.1,-0.039,301.7,50.6,3.32,20.5,0,22.0,71.4,4,4,0.3247,0
28.2,85.0,48.0,3109.0,35.8,0.315,84.8,116.3,1.12,54.4,1,11.2,56.0,1,5,0.8291,1
34.7,123.6,42.5,511.8,25.7,0.52,160.7,89.2,8.02,96.4,1,26.0,58.6,2,2,0.2842,0
26.6,87.6,55.0,50.0,27.2,0.019,72.3,120.0,2.71,15.3,2,30.2,61.9,4,4,0.8494,1
27.1,95.4,31.6,203.0,64.5,0.146,306.1,61.0,5.72,46.9,2,29.4,80.1,3,4,0.5118,1
90.6,279.0,51.6,1113.9,61.5,0.069,120.1,106.9,2.24,44.0,1,22.2,84.4,4,5,0.9039,1
92.8,296.9,29.9,552.4,86.0,0.544,232.3,69.1,4.98,69.0,1,27.5,97.4,1,1,0.7939,1
78.4,251.0,39.4,1220.2,81.9,0.553,71.4,87.2,3.85,36.7,2,23.9,83.1,1,4,0.8939,1
42.0,156.5,41.0,1176.4,23.8,0.459,202.9,83.1,3.6,21.5,0,26.9,60.3,1,5,0.6827,1
219.9,483.2,44.4,556.2,88.0,0.619,174.1,104.3,5.01,39.3,2,24.2,98.1,1,4,0.99,1
43.2,109.3,36.1,1501.7,55.6,0.492,316.4,86.7,8.84,64.9,1,24.0,68.3,1,4,0.4269,0
45.1,156.9,27.6,1621.8,44.3,0.193,88.2,50.8,6.49,57.3,0,20.4,66.2,3,5,0.3785,0
71.0,148.0,42.0,1247.4,68.5,0.439,226.9,99.6,6.18,49.4,2,30.1,82.0,1,4,0.717,1
50.2,135.4,29.7,1373.1,57.8,0.422,87.6,72.8,5.56,50.4,0,18.8,78.1,1,4,0.377,0
133.1,320.2,43.9,1247.8,78.9,0.103,20.7,98.4,1.86,5.0,1,21.4,90.1,4,5,0.99,1
3.5,36.2,43.9,1327.2,26.5,0.204,166.2,89.2,0.5,35.6,0,18.9,55.4,4,5,0.7453,1
129.0,329.2,41.6,1306.1,87.8,0.535,1.3,79.8,1.96,9.9,2,23.7,100.0,1,5,0.9877,1
73.9,151.7,26.8,228.5,60.6,0.17,35.0,69.2,5.35,34.4,1,30.0,77.9,3,2,0.3177,0
28.1,126.9,17.6,521.5,35.1,0.07,339.4,47.4,12.85,128.3,0,28.7,56.4,3,2,0.1043,0
186.9,534.7,30.7,2303.0,86.4,0.718,65.4,79.6,3.15,17.3,1,15.6,100.0,0,4,0.9809,1
11.2,33.5,21.5,330.6,17.9,0.563,195.3,62.8,9.4,118.6,1,27.1,54.0,2,2,0.0643,0
45.1,146.6,42.3,1460.7,55.7,0.502,58.5,92.1,2.13,7.8,5,19.5,72.2,1,3,0.894,1
19.0,74.4,37.2,1431.5,35.0,0.453,165.0,79.6,1.53,26.8,1,16.8,69.5,1,5,0.7121,1
63.5,201.0,27.9,762.6,70.0,0.749,66.9,72.5,8.73,60.8,0,18.4,87.4,0,5,0.3623,0
83.4,264.4,26.2,1023.7,79.7,0.427,331.0,82.0,3.57,55.5,0,18.6,96.0,2,4,0.5512,1
23.2,67.1,27.0,1281.4,33.2,0.442,148.4,73.4,4.89,46.9,0,20.0,65.1,2,5,0.2485,0
37.5,134.9,41.1,1089.4,35.6,0.23,322.7,89.8,3.16,5.6,1,20.1,60.4,3,4,0.7823,1
92.0,203.1,38.6,485.4,53.9,0.105,50.7,88.3,3.87,6.9,0,28.3,82.5,4,4,0.8704,1
46.1,171.4,32.5,1862.5,57.8,0.397,273.0,81.6,3.1,36.9,0,13.8,74.8,2,5,0.4748,0
2.0,19.2,34.4,1146.5,60.0,0.35,311.5,70.0,4.01,35.0,1,18.2,59.7,3,3,0.6009,1
194.0,435.6,26.3,1318.8,79.6,0.543,257.9,60.1,4.87,80.3,0,23.5,98.9,1,4,0.9253,1
167.9,445.3,38.9,1516.9,87.1,0.296,180.4,90.3,1.63,46.4,1,22.4,99.0,3,5,0.99,1
153.2,384.5,28.8,207.5,78.0,0.731,8.9,63.6,1.8,24.2,0,24.8,92.1,0,5,0.9239,1
183.6,602.4,26.2,1616.7,76.6,0.366,300.8,74.3,3.76,58.4,0,17.5,96.7,2,4,0.9229,1
53.5,147.4,39.9,1606.3,29.0,0.452,79.4,84.5,4.37,58.9,1,23.9,66.0,1,4,0.7233,1
7.5,54.5,29.2,1366.3,38.1,0.231,343.4,71.0,3.07,28.0,1,22.8,55.0,3,5,0.6754,1
65.6,203.8,32.1,458.2,57.4,0.563,111.0,70.2,12.07,145.6,1,23.0,71.8,2,2,0.266,0
153.5,400.0,38.2,1877.0,87.8,0.537,47.9,101.8,4.63,43.5,2,18.5,98.4,1,5,0.99,1
55.0,116.6,23.9,2054.3,52.3,0.626,198.5,53.4,8.55,53.1,2,14.6,68.1,0,4,0.2183,0
61.4,216.2,23.1,1038.4,52.1,0.72,62.2,48.2,4.92,82.7,0,21.3,80.3,0,4,0.1296,0
170.7,413.2,22.3,50.0,95.3,0.444,157.0,57.4,6.86,69.8,0,28.8,100.0,1,0,0.8775,1
9.0,25.9,36.8,521.3,22.6,0.101,224.4,86.9,2.97,34.1,2,21.3,64.0,4,1,0.5042,1
24.4,84.8,26.3,720.2,39.3,0.317,25.3,47.9,5.03,58.0,1,22.7,85.2,2,4,0.1734,0
56.8,182.5,38.5,1346.7,45.2,0.237,284.6,82.0,0.5,21.3,0,23.5,69.8,3,5,0.7591,1
70.9,203.2,32.2,1078.9,55.8,0.65,274.1,71.0,6.67,48.0,1,22.9,77.1,1,4,0.4173,0
223.9,493.3,33.1,2325.2,92.9,0.702,272.2,61.8,2.79,25.1,3,15.0,100.0,0,5,0.99,1
26.1,72.0,33.6,739.2,42.6,0.12,41.1,72.1,4.09,35.7,1,29.3,61.4,4,4,0.5282,1
27.5,46.2,28.1,1004.1,40.0,0.572,195.7,75.4,5.21,53.5,0,20.9,65.5,0,4,0.2259,0
151.8,406.7,21.0,1416.5,80.1,0.398,353.2,44.8,5.51,96.7,0,19.9,96.9,1,4,0.879,1
21.7,64.0,26.7,71.6,23.7,0.312,192.0,64.8,12.47,85.9,0,29.3,53.4,2,0,0.089,0
82.1,247.6,32.5,67.6,50.8,0.418,187.9,82.1,11.08,100.5,4,28.4,73.3,2,5,0.6791,1
20.6,70.2,37.3,1461.1,49.6,0.223,188.4,90.8,2.42,29.1,2,14.5,73.0,3,5,0.722,1
214.4,455.0,40.7,1522.6,100.0,0.394,262.0,97.7,1.36,12.2,0,16.7,100.0,1,5,0.99,1
15.9,77.6,43.8,1426.4,31.1,0.575,259.9,81.0,7.75,64.7,2,17.0,53.9,1,4,0.6895,1
7.7,13.9,33.0,1363.6,27.6,0.232,313.9,83.4,7.59,125.4,1,15.3,58.4,3,2,0.2419,0
16.7,47.9,41.6,1285.2,32.5,0.075,166.2,86.9,1.63,21.4,0,19.6,63.5,3,5,0.7132,1
220.0,483.3,27.9,534.3,93.4,0.72,152.2,84.2,10.29,63.1,0,27.1,100.0,0,2,0.9528,1
34.9,147.4,42.7,1343.7,50.8,0.135,237.6,90.9,1.92,22.4,1,20.3,68.1,3,5,0.8078,1
44.1,112.2,31.4,2176.3,43.5,0.66,28.2,97.0,5.08,39.2,1,17.3,73.8,0,5,0.4359,0
35.3,136.9,29.3,1438.7,10.1,0.488,273.8,72.7,5.07,63.9,1,23.6,58.7,2,4,0.3267,0
103.5,357.5,27.1,1085.3,54.1,0.754,336.1,46.9,6.12,52.4,0,21.8,87.5,0,4,0.5169,1
49.9,105.0,17.6,1305.4,70.0,0.58,148.3,39.4,4.47,91.2,0,21.4,85.5,2,4,0.3253,0
145.6,307.0,32.5,618.2,90.1,0.562,307.6,67.4,2.0,62.9,0,27.2,100.0,2,4,0.9856,1
123.1,326.8,14.6,862.6,84.3,0.268,184.8,34.2,11.58,106.9,0,21.5,86.2,2,2,0.8085,1
85.3,203.9,40.5,1301.8,77.6,0.217,346.4,100.3,3.71,43.6,0,21.2,92.7,3,5,0.9326,1
24.7,83.1,47.7,1867.3,59.2,0.354,355.4,94.6,4.33,21.3,0,15.1,84.5,2,3,0.621,1
33.2,75.3,40.7,672.9,57.4,0.468,347.0,91.1,10.72,80.5,3,26.8,81.4,2,2,0.3909,0
24.4,67.3,39.9,590.7,63.2,0.032,104.2,98.2,3.11,31.4,1,26.7,81.6,4,4,0.6146,1
10.2,36.8,32.1,768.9,28.1,0.515,234.3,75.4,3.05,5.0,0,27.8,60.2,1,5,0.605,1
44.6,97.2,28.3,811.6,56.2,0.123,320.6,69.7,2.64,59.3,0,23.8,69.6,3,4,0.2426,0
208.2,392.8,58.0,1478.4,91.7,0.467,225.0,119.9,3.55,31.9,1,16.4,100.0,1,5,0.99,1
40.6,128.5,26.8,1307.5,33.0,0.205,352.1,61.8,4.42,14.0,0,20.8,65.6,4,5,0.3604,0
25.0,73.5,25.6,512.1,31.1,0.091,211.1,53.7,3.81,9.6,0,22.7,68.7,4,4,0.4791,0
68.7,154.7,21.3,133.4,57.1,0.296,318.2,54.2,10.85,96.3,1,29.3,77.1,2,0,0.1084,0
164.3,520.0,5.0,50.0,83.0,0.257,245.9,19.4,17.17,257.5,0,25.1,100.0,3,0,0.7467,1
163.3,462.5,43.4,1163.3,76.3,0.535,39.2,90.0,6.61,63.6,0,23.7,95.3,1,4,0.9558,1
239.0,614.5,12.8,1640.7,92.8,0.175,71.0,38.5,6.37,114.6,0,21.4,100.0,3,2,0.9275,1
49.0,132.4,29.5,1334.3,49.5,0.463,56.1,69.6,6.05,30.0,1,23.2,73.3,1,2,0.2363,0
127.6,437.7,24.7,359.0,83.6,0.471,223.9,58.4,6.65,39.4,1,21.5,88.7,1,0,0.8036,1
242.6,750.0,25.3,50.0,94.5,0.349,176.0,46.6,7.46,98.2,1,28.0,100.0,1,0,0.9389,1
0.3,32.2,29.5,1532.8,30.9,0.367,349.7,59.5,4.86,47.2,1,18.6,61.3,2,4,0.3285,0
10.8,52.1,49.6,973.1,64.0,0.019,348.6,116.2,1.22,16.3,2,25.5,79.9,4,5,0.8786,1
108.9,248.2,41.8,2333.5,92.3,0.657,37.1,93.4,4.25,64.8,2,9.6,93.9,0,5,0.9781,1
137.7,383.7,33.5,365.0,77.3,0.65,206.0,63.7,8.49,88.4,1,24.8,94.7,1,5,0.9319,1
29.1,93.2,19.0,102.1,28.5,0.395,179.1,48.6,13.24,99.4,0,27.6,62.7,2,2,0.0586,0
51.4,114.6,26.7,1511.3,89.6,0.459,69.2,53.2,5.87,70.3,0,21.9,88.2,2,4,0.5163,1
1.0,34.5,42.5,1443.1,28.0,0.606,238.9,90.8,0.74,5.0,1,19.5,50.7,1,5,0.7846,1
68.9,158.8,17.1,1245.6,60.7,0.168,34.0,54.5,8.77,106.0,0,24.2,76.2,3,2,0.1715,0
158.5,504.3,49.2,1437.2,80.7,0.139,228.9,104.3,5.78,58.1,1,15.7,96.0,3,5,0.9872,1
12.0,31.7,9.1,261.6,25.3,0.385,234.1,29.4,12.81,99.1,0,25.2,58.9,2,0,0.028,0
61.3,176.3,35.9,1335.9,48.3,0.456,151.7,82.3,6.65,61.3,0,17.8,70.6,2,4,0.57,1
21.1,88.0,43.8,2982.3,24.1,0.097,66.7,101.5,1.41,36.0,2,13.0,61.7,3,5,0.8127,1
120.5,327.8,15.0,494.5,83.5,0.141,108.4,39.1,3.88,47.2,0,26.2,96.9,3,2,0.8607,1
150.6,348.6,27.7,1287.5,85.9,0.062,33.8,68.7,3.42,48.9,0,20.5,89.2,4,3,0.9559,1
71.1,218.7,23.4,2078.4,69.8,0.685,344.8,46.5,3.2,45.0,0,14.7,77.3,0,4,0.3261,0
4.6,35.5,26.4,1341.5,38.9,0.171,289.1,60.8,4.34,27.4,0,22.9,63.2,3,1,0.1569,0
71.2,189.9,39.1,1332.2,51.9,0.303,312.9,74.8,3.03,12.3,1,21.2,78.0,3,5,0.8678,1
86.2,220.4,24.6,846.9,56.2,0.067,306.9,48.5,13.42,185.0,0,23.1,76.5,4,0,0.1349,0
59.9,173.0,40.7,769.7,63.7,0.05,293.5,91.5,2.12,12.4,0,25.8,80.9,3,4,0.7266,1
126.8,342.4,37.4,940.6,77.1,0.474,133.0,98.5,4.04,34.1,0,25.0,96.0,1,4,0.9408,1
59.4,144.7,34.8,1253.3,55.0,0.327,26.9,89.2,4.07,73.3,2,24.4,71.9,2,4,0.6846,1
134.1,345.6,28.4,1869.9,82.0,0.832,19.4,65.5,5.05,64.4,0,18.0,94.3,0,2,0.8412,1
162.7,317.8,45.5,798.4,67.9,0.061,23.3,98.1,1.15,36.2,2,23.3,92.9,4,0,0.9548,1
43.6,136.9,17.3,408.0,65.1,0.516,151.0,38.6,12.9,109.0,0,24.7,77.7,2,0,0.0578,0
14.0,73.5,31.3,1676.2,36.6,0.697,40.0,61.2,6.05,73.1,0,20.1,63.4,0,5,0.3161,0
186.4,490.1,11.3,673.2,92.5,0.123,317.9,32.9,15.88,209.3,0,23.2,100.0,3,2,0.9191,1
56.8,158.3,46.6,916.5,79.8,0.117,33.2,108.9,2.97,36.6,3,24.6,92.7,3,4,0.9278,1
63.6,224.5,26.8,413.1,49.3,0.483,263.6,50.5,10.69,132.8,0,26.0,68.4,2,2,0.2006,0
3.9,28.9,38.6,1388.6,24.2,0.603,41.6,70.8,6.13,50.2,2,19.9,56.7,1,0,0.3136,0
83.8,223.8,40.6,950.5,52.8,0.385,328.8,88.4,5.23,71.8,3,22.5,69.2,1,4,0.7302,1
53.0,181.5,18.5,1312.7,63.4,0.248,96.1,51.4,4.43,28.0,0,16.7,81.2,3,5,0.4591,0
72.3,235.8,35.5,1338.6,70.7,0.058,314.4,77.8,4.65,21.0,2,21.6,75.2,4,5,0.8835,1
154.2,418.9,39.3,682.6,86.0,0.528,343.4,71.4,1.22,37.8,1,27.7,100.0,1,4,0.9825,1
254.3,559.8,28.3,721.1,92.2,0.094,355.3,67.6,4.73,37.0,0,27.2,100.0,3,4,0.9776,1
8.1,37.8,35.7,2155.2,25.4,0.677,102.6,74.4,3.41,48.5,2,17.1,54.1,0,5,0.4296,0
46.4,153.9,31.6,1410.5,37.0,0.821,189.6,78.5,5.76,61.6,1,19.0,64.4,0,4,0.4173,0
90.6,251.7,37.6,309.6,74.1,0.409,73.4,81.7,2.19,15.1,0,24.2,93.1,1,5,0.9373,1
179.7,550.4,36.3,1233.5,97.1,0.812,335.7,77.9,6.25,89.0,1,25.3,100.0,0,4,0.9822,1
27.5,88.0,26.8,737.9,65.5,0.115,347.8,55.7,5.07,40.5,0,23.8,76.4,4,4,0.3168,0
15.3,66.9,36.2,601.2,23.6,0.08,138.1,81.3,5.42,5.0,2,21.6,58.1,4,4,0.7587,1
38.9,89.1,25.1,1108.6,44.5,0.195,37.0,57.4,7.21,32.0,1,23.0,64.0,4,5,0.3133,0
4.9,36.1,43.7,1068.2,38.1,0.686,212.5,91.6,2.42,18.4,1,25.8,60.4,0,5,0.6437,1
53.8,171.6,36.2,1227.3,48.5,0.363,318.6,73.3,5.91,34.0,1,23.9,69.9,1,4,0.6406,1
13.0,71.8,37.0,2980.6,31.6,0.613,185.2,82.9,1.93,7.4,0,14.1,58.0,1,5,0.6938,1
7.2,31.9,5.0,769.6,34.3,0.179,213.5,30.9,13.22,205.1,1,18.8,61.2,3,0,0.088,0
22.0,66.5,40.5,1457.7,38.1,0.266,21.3,75.7,2.34,54.1,1,21.7,62.4,3,5,0.6638,1
57.1,130.4,26.3,1420.1,57.1,0.477,200.4,77.5,6.28,70.0,0,20.4,75.8,2,5,0.3128,0
58.3,181.5,21.6,101.7,61.6,0.321,355.8,55.2,9.02,105.8,2,20.0,75.4,2,1,0.13,0
176.3,542.5,8.9,50.0,85.4,0.069,200.4,26.3,18.0,263.3,0,25.8,93.3,3,0,0.7589,1
64.9,211.0,30.4,1542.9,65.7,0.5,332.4,60.6,3.69,49.5,0,18.4,75.5,1,4,0.6224,1
9.9,47.8,38.6,1417.3,29.7,0.25,314.5,88.1,6.49,52.9,3,22.9,60.9,2,4,0.5296,1
8.5,42.6,34.6,931.0,12.4,0.401,128.1,81.5,9.61,71.1,3,23.4,59.9,2,2,0.3195,0
56.4,151.8,22.3,1710.9,55.0,0.717,86.0,48.6,3.92,92.6,0,16.6,69.7,0,4,0.2188,0
146.8,348.6,29.9,1480.0,76.9,0.046,93.7,66.4,4.49,22.8,0,25.0,100.0,4,4,0.9583,1
9.1,23.5,37.9,2509.3,19.8,0.73,143.9,83.9,4.55,50.8,2,13.7,59.1,0,3,0.4462,0
70.7,210.3,27.9,858.0,49.2,0.394,165.8,62.8,12.57,139.3,1,22.3,64.0,2,2,0.2618,0
22.1,81.0,37.1,671.7,41.8,0.828,359.2,81.6,8.32,53.6,2,19.1,61.6,0,2,0.193,0
143.2,325.6,27.9,1336.7,84.9,0.393,116.6,54.8,6.02,68.2,0,19.9,90.7,1,4,0.9438,1
153.3,471.8,10.9,903.2,82.5,0.07,300.2,54.1,16.91,201.5,2,24.9,100.0,4,0,0.7834,1
9.4,54.4,27.2,646.0,31.1,0.451,132.7,70.1,3.03,27.3,2,22.6,61.0,2,5,0.5217,1
77.9,191.7,30.0,496.9,45.7,0.476,26.8,65.8,4.64,29.9,2,26.1,78.7,1,5,0.7076,1
95.3,296.0,20.8,175.9,55.8,0.103,328.7,52.3,4.86,22.5,0,25.5,73.9,3,2,0.4944,0
124.6,356.7,20.0,269.2,85.7,0.65,106.9,56.5,8.58,86.7,1,24.2,100.0,1,4,0.8001,1
230.5,513.5,32.6,1646.0,88.7,0.334,110.4,67.9,1.37,44.8,2,17.5,100.0,3,5,0.99,1
38.0,122.7,39.9,204.3,42.8,0.235,174.7,84.8,4.73,32.8,2,24.0,63.3,3,4,0.6402,1
59.3,164.1,34.6,412.9,61.1,0.118,309.0,74.8,0.9,5.0,1,23.2,83.5,4,5,0.8201,1
4.5,40.6,37.2,350.6,53.3,0.806,157.9,76.3,2.65,5.0,4,30.9,62.9,0,4,0.6787,1
0.5,24.3,40.1,3195.5,40.2,0.361,78.9,77.4,1.97,47.1,2,10.7,70.3,1,5,0.7845,1
169.9,440.6,21.7,50.0,87.3,0.542,73.1,48.2,8.53,74.3,1,32.6,100.0,1,4,0.9069,1
9.1,49.6,48.5,3119.0,22.5,0.428,33.1,104.8,2.41,24.6,2,15.5,55.8,1,5,0.6782,1
94.7,308.0,34.3,775.2,54.9,0.085,194.5,73.4,1.84,5.0,0,24.1,77.5,4,5,0.8689,1
53.2,164.0,41.1,342.1,50.6,0.803,132.7,80.7,9.17,70.2,0,24.9,75.3,0,2,0.437,0
33.6,126.9,33.6,1097.8,31.8,0.743,98.2,74.7,6.99,77.1,0,28.5,62.2,0,1,0.26,0
65.8,180.8,17.8,1499.9,58.9,0.379,216.1,52.4,4.78,71.9,0,18.5,76.0,1,4,0.3087,0
30.3,82.3,26.5,1260.6,33.8,0.446,124.1,60.7,7.26,41.2,0,21.8,74.2,1,4,0.2001,0
244.3,544.3,27.3,134.3,87.6,0.441,294.0,71.3,9.72,85.1,0,30.5,100.0,1,4,0.9458,1
30.2,113.2,27.7,286.3,13.7,0.34,284.8,66.4,8.02,80.1,0,24.9,54.0,1,0,0.0763,0
55.5,198.7,40.0,1462.1,64.0,0.622,76.6,76.9,4.43,90.0,1,19.5,75.9,0,4,0.5907,1
134.7,325.0,33.3,336.6,85.4,0.062,99.2,81.1,3.14,42.2,0,26.1,100.0,4,4,0.9763,1
10.6,50.4,29.0,1857.4,35.6,0.742,271.2,63.5,5.62,73.0,1,21.5,65.5,0,4,0.2208,0
14.7,68.1,26.9,516.2,44.9,0.807,282.0,84.0,9.87,97.0,0,21.6,66.6,0,4,0.178,0
34.2,134.7,47.7,2151.5,47.6,0.75,272.8,96.4,2.73,51.2,2,15.6,74.8,0,5,0.7272,1
54.8,146.5,30.7,1837.3,52.9,0.212,179.9,81.6,3.79,38.0,0,16.5,64.6,3,5,0.7251,1
84.1,259.6,38.7,401.2,63.7,-0.05,88.6,81.6,4.46,44.9,0,27.6,88.5,4,2,0.799,1
189.5,402.4,40.5,1149.4,91.0,0.197,94.3,86.4,3.63,5.0,1,22.5,100.0,3,4,0.99,1
40.7,140.9,36.7,360.6,50.2,0.473,85.1,72.8,8.47,97.7,2,27.1,67.1,1,1,0.2862,0
156.5,370.1,42.2,3333.3,93.8,0.488,72.9,74.5,2.9,33.8,0,5.6,100.0,1,3,0.9893,1
73.9,242.8,46.6,465.2,56.9,0.153,351.9,93.4,0.5,25.7,1,24.5,73.9,4,5,0.922,1
134.2,320.9,30.0,316.0,78.0,0.805,196.8,73.2,8.67,84.3,0,25.9,88.1,0,2,0.7828,1
82.0,182.3,25.7,1813.2,38.9,0.133,22.6,56.1,6.86,90.2,0,21.9,72.1,3,4,0.3374,0
20.9,45.6,5.8,1050.2,35.5,0.186,316.9,15.8,17.36,186.7,0,23.1,61.2,3,0,0.07,0
47.3,175.7,47.6,1541.8,59.4,0.624,139.4,102.5,0.57,51.8,4,22.8,81.7,1,3,0.6568,1
1.8,24.0,20.7,352.7,43.1,0.14,97.7,58.7,5.69,23.9,0,21.0,72.0,3,2,0.1297,0
33.2,90.2,41.0,1607.8,65.1,0.576,101.6,85.2,4.96,28.9,1,20.9,77.5,2,5,0.5309,1
181.4,352.4,48.1,1417.7,87.6,0.496,237.6,94.7,1.72,65.4,1,21.7,100.0,1,5,0.99,1
140.8,311.9,49.0,1267.2,79.4,0.406,341.6,116.6,0.85,33.0,3,22.3,88.9,1,5,0.99,1
15.4,64.9,37.9,528.1,19.9,0.539,285.9,74.8,3.66,36.6,0,27.5,57.8,1,0,0.2521,0
58.0,135.3,23.5,1390.8,68.2,0.531,99.6,57.5,4.13,48.9,0,18.7,81.0,1,4,0.275,0
47.0,96.6,24.6,1352.7,49.5,0.465,67.7,61.4,7.03,67.5,0,19.6,66.9,1,4,0.2243,0
138.7,407.8,51.5,541.7,81.3,0.22,39.2,98.1,0.78,34.4,1,25.0,92.1,4,2,0.9867,1
277.2,694.2,33.2,327.6,79.0,0.146,75.4,72.7,7.44,36.7,1,28.0,100.0,3,2,0.9749,1
27.5,100.9,30.2,1180.8,36.5,0.839,285.2,75.9,5.73,34.6,1,22.5,57.1,0,3,0.2694,0
79.7,194.7,23.6,1345.5,58.3,0.561,216.0,66.6,6.16,58.1,0,21.9,79.2,1,4,0.5598,1
61.2,189.1,37.9,1091.2,50.1,0.091,239.0,75.4,3.36,38.6,1,21.9,75.7,4,5,0.7579,1
58.7,149.2,40.3,1604.3,51.4,0.284,248.9,81.5,1.87,41.9,0,18.9,71.4,3,5,0.7783,1
35.8,127.4,40.4,662.4,49.0,0.083,196.8,68.7,1.64,29.1,1,24.7,76.0,4,4,0.8302,1
86.2,199.8,41.6,230.2,76.8,0.633,206.5,84.3,5.86,53.9,2,26.6,93.1,0,4,0.9428,1
48.2,172.3,24.8,1591.3,35.0,0.194,296.3,52.5,6.73,96.4,0,19.1,69.1,3,2,0.1157,0
197.0,390.1,45.3,1078.1,83.3,0.008,331.6,76.5,0.5,23.4,1,25.0,97.3,4,5,0.99,1
80.5,274.9,25.2,670.9,59.9,0.38,37.0,60.0,4.22,57.0,0,22.1,81.4,1,4,0.5398,1
164.8,506.4,39.0,1328.5,81.0,0.035,202.8,94.8,1.24,30.3,3,17.9,92.3,4,5,0.99,1
4.2,30.8,33.8,1538.3,30.0,0.195,275.2,80.8,1.84,39.1,3,16.8,66.5,3,5,0.4481,0
12.2,41.5,25.5,1508.0,47.9,0.663,29.0,54.5,5.01,96.4,0,22.8,67.8,0,4,0.1307,0
4.2,13.7,44.3,2985.8,27.3,0.5,334.5,87.2,1.97,36.7,2,10.9,57.3,2,0,0.5884,1
40.2,125.4,33.3,1687.8,59.1,0.688,31.0,84.8,6.49,74.3,0,16.2,76.3,0,4,0.296,0
304.6,606.6,43.9,1146.4,86.9,0.069,299.7,106.4,5.91,25.0,0,23.5,100.0,4,0,0.99,1
32.6,90.6,29.0,639.6,44.3,0.341,76.7,77.2,11.01,119.8,0,29.5,69.7,2,2,0.1142,0
248.4,554.6,31.5,854.6,83.5,0.032,155.3,85.1,4.18,25.3,2,20.9,100.0,4,5,0.99,1
34.1,118.7,32.5,470.3,31.6,0.05,166.6,76.3,5.37,23.1,0,25.9,59.8,3,4,0.4858,0
16.0,75.8,34.2,496.4,40.5,0.852,78.4,89.0,7.8,57.9,1,22.6,67.9,0,2,0.2906,0
197.5,609.0,25.9,1319.9,81.9,0.416,157.9,77.7,4.41,45.6,1,15.9,99.9,1,4,0.8919,1
9.5,27.6,23.3,1397.3,39.6,0.22,13.0,54.7,4.97,21.0,0,19.0,68.8,3,4,0.2332,0
275.3,745.7,34.4,1357.9,92.2,0.05,54.7,70.6,3.17,16.3,1,17.7,100.0,3,5,0.9893,1
10.6,43.2,43.3,1497.4,29.8,0.349,346.9,99.6,2.22,80.5,2,19.9,60.2,2,4,0.7562,1
42.8,95.5,32.0,639.1,62.2,0.679,178.5,78.8,9.44,57.5,2,27.4,67.5,0,2,0.184,0
64.3,156.6,47.8,355.9,75.0,0.735,261.6,105.9,9.02,84.4,0,24.9,90.6,0,2,0.511,1
30.4,65.1,27.1,50.0,50.4,0.175,303.3,55.7,7.04,24.9,2,24.1,64.5,3,2,0.3272,0
216.5,605.2,28.6,1180.0,88.7,0.415,147.5,63.7,2.34,46.7,0,23.7,100.0,2,4,0.975,1
167.6,459.0,44.5,1556.4,85.9,0.238,203.3,94.6,4.72,21.2,2,19.0,100.0,3,4,0.99,1
2.7,55.5,34.5,1127.8,18.8,0.28,248.8,77.8,3.3,9.5,1,20.2,49.5,3,1,0.3518,0
213.7,507.7,35.9,1031.1,91.1,0.333,132.8,84.2,5.07,40.1,1,18.9,100.0,1,1,0.9722,1
28.6,114.9,33.7,1387.0,34.0,0.173,189.3,65.2,1.28,35.9,1,17.2,57.7,3,5,0.6484,1
37.5,122.8,35.9,294.8,61.5,0.09,185.2,84.7,2.81,14.7,1,27.8,77.2,4,5,0.808,1
52.8,141.6,43.0,1275.5,45.3,0.421,100.5,83.5,1.47,44.2,0,19.1,69.9,1,5,0.6297,1
140.1,418.1,5.0,50.0,93.0,0.189,43.5,10.0,19.68,235.0,0,22.8,95.5,3,0,0.7239,1
60.6,209.9,31.2,2189.2,47.4,0.794,137.1,71.4,2.57,36.4,0,20.2,73.1,0,4,0.556,1
50.0,119.8,39.3,742.3,58.9,0.538,187.8,73.3,3.64,30.3,3,25.0,79.1,0,4,0.6608,1
55.1,202.8,45.3,1429.7,29.3,0.548,343.2,91.0,3.07,19.3,0,19.2,61.7,1,5,0.822,1
66.0,170.3,31.5,721.0,52.2,0.346,275.4,64.5,2.34,69.4,2,26.0,79.2,1,4,0.5177,1
73.1,189.4,27.2,1425.3,58.1,0.772,29.4,73.1,5.27,60.5,0,18.8,72.2,0,4,0.2997,0
158.9,430.2,22.7,596.0,77.6,0.527,232.9,42.2,10.98,115.5,0,25.7,94.6,2,2,0.7039,1
179.7,478.5,23.8,1266.0,84.1,0.324,331.4,54.1,5.04,52.7,3,20.4,98.0,2,4,0.9464,1
178.3,531.7,47.1,1012.8,77.3,0.155,341.5,104.2,1.07,25.4,2,20.0,100.0,4,5,0.99,1
100.9,310.0,37.9,558.3,51.1,0.048,253.0,76.4,4.0,17.8,0,26.1,90.9,4,5,0.8918,1
4.8,35.6,24.2,1675.3,52.1,0.88,325.2,60.9,6.46,77.5,0,24.4,64.6,0,4,0.0821,0
17.2,52.8,30.8,819.6,49.0,0.718,306.8,79.4,9.02,56.2,0,19.8,66.7,0,2,0.1677,0
134.9,422.4,45.4,2509.9,74.7,0.748,105.4,92.9,5.07,57.1,2,13.2,86.2,0,5,0.9671,1
44.7,164.2,20.0,1380.3,62.7,0.188,286.1,57.6,6.49,54.6,0,21.2,75.4,4,4,0.2998,0
19.4,72.4,24.6,196.8,47.0,0.493,192.3,70.8,7.95,81.3,0,26.9,71.1,1,0,0.0548,0
24.4,83.0,32.6,1318.4,23.2,0.511,31.0,72.6,5.67,19.5,0,19.9,59.0,1,0,0.277,0
66.6,202.6,22.2,50.0,52.3,0.183,116.2,55.9,7.02,55.4,0,27.5,69.4,3,2,0.2527,0
6.8,40.1,38.4,2081.7,39.2,0.702,273.6,78.8,4.43,44.4,1,17.3,59.9,0,4,0.5827,1
20.5,57.3,39.1,1417.6,13.0,0.379,195.1,88.5,3.66,24.9,3,15.9,42.0,2,4,0.7124,1
23.3,84.8,38.3,1303.3,31.9,0.427,105.8,85.7,4.11,62.0,1,21.6,50.4,1,5,0.6504,1
16.3,53.2,25.5,505.9,41.2,0.469,105.3,68.7,10.79,93.2,0,22.8,65.0,1,4,0.1503,0
281.9,750.0,36.6,1331.2,95.7,0.1,5.8,76.4,3.42,18.1,3,21.2,100.0,4,5,0.99,1
75.3,159.0,30.9,283.1,46.5,0.565,288.3,69.0,7.17,106.7,1,30.8,74.9,1,4,0.2718,0
206.2,601.2,34.3,2557.7,94.3,0.723,130.8,76.6,2.32,29.9,1,15.1,100.0,0,5,0.99,1
35.9,102.3,12.5,107.9,47.6,0.022,135.3,38.6,12.26,84.5,1,32.3,70.0,4,0,0.0593,0
18.1,69.2,44.8,1796.1,14.6,0.142,334.5,79.5,4.72,51.6,1,18.0,53.6,3,5,0.8227,1
53.7,200.3,42.4,1319.7,47.3,0.548,69.4,106.9,0.87,24.7,1,21.6,64.1,1,5,0.8474,1
180.8,422.9,25.6,50.0,75.3,0.25,1.8,62.5,14.07,78.5,0,31.6,95.2,2,0,0.7663,1
157.1,493.8,30.8,1098.4,96.5,0.027,55.8,75.3,4.09,39.5,0,21.5,100.0,4,4,0.9833,1
140.3,295.8,28.8,543.9,86.2,0.001,201.6,56.6,4.01,23.2,0,19.5,87.8,4,4,0.9439,1
232.5,633.0,34.7,1970.1,91.9,0.693,299.0,85.2,3.43,39.5,0,17.1,100.0,0,5,0.9894,1
45.4,105.6,19.4,570.1,55.0,0.574,263.6,50.5,10.06,101.5,0,26.5,72.0,2,2,0.1159,0
63.3,177.9,33.5,2375.8,55.3,0.4,296.1,71.1,2.03,49.6,0,19.2,69.7,2,5,0.5912,1
170.8,423.0,36.2,634.5,81.5,0.395,102.2,84.7,4.58,45.1,2,27.7,100.0,1,4,0.9819,1
41.9,105.4,41.3,2304.2,71.5,0.639,109.0,104.3,4.85,51.4,4,18.2,77.1,0,5,0.8255,1
124.4,415.5,34.6,1638.5,83.0,0.745,195.1,87.1,6.12,32.7,0,17.0,93.0,0,4,0.9526,1
75.4,156.1,40.8,1043.7,71.9,0.42,310.2,90.9,1.54,43.2,2,30.5,88.0,1,5,0.8159,1
71.1,246.1,32.2,1297.5,62.2,0.408,182.0,70.7,6.78,60.8,2,22.6,73.0,1,4,0.5339,1
16.0,66.8,34.8,1598.3,10.4,0.204,2.0,90.3,3.28,38.3,2,18.1,43.4,3,5,0.6374,1
22.5,78.3,26.5,333.9,42.2,0.343,78.8,50.9,12.56,101.1,1,25.8,58.7,2,0,0.112,0
254.0,727.1,26.1,62.0,81.3,0.509,198.3,61.8,7.58,59.5,0,27.6,100.0,1,2,0.9068,1
253.6,601.7,32.5,1139.5,92.9,-0.002,62.4,67.2,4.63,41.2,1,22.4,100.0,4,5,0.99,1
37.3,94.8,25.5,441.5,34.6,0.35,287.4,64.1,5.72,28.0,0,23.6,72.1,3,4,0.3346,0
4.6,32.5,32.1,493.5,34.1,0.329,32.8,67.7,11.65,56.6,0,26.7,54.9,1,4,0.2365,0
31.6,103.3,27.8,1709.3,63.3,0.234,13.9,58.8,8.0,103.1,0,20.6,75.6,3,2,0.1681,0
49.0,142.2,37.8,2034.8,32.4,0.567,296.3,80.6,4.48,40.3,2,14.8,69.0,0,4,0.5772,1
36.9,106.4,20.5,1531.4,68.8,0.117,150.1,49.9,3.63,51.5,0,22.9,76.2,3,5,0.2593,0
172.4,424.1,40.9,1709.7,91.7,0.07,50.1,88.4,4.68,13.5,1,21.2,96.0,4,3,0.99,1
59.9,142.4,31.7,949.2,53.7,0.622,101.9,63.7,11.11,79.9,0,23.0,78.4,0,2,0.1728,0
6.2,37.7,36.6,1367.3,35.8,0.36,302.0,80.2,3.07,60.8,2,19.8,62.6,2,1,0.3567,0
47.5,170.1,58.0,2930.3,57.0,0.453,178.0,112.8,4.4,6.9,3,8.6,80.3,1,5,0.8842,1
5.3,23.5,16.6,494.4,31.7,0.507,143.3,42.2,10.46,91.4,0,24.0,58.7,2,2,0.1047,0
57.0,164.6,36.9,1208.3,59.8,0.655,296.3,72.9,6.18,71.3,3,20.2,61.5,0,4,0.5362,1
2.9,44.6,19.1,911.2,39.5,0.214,230.1,52.3,15.97,208.9,0,21.7,68.6,3,0,0.0516,0
57.8,201.5,45.6,683.9,26.7,0.571,302.3,97.0,2.45,10.4,0,29.0,56.0,1,5,0.784,1
4.5,48.6,45.9,854.1,34.2,0.16,178.9,96.7,7.06,5.7,2,22.5,56.0,4,4,0.8537,1
170.0,413.7,36.1,50.0,77.9,0.417,103.5,72.3,7.7,90.8,0,25.9,100.0,1,0,0.9116,1
30.3,75.1,31.6,1446.4,31.2,0.48,241.9,69.5,6.16,53.9,0,18.4,63.4,1,4,0.3377,0
63.3,154.1,37.6,709.4,43.8,0.649,49.3,81.5,7.32,80.0,5,21.0,76.6,0,0,0.5247,1
60.5,156.6,42.0,1576.7,54.1,0.15,354.4,85.9,4.95,27.4,0,19.0,83.5,3,4,0.639,1
58.0,189.7,27.6,272.1,61.1,0.438,123.5,79.5,8.16,71.7,0,27.8,80.6,1,4,0.2935,0
100.6,263.3,40.7,1365.3,83.6,0.512,326.9,91.3,5.24,43.4,0,20.5,94.3,1,4,0.9623,1
60.4,130.8,30.2,1819.2,47.8,0.88,209.2,70.0,7.71,56.2,1,19.0,77.2,0,4,0.2704,0
88.9,298.2,31.7,328.8,86.9,0.642,233.3,76.6,8.09,59.3,1,27.1,93.0,0,2,0.8145,1
34.7,87.0,23.7,254.5,17.8,0.399,134.0,67.6,6.45,95.0,0,26.0,56.3,1,0,0.1206,0
10.0,61.4,34.0,241.3,48.7,0.514,127.1,86.0,8.97,87.1,2,25.5,74.7,1,4,0.2546,0
198.9,405.1,27.7,552.0,80.7,0.147,22.9,71.4,4.64,31.7,0,23.7,100.0,4,4,0.9754,1
41.6,109.3,37.1,1491.7,50.1,0.13,251.0,81.0,5.79,47.6,0,20.1,73.3,3,5,0.5687,1
150.6,454.9,20.7,50.0,87.1,0.404,56.7,60.7,6.75,75.9,0,31.5,98.0,2,0,0.7747,1
147.8,447.0,33.7,2996.5,86.5,0.517,149.7,94.8,2.78,41.3,0,12.2,100.0,1,5,0.9782,1
10.1,55.7,6.0,69.4,36.0,0.05,354.0,14.8,16.22,255.2,0,30.6,59.1,3,0,0.0549,0
37.5,106.4,32.3,1437.0,64.9,0.489,77.0,78.8,6.01,23.5,1,20.8,68.2,1,4,0.4568,0
109.5,370.2,25.9,611.1,76.6,0.283,192.6,59.6,11.75,122.3,1,21.1,82.4,2,2,0.644,1
28.0,93.4,38.0,692.1,66.0,0.88,34.8,91.2,11.99,103.4,0,25.1,79.9,0,2,0.32,0
27.8,96.7,28.1,1183.1,47.2,0.319,280.0,62.6,4.76,20.9,1,22.4,64.8,2,4,0.3816,0
52.4,134.5,36.1,1200.0,62.4,0.539,119.8,80.5,0.5,26.5,5,23.5,88.4,1,5,0.8677,1
129.0,398.3,26.8,518.7,75.2,0.581,257.1,59.7,10.03,114.0,1,22.4,93.5,1,4,0.7931,1
160.8,441.3,23.7,210.3,81.9,0.512,355.6,65.7,7.9,49.1,0,30.8,100.0,1,3,0.882,1
292.1,624.4,28.6,1082.5,89.7,0.348,296.0,67.4,4.64,60.7,0,24.4,100.0,2,3,0.964,1
48.9,130.9,37.2,3018.3,62.4,0.544,179.9,81.3,1.44,54.7,1,10.1,81.2,1,5,0.6474,1
23.1,78.0,51.8,1338.9,24.6,0.532,332.6,115.9,6.1,28.8,0,19.4,54.8,1,4,0.5444,1
52.5,158.5,33.1,1302.4,66.6,0.086,81.9,61.2,1.9,29.7,1,26.1,78.0,4,5,0.7798,1
150.7,410.6,34.1,1197.3,83.8,0.65,306.3,81.2,5.86,63.5,2,20.6,100.0,0,2,0.9557,1
138.1,428.7,15.5,1531.0,85.0,0.426,164.9,38.3,5.78,81.5,0,18.3,94.6,1,4,0.8774,1
42.4,125.1,32.6,577.9,48.3,0.521,66.8,74.3,4.66,20.0,1,24.5,69.8,1,4,0.4841,0
137.6,351.7,49.2,1198.2,82.7,0.546,85.2,100.8,1.59,31.9,1,22.0,90.6,1,5,0.99,1
193.2,472.2,37.6,519.1,81.7,0.154,192.7,76.5,7.1,66.7,2,21.8,100.0,3,2,0.9764,1
31.1,88.0,21.4,158.5,19.8,0.44,83.6,46.1,7.57,92.3,1,24.7,49.2,2,2,0.1096,0
176.5,342.7,33.9,59.3,78.0,0.169,105.8,71.5,7.13,51.6,1,28.6,88.4,3,2,0.9718,1
13.5,70.8,27.6,866.1,24.7,0.051,0.3,65.8,5.33,5.0,1,20.7,57.5,4,4,0.3863,0
53.7,128.4,8.7,962.4,27.7,0.187,296.0,37.5,16.18,203.3,0,23.8,60.9,3,0,0.0632,0
159.1,482.0,5.0,833.2,76.8,0.115,176.5,20.2,14.64,206.3,0,26.4,94.7,3,0,0.5356,1
0.3,14.8,20.1,562.6,38.8,0.447,255.9,50.9,8.64,86.7,1,24.8,68.6,1,4,0.146,0
33.3,83.6,46.5,3203.9,38.8,0.518,267.0,95.8,2.97,25.4,1,7.8,63.6,1,5,0.7059,1
18.0,47.3,28.8,490.4,46.8,0.304,2.2,59.3,5.65,43.8,0,22.0,68.3,3,4,0.3032,0
41.0,102.6,29.7,1191.9,41.6,0.437,22.5,75.2,4.55,42.6,1,20.2,62.0,1,4,0.3193,0
11.7,37.5,36.5,917.7,44.6,0.681,131.8,71.0,9.68,59.2,2,24.1,64.4,0,4,0.4782,0
138.7,441.0,31.5,1722.9,73.2,0.88,39.2,82.3,8.11,85.6,0,15.5,90.4,0,4,0.894,1
41.5,102.2,36.8,1534.1,25.6,0.542,222.6,76.7,7.22,66.3,1,19.2,60.7,2,4,0.4795,0
80.1,162.1,20.9,258.1,55.8,0.3,265.8,62.6,12.06,98.2,0,25.1,77.7,2,0,0.0964,0
7.8,41.7,19.7,391.5,32.6,0.468,171.5,52.6,6.84,85.8,0,24.6,57.2,2,2,0.0551,0
61.3,168.2,38.1,83.7,71.0,0.422,100.4,94.2,8.07,71.2,1,26.9,81.3,1,2,0.6071,1
4.0,37.9,29.4,1589.5,49.1,-0.014,56.8,89.2,4.88,30.8,0,15.5,60.5,4,4,0.3288,0
129.1,325.1,46.9,50.0,83.2,0.083,251.7,95.6,2.38,5.0,1,25.1,95.7,4,5,0.99,1
191.0,594.6,22.8,495.0,75.9,0.812,354.7,57.2,9.26,70.0,0,22.7,98.9,0,2,0.7865,1
33.3,90.4,28.3,1034.9,12.6,0.492,96.6,86.3,7.4,77.2,0,22.2,50.6,1,4,0.2045,0
33.4,88.9,30.7,569.0,52.8,0.315,182.6,70.2,3.82,41.1,3,24.5,80.4,1,4,0.506,1
29.8,81.2,21.3,908.2,57.1,0.566,235.0,53.4,5.88,89.6,0,16.1,77.8,0,4,0.3334,0
0.1,18.4,23.9,1233.2,38.2,0.443,277.1,51.4,3.85,49.7,1,20.4,63.2,1,4,0.1794,0
45.2,120.1,24.3,1712.6,22.4,0.387,289.2,40.6,2.7,31.3,0,23.0,60.2,1,5,0.4851,0
26.2,86.4,28.1,1266.5,18.6,0.138,231.4,78.1,2.97,40.4,0,19.6,60.3,4,5,0.3401,0
202.6,421.3,49.4,441.3,78.9,0.062,176.0,105.6,0.76,10.4,1,25.7,100.0,4,2,0.99,1
56.8,136.1,50.7,1119.6,49.3,0.381,147.2,90.4,1.83,29.5,1,25.9,72.8,1,5,0.8842,1
57.4,134.2,47.0,1142.2,57.6,0.096,116.6,106.4,2.71,5.0,2,20.2,71.8,3,4,0.9316,1
18.4,74.9,42.6,811.1,46.3,0.497,296.0,91.0,3.88,57.0,3,23.7,62.2,1,4,0.6984,1
12.1,68.1,42.4,1527.2,23.1,0.322,286.6,90.6,5.37,22.2,1,19.0,61.6,2,4,0.6918,1
87.8,182.4,17.3,1565.2,82.6,0.204,91.8,58.5,7.84,122.1,0,17.1,85.8,3,2,0.5588,1
76.8,228.9,39.3,766.5,38.4,0.25,203.0,85.7,5.24,19.2,2,24.7,68.5,2,4,0.8578,1
6.6,40.8,33.0,57.6,19.4,0.65,86.6,73.4,11.66,114.1,2,23.3,46.4,1,4,0.2125,0
20.5,71.5,17.8,50.0,37.1,0.184,52.7,45.3,18.67,255.8,0,25.2,63.5,3,0,0.063,0
34.0,128.6,15.5,307.8,11.1,0.418,3.5,25.8,10.28,101.3,0,26.8,45.7,1,4,0.0995,0
127.6,275.2,39.3,1476.1,78.2,0.213,292.2,96.2,2.46,32.5,0,16.8,93.6,3,5,0.9806,1
35.7,118.6,31.0,337.8,52.2,0.149,107.0,67.2,3.5,46.4,1,26.7,69.6,4,5,0.6806,1
196.2,580.4,18.4,452.9,82.3,0.35,335.3,42.8,10.99,84.3,1,32.3,97.7,3,2,0.8928,1
27.6,96.1,43.6,1108.0,23.5,0.293,271.7,105.2,1.5,8.2,2,23.3,53.8,3,4,0.7844,1
35.9,100.5,38.3,631.1,65.3,0.185,236.6,83.7,1.6,41.0,2,28.8,76.2,4,4,0.6704,1
141.2,330.2,26.5,713.7,77.6,0.608,185.5,48.3,5.25,43.7,0,26.2,98.9,1,4,0.865,1
29.5,102.5,32.2,1226.5,36.4,-0.011,221.1,69.6,3.42,8.2,1,20.4,73.9,4,5,0.6788,1
63.9,191.5,47.1,1529.8,50.3,0.044,146.3,94.1,0.78,55.1,1,24.4,67.4,4,5,0.8276,1
248.0,484.3,46.1,1008.0,88.1,0.082,16.6,95.6,4.82,16.9,2,21.0,100.0,3,4,0.99,1
216.9,679.1,29.9,627.6,98.4,0.855,350.7,60.5,5.61,44.9,0,22.4,100.0,0,2,0.9652,1
78.7,237.3,22.9,1513.1,66.4,0.111,1.2,59.8,2.69,33.4,0,24.1,86.7,3,5,0.5674,1
18.5,56.9,45.8,1365.5,72.5,0.302,68.5,101.1,3.18,34.7,2,20.6,77.4,3,5,0.8187,1
240.7,644.9,5.0,276.5,96.9,0.141,118.1,32.8,16.38,260.5,0,27.4,100.0,3,0,0.8336,1
32.2,76.9,29.9,683.5,67.2,0.399,184.5,68.7,8.53,94.1,0,24.2,85.9,1,4,0.3492,0
34.8,114.0,51.2,3012.3,17.5,0.447,91.0,103.7,2.58,18.9,4,10.5,56.1,1,5,0.8757,1
44.1,112.5,32.6,406.7,64.8,0.495,180.1,65.7,6.59,101.0,2,27.8,77.6,1,2,0.4084,0
201.7,458.7,41.8,490.2,93.8,0.206,74.4,99.1,2.32,12.7,0,23.7,100.0,4,5,0.99,1
26.0,67.7,32.5,977.6,34.3,0.816,100.8,56.1,2.91,32.3,2,21.7,66.7,0,5,0.6024,1
171.1,416.5,42.9,1799.5,88.0,0.582,212.7,90.6,2.08,43.4,1,21.9,100.0,0,4,0.99,1
59.9,157.5,28.2,1331.4,55.0,0.35,78.3,67.9,9.64,127.9,0,18.3,78.5,3,2,0.2365,0
34.4,101.1,29.6,1704.4,34.8,0.63,312.7,75.0,6.44,78.0,0,21.9,60.9,1,4,0.2034,0
98.7,236.1,38.8,1592.3,83.4,0.15,95.9,95.3,8.2,111.3,0,21.9,91.3,3,2,0.859,1
182.4,364.6,32.7,1555.0,77.0,0.25,333.0,70.2,5.05,55.7,1,21.9,96.6,2,4,0.9608,1
94.2,203.5,31.7,1193.4,55.6,0.621,239.4,62.6,4.16,64.7,1,20.2,83.6,0,4,0.473,0
9.7,41.6,37.3,2283.4,45.1,0.744,305.1,78.1,3.5,59.3,3,20.2,61.7,0,5,0.6202,1
31.6,122.6,38.7,1619.7,38.3,0.204,182.9,88.0,0.5,30.5,1,18.5,60.3,3,5,0.7992,1
64.8,161.0,20.2,787.5,59.5,0.601,180.0,37.0,4.47,40.1,1,23.0,93.3,1,4,0.4362,0
49.6,176.4,25.9,1430.0,36.7,0.525,57.8,65.0,6.29,98.2,0,17.0,59.1,0,4,0.2943,0
6.3,31.9,29.6,1664.3,33.0,0.123,121.6,72.5,1.47,31.2,1,13.6,63.3,4,5,0.4559,0
55.6,123.0,39.4,1280.9,62.8,0.646,249.1,76.6,5.81,80.0,1,18.9,81.9,1,4,0.5926,1
56.3,179.1,24.5,304.2,16.5,0.27,145.4,60.5,3.08,9.4,0,27.6,60.9,3,2,0.2284,0
14.2,70.5,27.6,50.0,41.0,0.71,165.2,71.2,7.72,62.8,1,26.5,67.3,0,0,0.1034,0
164.4,458.1,28.8,1541.0,82.5,0.009,59.8,64.5,5.68,41.8,1,18.8,89.3,4,4,0.9668,1
34.7,113.5,34.0,1291.3,56.8,0.548,355.9,83.2,4.49,31.0,1,15.3,71.3,2,4,0.4838,0
17.3,62.1,36.6,2386.6,55.1,0.792,124.0,85.8,2.33,44.1,0,17.8,56.1,0,5,0.5278,1
103.9,366.9,32.7,1357.6,70.7,0.57,76.9,75.7,5.99,25.6,1,18.3,88.5,1,4,0.8917,1
173.7,476.9,44.3,2291.8,75.3,0.732,314.9,88.9,1.94,52.2,1,15.6,96.9,0,5,0.9853,1
89.2,228.6,52.9,1134.5,87.6,0.632,240.6,113.8,1.22,34.0,0,20.5,98.4,1,5,0.9511,1
154.7,383.6,36.8,180.8,71.1,0.306,321.4,106.2,9.17,28.6,2,24.9,100.0,3,2,0.9484,1
24.2,68.1,46.7,1216.0,49.3,0.495,319.5,98.8,3.41,33.0,0,21.5,65.7,1,5,0.7105,1
65.1,142.4,28.1,1182.0,63.3,0.752,313.0,56.3,7.89,60.8,0,20.6,87.7,0,2,0.1913,0
129.3,375.8,42.2,1089.0,78.8,0.443,113.2,81.8,0.5,5.0,3,17.7,98.3,1,5,0.99,1
173.6,387.1,48.1,597.5,92.0,0.138,249.9,95.7,0.5,14.2,1,22.6,100.0,4,1,0.99,1
42.8,139.7,17.3,447.2,71.6,0.44,41.5,49.0,7.62,93.3,0,22.1,85.2,1,4,0.1582,0
40.1,109.6,23.6,1096.9,55.2,0.544,11.3,56.0,2.95,50.1,0,23.3,68.1,1,4,0.2422,0
22.1,66.0,30.1,294.9,43.1,0.463,296.0,66.4,10.4,116.1,1,26.2,66.3,2,2,0.1847,0
67.7,221.5,37.1,2210.2,59.5,0.867,55.8,91.9,2.75,39.7,1,15.0,73.1,0,5,0.7475,1
160.5,409.4,41.0,774.8,91.7,0.758,300.2,75.6,7.75,77.5,3,22.7,100.0,0,4,0.9883,1
32.1,100.0,41.1,1374.8,57.9,0.389,324.7,93.4,4.62,25.6,3,21.2,75.6,1,4,0.7345,1
36.6,90.0,48.8,2876.5,62.9,0.465,6.8,105.8,4.08,40.9,0,11.3,70.6,1,5,0.6334,1
0.2,23.6,39.4,1129.5,30.4,0.303,168.9,93.5,0.92,47.4,1,22.3,62.8,1,5,0.6898,1
7.1,37.8,30.0,1486.4,22.4,0.466,278.3,62.2,6.2,44.1,0,18.4,60.1,1,2,0.2108,0
55.5,186.7,35.5,1686.2,40.5,0.165,271.0,81.1,2.37,59.2,0,18.6,69.0,3,5,0.7494,1
56.5,199.7,37.6,1230.6,54.2,0.365,259.1,86.2,5.37,48.0,2,20.7,76.1,2,4,0.8253,1
84.0,170.6,26.7,348.0,41.8,0.313,152.2,51.5,5.14,49.0,0,22.2,76.5,1,4,0.64,1
1.0,33.0,40.6,931.1,29.3,0.553,50.6,79.2,0.5,16.8,1,23.6,50.7,1,0,0.3773,0
39.0,123.6,45.4,1561.8,45.1,0.439,1.9,95.8,2.8,23.8,2,21.1,70.4,1,5,0.7658,1
0.4,16.7,36.9,1983.7,43.9,0.048,122.6,85.8,2.38,50.1,0,20.2,61.1,4,4,0.5163,1
7.6,47.5,49.2,1536.0,45.9,0.606,253.8,89.0,0.7,54.2,1,18.7,67.5,1,5,0.6988,1
83.5,188.0,40.4,1520.9,80.6,0.25,298.7,83.9,4.61,63.3,1,20.1,89.9,2,4,0.9182,1
197.7,461.6,28.2,1004.5,95.2,0.383,24.9,70.7,8.76,72.8,0,26.0,100.0,1,4,0.9579,1
19.1,70.3,36.4,673.7,36.3,0.554,127.9,75.3,4.0,53.9,0,24.4,67.8,1,3,0.4805,0
131.6,307.9,23.8,50.0,81.3,0.389,184.2,47.6,13.48,116.1,0,31.2,100.0,2,0,0.6715,1
1.0,17.6,46.3,129.6,27.9,0.053,301.0,105.1,1.94,12.1,1,25.7,54.7,4,4,0.8022,1
12.8,43.7,37.2,530.7,31.4,0.12,290.0,92.6,1.38,18.2,0,23.5,64.0,4,0,0.3746,0
7.1,41.7,45.6,1435.4,22.4,0.373,198.1,101.4,1.79,15.2,0,18.9,61.6,1,5,0.7314,1
226.4,605.4,44.3,710.9,90.6,0.019,259.5,82.3,1.78,20.6,1,26.2,100.0,4,5,0.99,1
245.5,457.0,37.1,1234.4,90.0,0.071,190.2,78.2,3.37,7.0,1,19.6,100.0,4,4,0.99,1
205.6,666.3,46.8,206.8,85.0,0.21,291.3,96.7,3.33,5.0,0,30.0,100.0,4,4,0.99,1
179.4,358.1,14.5,2025.8,82.3,0.62,357.1,54.6,6.83,82.7,0,18.4,95.2,0,4,0.8946,1
81.5,241.3,34.4,1540.2,52.1,0.713,338.7,76.1,2.8,40.3,1,17.5,70.9,0,4,0.5873,1
75.2,241.0,47.2,471.5,54.2,0.133,148.2,99.1,2.52,18.0,2,20.8,66.8,4,4,0.871,1
15.8,56.4,13.5,50.0,17.5,0.19,156.4,35.3,19.91,262.7,0,29.4,46.8,3,0,0.0541,0
47.3,155.0,27.7,1735.3,28.1,0.576,220.8,73.8,9.01,57.5,1,18.7,59.8,1,5,0.3679,0
39.7,140.4,36.0,650.3,27.9,0.011,239.2,73.3,4.92,27.2,2,27.4,66.5,4,4,0.5899,1
282.4,750.0,50.9,1310.8,97.0,0.261,253.9,106.2,2.99,11.0,0,19.2,100.0,3,4,0.99,1
90.2,195.8,31.3,98.9,26.8,0.048,334.0,72.8,0.92,31.3,0,28.6,65.0,4,5,0.8654,1
110.9,236.0,33.9,473.6,92.8,0.057,81.1,76.6,5.96,38.7,0,24.7,91.9,3,4,0.9167,1
276.0,735.6,15.6,194.4,95.9,0.35,210.1,45.5,6.99,96.3,0,26.6,100.0,1,4,0.9722,1
139.4,326.0,26.0,1240.2,82.1,0.59,156.3,61.8,5.61,51.2,0,16.5,95.4,1,4,0.9309,1
33.8,124.4,38.2,1318.0,60.5,0.05,235.5,82.4,8.22,103.1,3,17.7,79.6,3,2,0.4731,0
47.3,118.4,35.2,1987.5,53.4,0.525,263.0,70.8,4.32,46.7,1,19.3,76.6,2,4,0.4089,0
274.8,750.0,34.8,1420.4,98.2,0.054,357.0,85.6,1.66,41.1,1,19.3,100.0,4,5,0.99,1
0.4,29.9,26.0,1507.7,29.8,0.157,273.8,41.7,5.23,44.9,0,22.4,63.5,3,5,0.2876,0
17.2,47.9,47.1,1265.0,57.9,-0.024,114.9,86.1,3.92,10.1,0,26.8,71.0,4,5,0.8079,1
38.4,106.6,39.8,2275.4,51.2,0.777,198.8,104.7,1.42,21.7,3,18.6,74.0,0,4,0.6926,1
222.6,661.8,34.9,1408.3,89.5,0.553,308.7,75.3,2.88,19.0,2,22.4,100.0,1,4,0.9877,1
222.0,545.4,21.2,316.0,82.5,0.486,29.0,50.9,9.94,121.6,0,21.9,100.0,2,2,0.8826,1
5.7,28.2,36.7,2495.3,34.0,0.715,165.2,67.9,3.7,30.1,1,10.9,61.6,0,5,0.5973,1
4.4,29.3,32.4,1154.2,52.3,0.134,43.9,73.0,2.73,28.6,0,21.2,65.3,4,5,0.4292,0
43.5,129.3,51.0,69.4,61.6,0.119,77.9,112.9,4.49,15.2,2,26.1,78.7,4,4,0.7777,1
3.2,28.4,36.9,1688.0,41.1,0.054,334.0,83.4,8.53,108.5,3,21.7,67.1,3,2,0.4679,0
2.6,27.8,39.1,1208.1,42.1,-0.016,274.1,101.7,6.29,5.0,1,23.5,62.4,4,5,0.6749,1
60.7,186.8,50.8,1385.2,52.8,0.57,0.9,117.2,1.07,22.2,4,23.2,61.9,1,5,0.9184,1
27.3,77.8,35.2,1813.2,56.6,0.258,202.3,79.6,4.44,12.1,1,19.1,67.5,3,5,0.7239,1
135.5,428.7,37.8,1663.5,79.6,0.657,213.0,96.3,7.25,87.0,0,17.1,94.7,0,4,0.9344,1
112.7,323.7,31.0,289.6,82.4,0.044,254.7,60.5,3.29,11.8,0,29.1,100.0,4,4,0.9607,1
211.8,695.4,36.5,646.3,100.0,0.114,241.2,90.2,4.82,24.6,1,27.4,100.0,3,4,0.99,1
53.2,169.1,25.3,1029.3,49.6,0.59,308.7,55.3,8.08,74.5,0,21.4,70.8,0,0,0.0577,0
46.2,139.6,33.0,1631.5,52.2,0.539,30.1,82.9,5.17,71.5,2,19.4,69.6,1,4,0.4505,0
177.2,417.6,33.8,1582.9,90.7,0.805,201.5,75.2,6.69,68.1,0,19.7,100.0,0,4,0.9831,1
12.7,58.2,39.6,969.8,28.3,0.239,40.2,90.0,4.37,14.6,2,23.9,49.1,3,4,0.7237,1
80.1,185.5,28.4,1409.4,57.6,0.44,29.9,60.5,7.51,74.0,2,18.0,82.1,2,4,0.5045,1
7.0,35.3,46.7,2825.5,26.2,0.849,294.1,110.4,2.86,72.4,1,15.5,58.1,0,5,0.5394,1
52.0,103.8,40.8,317.3,62.0,0.142,23.9,98.6,1.88,32.7,0,24.3,77.2,4,5,0.7507,1
50.7,95.2,35.9,800.6,42.5,0.876,137.1,70.2,10.23,64.6,1,20.1,68.7,0,2,0.2753,0
14.6,88.5,31.2,1242.2,42.7,0.596,0.1,67.2,5.88,43.9,3,17.1,67.5,2,4,0.3452,0
55.9,182.0,32.0,165.5,66.6,0.163,238.5,72.2,3.97,36.4,1,24.9,83.3,3,4,0.6872,1
264.4,750.0,30.4,1711.6,100.0,0.731,330.0,78.4,5.3,79.8,0,18.1,100.0,0,4,0.9813,1
30.5,87.9,44.5,1461.6,33.9,0.05,293.7,91.1,2.19,24.2,0,17.7,62.3,3,5,0.8099,1
38.8,84.9,35.9,461.7,52.0,0.522,1.1,75.9,4.84,41.1,0,21.0,68.0,1,4,0.4816,0
137.3,349.9,29.3,1267.7,87.3,0.338,286.7,81.1,6.42,74.8,0,23.4,99.4,2,4,0.9507,1
185.3,367.2,43.4,1412.8,85.7,0.209,286.4,86.8,5.46,8.1,0,24.9,91.6,3,5,0.99,1
2.6,22.0,36.0,427.7,32.2,0.036,199.2,81.0,5.31,38.5,0,25.9,55.3,4,4,0.5018,1
2.6,17.5,39.9,1219.5,32.8,0.444,225.7,91.8,5.01,50.5,0,19.6,64.3,1,2,0.5005,1
62.1,195.4,37.9,704.6,59.9,0.727,293.3,81.8,9.6,64.4,1,24.9,85.2,0,2,0.3827,0
47.1,103.3,15.1,523.5,65.1,0.288,63.7,41.9,9.24,140.3,0,20.3,80.6,2,2,0.0988,0
49.1,130.3,30.9,866.7,55.7,0.178,31.4,60.6,3.34,14.3,2,26.7,74.9,4,5,0.7179,1
2.1,20.9,46.3,1340.4,14.1,0.372,74.7,99.9,2.2,5.0,0,23.3,59.0,1,0,0.5375,1
138.2,420.1,42.0,1580.5,87.5,0.05,123.0,98.5,4.59,47.8,3,19.1,93.2,4,4,0.99,1
75.2,197.6,47.8,1280.5,65.9,0.218,219.6,113.1,1.72,28.6,1,17.2,82.2,3,5,0.9061,1
185.4,579.9,43.4,268.2,99.0,0.05,185.3,92.1,0.62,8.5,0,29.0,99.7,4,4,0.99,1
23.6,70.0,36.9,1220.8,45.8,0.473,50.3,81.1,0.66,18.5,3,20.7,71.3,1,5,0.7292,1
49.5,168.8,33.7,1549.9,51.3,0.534,242.0,72.1,0.5,5.0,0,18.6,72.3,1,5,0.6345,1
66.8,236.4,30.1,1291.4,50.4,0.338,163.7,63.3,0.68,42.1,1,16.6,71.5,1,5,0.7756,1
95.0,295.6,39.1,1462.9,47.5,0.488,265.7,64.4,6.26,29.4,3,20.5,80.3,1,4,0.9151,1
109.2,294.4,27.8,1571.0,82.0,0.202,124.7,74.3,3.18,19.2,1,16.6,84.9,3,4,0.8978,1
196.0,624.1,56.9,489.1,92.7,0.018,308.5,107.3,0.5,5.0,0,25.1,100.0,4,1,0.99,1
72.3,165.7,37.6,762.5,54.0,0.092,289.6,76.1,2.01,22.8,1,26.3,71.3,4,4,0.8196,1
171.6,423.6,39.0,1795.8,73.1,0.804,32.6,82.5,3.48,26.2,0,19.0,97.8,0,4,0.9612,1
52.3,135.9,50.2,1530.2,52.7,0.578,281.4,118.6,2.86,40.1,0,23.5,77.6,1,5,0.6643,1
31.3,114.1,43.7,901.2,37.2,0.007,157.2,95.7,1.32,24.0,0,21.6,71.9,4,5,0.8601,1
0.2,17.7,27.4,50.0,24.3,0.539,115.5,80.6,8.04,106.4,0,28.2,62.3,1,4,0.1923,0
51.2,128.7,47.3,1403.4,47.1,0.397,266.7,110.1,5.66,36.2,1,23.8,61.7,1,4,0.774,1
127.2,309.4,27.3,158.3,84.3,0.489,132.7,69.5,10.2,62.8,0,30.6,92.6,1,0,0.6698,1
145.0,430.0,40.1,403.5,82.8,0.069,36.3,86.4,2.65,18.0,1,25.8,92.8,4,5,0.99,1
150.6,469.5,41.7,1265.8,79.3,0.432,151.8,79.6,1.85,45.2,2,24.0,93.5,2,5,0.99,1
76.3,261.6,16.4,688.5,66.0,0.073,316.8,52.7,14.13,215.1,1,24.6,89.2,3,0,0.1667,0
22.2,97.9,52.7,1746.8,34.3,0.54,269.5,110.6,5.39,43.8,1,17.1,62.4,1,4,0.5004,1
5.3,37.7,32.1,50.0,25.0,0.17,36.3,58.6,8.35,50.6,1,26.3,63.1,3,2,0.2351,0
78.6,221.6,32.8,1759.2,42.6,0.734,283.4,73.5,5.36,75.9,1,14.5,79.0,0,5,0.5118,1
165.1,525.2,16.1,447.3,73.8,0.519,294.3,45.3,7.2,71.0,0,22.7,88.2,2,2,0.7706,1
236.1,574.5,27.2,50.0,95.0,0.386,307.1,57.5,10.64,106.7,0,26.6,100.0,2,2,0.9566,1
127.8,387.1,42.3,1016.5,72.5,0.429,320.5,94.3,0.5,33.7,1,26.3,93.8,1,5,0.9811,1
16.0,48.9,41.1,428.8,62.5,0.023,225.8,81.0,4.1,5.6,1,21.3,78.5,4,5,0.843,1
28.7,115.8,40.9,1304.7,54.3,0.86,227.2,91.9,3.02,49.6,3,23.4,74.0,0,0,0.358,0
40.4,105.4,39.1,1489.2,58.0,0.484,44.8,88.0,8.59,94.1,2,22.2,77.1,2,2,0.3403,0
1.7,25.9,24.9,1089.0,21.7,0.735,117.9,58.6,7.61,43.3,1,22.1,58.5,0,4,0.1238,0
73.9,150.9,35.3,1560.0,60.3,0.5,47.9,67.1,5.35,42.2,1,20.3,78.4,1,4,0.5912,1
5.5,27.3,41.4,1663.4,24.8,0.397,288.8,101.0,4.93,65.5,0,16.6,60.3,2,5,0.4385,0
260.9,545.1,34.6,2179.1,93.4,0.708,218.7,72.2,2.02,42.4,4,17.7,100.0,0,5,0.99,1
25.2,102.6,13.3,950.6,38.2,0.183,292.9,51.3,16.01,191.4,0,22.9,68.8,3,0,0.0346,0
73.9,152.0,22.2,1328.1,62.8,0.83,174.7,58.5,4.43,50.9,1,21.0,84.9,0,4,0.223,0
7.6,57.8,37.3,1399.4,28.3,0.519,338.9,76.6,5.45,19.6,2,22.8,57.0,1,4,0.7101,1
58.9,183.9,32.0,573.3,54.8,0.128,243.2,73.6,4.83,37.3,0,24.4,83.2,4,4,0.6068,1
11.8,62.3,27.7,252.3,32.7,0.547,151.0,61.4,12.12,117.6,0,30.0,55.9,1,3,0.1063,0
147.2,415.5,34.9,1567.5,82.0,0.39,139.8,68.7,5.27,42.3,0,18.2,88.3,1,4,0.9827,1
187.7,514.1,41.4,97.4,87.2,0.087,266.7,106.4,2.76,24.1,0,31.0,100.0,4,4,0.99,1
67.2,225.4,39.7,1177.9,60.0,0.346,244.8,77.5,2.86,22.9,0,18.2,76.4,1,5,0.8558,1
134.6,309.3,5.0,400.8,84.1,0.701,343.3,23.5,20.3,226.4,0,31.1,99.1,0,0,0.4569,0
15.6,63.1,28.2,1085.3,49.6,0.713,224.3,49.6,4.2,50.6,0,23.6,68.8,0,4,0.199,0
191.1,629.1,47.9,726.1,84.8,0.554,321.8,104.8,1.95,48.2,1,24.1,97.2,1,4,0.99,1
41.8,109.6,50.8,88.4,52.9,0.517,329.6,103.2,1.91,5.0,2,31.1,78.8,1,4,0.9158,1
55.6,158.8,28.9,627.7,60.1,0.653,330.0,71.3,8.2,39.2,0,28.4,71.5,0,4,0.2578,0
62.5,176.5,10.1,127.2,78.3,0.523,260.2,50.4,7.04,113.5,1,25.0,100.0,1,0,0.2085,0
81.5,236.6,29.0,934.0,81.3,0.801,283.8,61.1,7.19,50.9,0,25.3,89.5,0,4,0.6739,1
16.1,62.5,20.6,841.1,32.0,0.269,309.5,49.5,14.88,192.1,1,24.9,53.4,3,0,0.0551,0
55.1,180.0,41.8,425.1,51.7,0.292,297.7,69.7,5.9,51.8,3,22.1,71.5,3,4,0.7551,1
8.0,30.2,41.8,2451.9,46.4,0.763,91.1,104.4,3.21,57.8,2,14.3,66.7,0,5,0.6019,1
123.8,399.9,17.8,598.6,78.6,0.734,59.7,49.4,9.05,71.1,0,27.3,94.0,0,0,0.5252,1
229.8,648.2,24.4,1064.9,89.7,0.126,273.9,60.0,7.8,54.4,0,25.4,100.0,4,4,0.9837,1
37.7,124.2,30.3,1094.4,27.0,0.336,101.6,66.3,8.15,69.0,1,21.8,63.3,2,4,0.2978,0
154.7,395.3,26.2,50.0,89.8,0.312,185.1,75.5,9.5,96.8,0,27.6,100.0,1,0,0.8762,1
231.2,698.1,44.0,1464.5,93.7,0.558,215.9,93.4,3.21,67.4,2,22.5,100.0,1,4,0.99,1
43.2,144.6,38.2,1428.3,61.8,0.539,152.6,75.5,2.81,30.1,2,20.7,81.4,2,4,0.64,1
17.1,62.2,28.9,985.2,23.3,0.844,104.2,70.6,3.74,80.0,1,20.6,54.2,0,4,0.2031,0
16.5,62.0,30.3,261.5,30.0,0.466,236.5,71.8,6.17,97.5,1,28.4,60.2,2,2,0.1851,0
5.0,30.1,45.1,641.5,13.6,0.35,271.9,93.5,1.32,15.2,0,26.2,61.4,3,5,0.6804,1
102.8,287.5,37.6,459.4,83.2,0.722,209.2,84.3,10.73,61.1,1,24.5,92.2,0,1,0.9218,1
23.2,63.7,34.6,988.1,58.7,-0.019,95.7,58.1,3.16,8.6,0,21.2,73.9,4,5,0.7284,1
2.6,23.8,31.3,1734.5,60.0,0.557,285.7,71.1,4.2,62.4,0,14.9,71.1,1,4,0.2287,0
9.8,20.0,36.2,1305.5,52.4,0.399,195.2,67.1,4.09,49.8,2,19.8,67.4,2,4,0.5312,1
56.6,138.9,36.3,626.0,57.6,0.398,282.0,69.6,3.57,47.3,1,28.1,75.0,1,4,0.6794,1
74.5,255.0,29.0,623.6,59.9,0.106,252.2,67.4,4.47,18.9,0,26.8,73.4,3,4,0.5723,1
20.0,80.5,44.1,1244.3,34.4,0.069,188.6,99.3,5.53,41.1,0,25.1,59.5,4,5,0.6978,1
62.0,176.5,41.5,981.8,68.1,0.304,318.2,91.4,2.08,21.9,3,24.6,90.7,3,4,0.8993,1
55.6,167.5,17.5,294.5,60.7,0.38,154.7,32.9,10.88,129.3,2,22.0,73.9,2,2,0.2433,0
199.2,420.5,36.8,481.1,94.1,0.068,195.3,78.9,0.5,44.9,0,28.0,100.0,4,4,0.99,1
160.3,354.2,43.6,932.7,86.9,0.479,219.2,98.2,4.93,37.9,2,23.0,100.0,1,4,0.99,1
116.1,248.0,29.8,1099.1,81.0,0.091,23.0,76.1,4.11,40.9,0,23.7,94.0,4,5,0.9291,1
1.9,27.4,23.7,81.1,34.1,0.337,249.8,62.7,13.41,100.4,0,27.5,59.9,2,0,0.0777,0
9.3,46.2,26.1,1506.3,29.7,0.505,171.2,71.3,3.83,39.2,1,17.4,60.7,1,4,0.3622,0
50.7,161.7,32.9,1290.3,52.0,0.109,216.8,60.4,3.45,10.0,1,24.3,67.6,4,5,0.6128,1
22.8,86.1,42.4,259.6,48.0,0.104,100.7,91.1,4.49,5.0,2,24.9,74.3,4,1,0.4759,0
55.2,190.9,38.2,2656.7,81.9,0.63,38.1,86.2,2.65,31.6,3,11.3,82.4,0,5,0.9571,1
87.4,176.5,31.2,607.7,57.9,0.078,114.9,64.5,3.89,5.0,3,24.8,83.8,4,4,0.8047,1
24.3,88.4,32.5,1067.3,34.3,0.489,346.4,74.6,5.43,31.0,1,21.6,54.3,1,4,0.4275,0
9.6,51.3,44.0,1630.6,49.1,0.529,134.8,79.4,1.68,39.5,1,21.7,65.3,1,4,0.7859,1
14.8,57.9,34.3,393.8,24.0,0.482,329.0,78.2,3.1,53.7,1,28.1,67.1,1,4,0.4278,0
32.6,98.6,5.0,393.2,60.1,0.505,222.6,24.1,18.11,242.0,1,29.6,73.5,1,0,0.083,0
35.1,125.8,32.8,1270.4,68.4,0.286,80.4,72.0,2.49,45.6,1,18.5,83.7,2,4,0.5485,1
2.0,26.8,31.6,1268.8,14.8,0.067,180.4,63.5,2.28,36.1,0,21.9,54.7,4,5,0.4949,0
153.3,400.6,36.3,301.3,78.2,0.35,162.2,79.3,5.53,73.2,1,22.7,94.3,3,4,0.9673,1
127.1,269.1,45.4,1200.4,74.6,0.387,117.6,107.2,5.25,32.1,4,23.3,100.0,1,4,0.9807,1
51.2,181.8,25.6,126.9,64.5,0.477,46.3,40.2,5.97,71.2,0,24.9,77.0,1,0,0.1593,0
135.6,401.7,30.4,245.5,85.1,0.386,69.3,60.4,8.48,91.7,2,28.8,100.0,1,4,0.9419,1
27.5,104.9,34.2,1104.9,80.0,0.45,348.7,93.2,4.49,34.6,0,17.9,82.6,1,2,0.5505,1
29.6,77.9,32.4,397.9,40.3,0.383,74.4,66.2,8.05,98.4,0,26.5,66.7,2,2,0.1626,0
64.9,180.5,27.9,472.1,68.7,0.067,60.6,63.7,4.93,48.4,0,25.0,79.9,4,2,0.3198,0
25.7,72.8,29.0,1515.3,62.1,0.483,190.4,61.3,5.53,73.2,0,19.7,74.6,1,1,0.1456,0
7.6,42.4,46.2,776.7,20.2,0.126,3.6,107.6,2.52,30.1,0,21.1,45.2,4,5,0.7979,1
99.0,253.2,36.8,1465.0,83.1,0.483,182.9,91.4,2.25,33.8,0,21.3,94.3,2,5,0.9502,1
168.7,484.5,32.7,920.0,77.9,0.804,148.8,66.3,7.38,68.1,0,25.3,94.1,0,4,0.9486,1
17.4,86.5,39.6,1582.1,14.7,0.415,346.5,84.2,7.95,75.3,0,17.1,59.7,1,3,0.389,0
32.2,79.9,40.1,1295.3,31.6,0.478,101.3,80.0,3.0,37.0,1,19.0,71.1,2,2,0.5072,1
85.3,247.9,28.1,1780.7,55.7,0.546,232.8,64.8,5.48,22.8,0,18.5,77.8,2,4,0.4928,0
167.6,396.9,16.3,50.0,85.4,0.346,239.2,42.3,12.98,114.5,0,28.1,99.3,2,1,0.8499,1
95.6,298.5,43.1,500.5,76.2,0.88,38.3,92.9,10.09,84.6,2,22.7,90.3,0,2,0.8543,1
28.8,97.1,26.3,50.0,25.0,0.331,4.1,55.1,8.16,98.0,0,24.3,48.5,2,0,0.1389,0
67.8,195.1,35.2,558.0,68.4,0.159,333.1,73.5,3.33,29.6,0,25.2,86.8,4,4,0.7388,1
164.7,439.4,30.4,1142.9,83.9,0.375,89.9,77.5,4.44,36.6,1,25.4,100.0,1,2,0.9571,1
347.2,750.0,42.0,1355.7,95.6,0.55,256.4,85.8,5.32,66.8,1,20.9,100.0,2,5,0.99,1
2.9,23.1,39.6,1760.2,34.3,0.6,61.1,87.3,3.37,61.8,1,22.5,62.9,2,5,0.5899,1
62.6,203.2,34.7,2391.6,71.7,0.779,146.9,80.7,3.62,48.0,1,15.5,81.2,0,5,0.6639,1
37.1,86.4,35.4,1506.4,57.4,0.45,91.0,78.4,0.5,23.8,1,19.4,75.9,1,5,0.671,1
18.0,69.7,34.6,1544.9,40.4,0.647,182.1,97.7,5.76,44.2,0,23.4,65.1,1,4,0.4788,0
151.2,495.9,21.6,1206.8,85.7,0.501,158.2,50.6,0.83,21.2,0,21.3,100.0,2,4,0.9582,1
107.5,266.7,27.1,1698.5,82.8,0.059,164.1,64.4,8.98,113.5,0,22.4,100.0,4,2,0.5925,1
43.8,105.5,47.6,1762.8,50.1,0.404,176.0,85.4,3.11,68.2,3,19.0,76.9,2,4,0.8153,1
149.8,387.3,31.0,1105.1,70.9,0.472,208.6,74.7,6.49,63.8,1,23.2,93.3,2,4,0.9051,1
256.4,605.5,45.6,114.6,97.8,0.124,214.9,94.5,1.55,18.5,1,29.8,100.0,4,2,0.99,1
77.3,190.7,43.2,1161.7,62.3,0.614,145.7,101.0,1.44,29.1,1,21.1,77.7,1,5,0.8424,1
0.2,8.1,40.0,1765.2,38.0,-0.05,165.1,89.3,4.25,55.2,1,20.3,53.6,4,4,0.4511,0
129.4,333.3,45.8,2542.3,83.1,0.659,78.9,104.4,4.28,37.9,2,12.7,100.0,0,5,0.9893,1
62.1,159.3,50.0,390.3,49.1,0.572,295.8,115.0,3.72,7.7,0,24.7,73.0,1,5,0.8099,1
3.6,40.8,27.4,477.5,33.5,0.367,86.3,62.2,1.77,39.7,0,19.8,61.7,1,4,0.2825,0
6.8,21.4,26.7,1475.3,40.9,0.442,335.1,69.5,4.76,60.8,0,19.6,67.3,2,4,0.1581,0
100.5,290.3,26.2,1357.1,59.6,0.345,269.5,56.7,4.04,40.9,1,21.2,84.2,2,4,0.6529,1
14.5,74.8,39.5,1630.2,33.5,0.29,330.8,92.9,4.0,44.3,2,22.6,59.3,3,5,0.6691,1
191.3,405.8,36.0,1250.0,100.0,0.474,161.4,85.9,3.48,77.1,4,18.7,100.0,2,4,0.99,1
36.9,125.8,32.0,114.5,54.4,0.49,62.3,82.3,5.66,94.8,0,26.0,71.4,1,0,0.1529,0
165.6,488.2,45.9,1283.4,81.1,0.306,206.2,102.2,2.11,25.4,1,20.7,90.0,3,4,0.99,1
2.8,18.6,21.8,226.6,47.1,0.298,284.9,59.5,10.47,128.0,1,24.0,67.3,2,3,0.1028,0
226.2,507.3,36.8,825.2,75.5,0.718,124.5,74.0,5.3,63.4,1,27.4,96.0,0,4,0.9688,1
119.0,274.5,35.5,952.2,85.9,0.699,133.5,87.1,7.34,51.0,1,19.2,94.6,0,4,0.9459,1
54.5,164.5,42.4,1407.1,67.2,0.112,171.9,90.5,2.52,8.4,0,23.1,80.2,4,5,0.8771,1
18.9,40.8,25.8,1254.4,48.4,0.419,52.6,64.5,6.49,36.5,0,20.5,75.7,2,0,0.1116,0
61.1,126.9,36.0,1295.7,39.1,0.075,21.0,73.1,7.66,61.7,1,23.0,65.5,4,4,0.5832,1
167.4,428.2,38.4,1305.7,82.3,0.516,284.6,83.1,0.5,32.5,2,21.3,100.0,1,5,0.99,1
70.9,182.2,28.8,546.4,67.5,0.129,83.6,70.5,3.48,30.1,0,24.5,75.7,4,5,0.6833,1
8.2,53.3,27.1,698.9,19.7,0.346,315.0,60.6,3.09,53.2,1,21.8,62.1,1,4,0.3179,0
125.7,397.2,55.7,1291.6,86.8,0.586,118.5,118.1,4.33,47.2,1,21.3,96.9,2,4,0.9891,1
28.6,94.0,26.2,1600.7,61.2,0.09,66.9,65.3,2.73,33.2,2,19.1,74.3,4,5,0.4232,0
64.9,201.6,38.0,1976.0,64.2,0.765,192.9,80.5,2.0,46.8,3,21.0,79.8,0,4,0.8187,1
164.8,512.6,30.2,1677.3,80.8,0.258,227.2,70.8,2.86,81.2,0,18.5,100.0,3,5,0.9769,1
299.6,592.4,36.2,547.0,93.0,0.761,269.8,80.8,8.29,48.8,1,24.1,100.0,0,2,0.9774,1
10.6,38.3,41.7,1423.0,41.4,0.1,296.1,74.7,4.46,59.7,1,17.5,72.3,3,4,0.6452,1
122.2,363.6,39.1,1305.3,95.3,0.531,10.7,78.9,4.46,69.8,1,21.3,100.0,2,4,0.9579,1
6.0,45.9,35.1,1424.9,45.4,0.631,72.6,86.3,5.66,31.2,1,18.3,72.6,0,4,0.3315,0
42.9,130.9,29.2,1465.3,57.3,0.217,52.2,75.1,8.19,129.9,0,17.4,69.1,3,2,0.2178,0
3.9,43.5,5.0,50.0,50.7,0.177,240.6,18.4,18.84,235.8,0,28.8,68.9,3,0,0.0585,0
52.1,169.8,43.8,1542.6,59.9,0.431,258.5,92.2,0.5,26.5,1,21.3,77.2,1,5,0.8338,1
26.3,55.2,35.8,1416.2,17.1,0.6,327.8,89.7,7.13,67.7,1,20.6,52.4,2,4,0.5602,1
100.3,306.0,40.7,2044.3,56.1,0.109,139.3,91.3,3.17,71.0,0,14.9,80.8,4,4,0.9009,1
14.0,50.4,26.1,85.7,33.6,0.565,5.0,67.1,12.08,125.9,0,24.9,57.1,2,0,0.0438,0
75.3,184.0,36.6,2326.7,54.6,0.795,147.5,75.3,4.39,63.5,2,12.2,78.0,0,4,0.7555,1
67.4,147.6,34.3,1605.5,59.2,0.25,176.0,68.9,6.06,53.2,3,18.7,80.8,2,4,0.6363,1
95.1,226.6,41.8,1366.2,46.8,0.192,153.1,98.8,2.72,39.9,1,21.0,72.9,3,5,0.895,1
61.8,178.7,37.3,783.0,59.0,0.056,83.0,78.1,3.22,27.0,0,24.0,86.5,4,4,0.7684,1
51.5,140.0,36.6,1592.1,56.6,0.346,169.9,79.8,7.84,60.2,1,18.4,73.8,1,4,0.6947,1
7.1,44.4,34.5,50.0,30.4,0.389,352.1,84.0,8.66,112.8,1,26.3,53.6,2,2,0.3029,0
24.5,73.4,38.9,1354.5,60.7,0.476,2.7,85.5,4.48,26.0,3,16.7,80.0,1,5,0.7687,1
57.4,181.1,24.9,1698.4,78.0,0.6,265.3,61.1,7.44,75.2,0,18.7,85.4,2,5,0.4074,0
6.3,21.4,38.1,1475.7,20.1,0.149,24.5,93.6,5.25,54.7,1,17.0,49.8,4,5,0.6145,1
10.6,52.7,36.3,591.0,33.6,0.018,68.0,94.7,4.99,19.6,0,27.6,61.3,4,4,0.6409,1
83.4,178.6,32.9,1216.9,60.2,0.717,76.2,87.4,3.75,34.3,0,21.8,73.2,0,3,0.3702,0
111.8,218.6,5.0,744.3,87.4,0.276,22.2,19.2,14.41,172.7,0,25.8,95.6,3,0,0.5363,1
68.9,138.4,30.1,1081.3,53.6,0.346,229.3,68.4,4.7,31.4,1,18.8,80.8,1,0,0.2997,0
119.0,382.6,47.3,2925.7,82.2,0.389,353.4,97.2,3.32,22.3,1,13.9,99.4,1,0,0.9503,1
165.7,338.5,42.9,508.5,83.9,0.05,295.8,89.4,5.98,52.3,2,23.4,100.0,3,4,0.99,1
10.3,57.5,44.1,1467.0,44.6,0.485,24.6,95.1,4.62,51.2,0,23.9,60.7,1,4,0.6272,1
69.8,153.2,30.7,642.7,77.7,0.054,311.0,63.0,5.45,34.2,1,23.5,94.2,3,4,0.6968,1
39.1,112.4,22.7,374.6,76.1,0.105,226.9,52.8,12.14,115.9,0,26.5,83.9,3,0,0.1776,0
320.5,750.0,25.8,50.0,92.3,0.65,294.1,53.2,7.52,81.1,0,21.5,100.0,1,0,0.9086,1
31.9,113.7,49.5,471.4,35.3,0.061,336.7,106.0,3.72,5.0,4,27.0,60.2,4,4,0.8675,1
58.7,144.7,21.3,209.0,66.9,0.019,257.1,47.6,8.77,67.8,0,26.2,75.2,4,4,0.2653,0
3.3,45.2,29.5,1612.5,33.3,0.25,212.8,62.0,5.33,38.3,0,21.9,53.2,2,4,0.3694,0
103.7,279.4,35.6,1227.9,75.6,0.577,329.7,69.3,5.91,39.9,2,19.8,93.3,2,4,0.8935,1
173.9,472.2,34.1,1159.2,89.0,0.592,44.0,80.9,7.92,88.0,0,19.6,100.0,1,3,0.9679,1
2.3,33.7,11.8,50.0,29.7,0.373,322.2,45.5,10.3,113.3,0,27.2,61.5,2,0,0.042,0
31.4,101.7,43.9,1386.8,55.6,0.437,87.2,101.6,5.64,64.5,2,20.0,76.0,1,4,0.581,1
25.8,79.2,44.2,1528.3,32.3,0.713,237.1,88.6,4.88,7.8,0,18.2,59.1,0,1,0.4519,0
208.2,677.7,36.9,1169.4,97.8,0.029,143.0,73.0,4.02,38.7,2,23.9,100.0,4,5,0.99,1
26.4,86.0,20.5,160.6,30.8,0.239,213.9,57.5,7.06,45.0,0,31.1,60.8,3,2,0.1209,0
25.3,83.7,34.9,584.7,25.1,0.44,180.4,85.5,5.59,47.7,1,27.5,63.1,1,4,0.3667,0
4.4,43.5,37.6,581.8,20.9,0.085,96.7,72.6,3.99,5.0,1,24.2,60.6,4,4,0.6338,1
47.6,99.4,30.8,1489.4,57.8,0.721,188.4,71.5,5.54,42.2,1,19.4,79.1,0,4,0.4446,0
60.2,193.5,28.0,530.6,61.6,0.345,120.7,71.4,8.91,89.7,0,29.7,79.1,2,2,0.1761,0
63.7,198.7,8.7,740.3,54.2,0.748,355.5,29.4,10.32,93.3,0,25.3,80.5,0,2,0.1115,0
134.0,400.3,47.1,643.0,79.9,0.141,51.4,111.6,3.28,5.0,0,25.9,92.5,4,5,0.99,1
142.7,437.9,41.3,453.1,81.4,0.161,186.4,73.4,3.91,44.6,1,25.9,97.3,3,4,0.9799,1
62.8,144.8,47.6,358.9,61.5,0.068,259.5,90.2,1.09,19.4,2,26.0,78.5,4,1,0.8005,1
16.1,63.6,35.8,1576.9,60.9,0.178,115.2,62.0,2.83,26.9,3,17.5,67.5,3,5,0.7529,1
18.1,69.6,45.0,2912.7,21.2,0.472,18.0,109.2,3.45,13.1,1,10.5,51.7,1,5,0.7342,1
114.3,264.7,38.2,1610.2,78.0,0.48,275.1,86.3,3.85,21.5,0,16.5,84.7,2,4,0.9514,1
15.0,80.5,36.4,1793.0,46.0,0.649,1.8,91.7,6.24,53.8,1,18.0,66.5,0,4,0.3914,0
21.9,50.9,39.1,1116.4,36.5,0.435,173.2,81.2,6.0,47.9,3,21.5,55.4,1,4,0.4993,0
40.3,141.0,28.9,1644.3,35.9,0.24,116.7,81.2,4.39,43.4,0,19.1,56.2,3,5,0.3243,0
76.2,201.0,38.5,392.7,44.0,0.179,8.6,79.6,1.72,7.4,0,20.0,68.4,3,5,0.8956,1
187.0,471.4,35.7,727.1,77.2,0.485,88.7,82.5,5.01,47.2,2,27.3,94.5,1,4,0.9683,1
169.2,521.0,33.0,1244.8,83.7,0.438,219.1,73.1,4.15,24.0,2,16.6,90.5,2,1,0.9636,1
5.2,30.6,44.0,1084.3,30.6,0.495,212.4,96.4,3.18,11.9,1,20.1,54.7,1,5,0.8689,1
9.2,68.1,19.1,1716.4,57.6,0.15,290.8,58.9,7.08,94.7,0,18.0,71.9,3,2,0.1218,0
4.5,35.2,28.3,268.5,40.2,0.074,296.0,64.6,4.44,23.4,0,25.0,69.5,3,4,0.2463,0
32.3,107.2,43.1,1370.5,61.7,0.704,112.1,91.2,4.54,68.7,3,18.9,75.8,0,4,0.6227,1
175.7,351.6,33.0,1184.2,74.4,0.139,94.0,59.9,2.94,25.1,2,25.1,98.3,3,4,0.9764,1
4.8,38.7,47.8,3045.7,43.4,0.489,97.8,111.9,0.89,37.8,0,12.8,66.4,1,5,0.6724,1
16.6,64.2,31.9,662.0,74.7,0.136,207.4,75.5,2.86,59.1,1,21.8,78.2,4,4,0.6353,1
115.4,312.3,32.3,1277.8,57.1,0.507,117.1,72.9,2.82,72.1,0,18.0,79.1,1,4,0.7083,1
91.4,258.1,20.8,303.0,68.9,0.475,342.8,48.4,12.56,97.1,0,31.5,94.0,2,2,0.2635,0
27.5,68.9,36.5,905.8,45.6,0.024,267.9,65.3,0.5,28.1,1,21.6,64.0,4,4,0.7433,1
82.0,223.1,25.1,1276.2,58.4,0.586,158.5,64.9,7.11,56.1,0,21.4,78.9,1,4,0.3747,0
85.3,245.7,20.4,2535.6,50.3,0.758,288.3,47.6,4.4,46.2,0,13.4,89.3,0,5,0.3336,0
198.1,600.5,30.0,1881.9,81.3,0.745,201.8,58.2,6.33,72.3,0,20.2,95.8,0,4,0.96,1
16.7,52.8,33.7,1398.3,40.0,0.489,299.3,70.5,7.35,67.4,1,20.6,66.7,1,4,0.3936,0
186.1,603.0,14.8,50.0,83.6,0.512,268.8,48.7,13.08,70.6,0,29.3,100.0,2,0,0.7894,1
3.5,7.4,40.3,2159.5,46.3,0.841,35.2,96.7,4.53,31.6,0,17.6,67.7,0,5,0.7149,1
180.7,377.7,31.0,491.6,81.2,0.36,242.9,71.1,7.99,55.1,2,24.6,91.7,2,2,0.9561,1
130.7,265.0,34.9,1161.0,83.4,0.83,113.2,79.9,5.26,45.0,2,25.5,100.0,0,4,0.9376,1
38.1,133.5,31.8,685.0,62.2,0.053,8.2,75.1,4.96,20.5,1,25.2,73.9,4,4,0.5073,1
12.8,65.2,41.0,2168.1,35.5,0.533,107.5,93.3,5.36,52.1,0,15.9,58.9,0,4,0.4186,0
51.8,176.2,49.0,506.1,44.3,0.109,205.6,105.4,1.63,19.5,1,28.6,61.8,4,5,0.8383,1
20.7,59.5,27.4,1869.3,29.6,0.358,56.6,62.7,6.59,58.2,0,21.7,61.1,1,4,0.2284,0
125.7,303.6,27.8,320.7,89.7,0.262,104.1,66.6,4.95,46.9,0,30.0,100.0,3,4,0.9467,1
270.9,720.4,24.2,598.1,93.5,0.506,4.3,60.9,10.44,83.7,0,22.8,100.0,1,4,0.9649,1
117.6,294.7,32.8,367.0,86.0,0.246,10.9,64.9,5.23,49.2,0,27.8,100.0,3,4,0.8729,1
246.0,526.1,35.7,1355.9,89.3,0.488,52.4,77.9,4.7,32.4,0,19.9,100.0,1,3,0.9873,1
61.2,192.9,31.6,56.7,52.1,0.199,16.7,76.3,7.15,62.1,0,32.1,74.8,3,2,0.2896,0
125.6,335.0,39.2,413.9,83.2,0.186,23.4,96.3,7.54,32.5,2,28.5,87.4,3,4,0.988,1
50.8,136.0,34.0,1252.4,60.0,0.14,228.7,82.3,3.35,45.2,1,19.4,69.4,4,5,0.5501,1
264.2,570.4,33.9,1553.9,93.0,0.513,299.3,97.2,1.87,57.4,3,16.8,100.0,2,4,0.99,1
3.4,33.9,46.6,1510.8,35.5,0.455,278.8,104.3,3.79,71.6,1,19.1,64.6,1,4,0.6944,1
22.2,61.4,35.6,2603.0,54.7,0.624,280.8,93.1,2.86,31.6,0,9.2,64.3,0,5,0.49,0
23.8,69.3,55.8,1430.0,61.2,0.548,46.4,120.0,2.22,5.0,1,18.5,73.8,1,5,0.8727,1
113.1,287.0,34.6,1491.4,86.2,0.289,233.0,82.7,4.78,48.5,1,18.3,97.4,2,4,0.9625,1
169.5,510.0,14.3,187.3,89.9,0.464,167.2,42.4,7.11,96.5,0,26.8,100.0,1,5,0.9437,1
144.3,274.4,36.5,50.0,74.0,0.074,328.9,58.4,6.9,5.0,2,29.7,98.6,3,4,0.9859,1
7.4,48.5,39.3,2546.0,33.3,0.705,82.1,82.8,3.79,42.9,1,17.6,50.4,0,5,0.5054,1
181.6,502.5,26.3,295.5,86.3,0.071,112.0,55.6,11.45,108.3,0,26.2,91.6,4,0,0.8634,1
49.9,157.7,26.3,1777.8,62.0,0.736,278.2,72.0,6.74,99.0,0,20.8,82.1,0,4,0.2302,0
41.8,151.7,29.7,1373.4,26.5,0.522,258.3,71.3,3.25,46.8,0,20.5,60.4,1,5,0.5154,1
159.3,357.3,46.2,464.0,90.5,0.114,54.0,92.6,2.58,22.5,1,27.1,100.0,4,4,0.99,1
45.0,146.4,21.9,173.7,54.7,0.323,41.2,63.7,13.46,91.7,0,25.3,71.7,2,0,0.1098,0
307.4,750.0,39.5,1197.8,89.3,0.686,87.6,88.9,5.32,63.2,0,23.4,100.0,0,4,0.9873,1
171.4,458.5,43.1,1708.5,91.9,0.154,162.1,93.1,3.22,34.8,0,19.0,100.0,4,5,0.99,1
178.6,513.3,32.5,1280.4,82.2,0.65,328.3,80.0,7.81,54.3,1,18.3,98.2,1,4,0.962,1
26.7,94.9,48.7,1212.2,19.7,0.858,172.7,112.8,1.57,36.0,1,23.7,54.9,0,5,0.5939,1
169.7,451.8,15.2,675.7,83.1,0.28,171.6,49.9,15.6,190.3,2,24.0,90.9,3,0,0.8131,1
22.9,84.8,20.4,539.4,52.5,0.376,184.5,41.7,10.44,134.0,0,27.8,75.2,2,2,0.0787,0
109.6,354.8,33.8,1323.8,79.1,0.346,38.4,87.9,2.01,22.5,1,15.6,94.7,3,4,0.9289,1
218.5,669.0,33.7,432.8,92.3,0.132,138.6,74.9,0.5,16.9,2,24.6,100.0,4,5,0.99,1
114.1,266.4,45.9,1534.3,80.4,0.416,339.2,108.7,3.04,54.5,1,17.5,90.6,2,5,0.9759,1
15.2,65.0,38.8,1508.7,20.6,0.149,301.1,89.5,5.74,36.1,1,26.3,59.6,3,5,0.7043,1
63.0,158.1,28.2,2519.7,30.2,0.766,67.0,81.8,4.53,37.8,0,8.5,65.3,0,5,0.4022,0
160.4,413.0,40.5,1812.8,84.0,0.735,305.6,86.5,2.4,46.2,1,14.5,94.3,0,4,0.9594,1
98.3,253.2,19.5,1830.9,96.4,0.152,122.6,50.9,8.03,99.6,0,16.9,95.5,3,2,0.644,1
73.5,235.6,33.9,1005.4,47.9,0.413,201.5,68.6,3.25,54.8,0,22.4,76.7,1,4,0.5776,1
177.1,486.9,33.7,1809.6,93.1,0.122,0.5,79.0,7.55,95.4,1,17.5,100.0,3,2,0.9738,1
94.4,286.0,28.6,1450.4,81.2,0.15,339.0,69.5,4.21,58.2,0,19.8,87.8,3,3,0.8183,1
70.7,199.8,15.2,316.5,26.7,0.212,231.1,52.0,17.94,246.8,1,29.2,55.4,3,0,0.1565,0
140.6,398.0,40.5,1208.2,91.8,0.464,73.4,88.1,5.41,70.0,1,19.3,93.1,1,4,0.99,1
263.8,690.1,24.0,1546.6,91.2,0.312,22.9,57.3,4.81,22.5,0,19.9,100.0,3,5,0.9759,1
271.7,750.0,38.0,1418.0,96.4,0.052,104.4,78.2,2.58,35.2,1,18.7,100.0,4,5,0.99,1
7.7,41.7,9.0,1218.9,22.0,0.502,242.9,29.2,14.96,208.1,0,22.5,50.2,2,0,0.0424,0
153.4,450.5,31.4,1515.7,85.1,0.478,7.7,70.0,7.96,71.7,3,13.4,100.0,1,4,0.9666,1
6.8,19.4,28.2,1287.7,40.4,0.397,217.6,65.3,3.78,62.7,1,20.6,66.7,1,4,0.3266,0
113.6,265.7,25.4,1502.2,91.3,0.25,339.9,53.9,4.8,62.4,0,17.8,98.0,2,4,0.9053,1
234.6,695.9,34.8,570.2,91.4,0.122,300.7,76.9,4.91,25.2,2,28.7,100.0,4,4,0.99,1
13.8,56.3,19.4,1489.7,50.0,0.435,296.1,59.6,6.31,67.5,0,22.1,72.5,2,4,0.1219,0
137.6,291.1,39.1,50.0,77.5,0.295,24.7,94.8,6.21,40.0,0,30.6,100.0,3,2,0.974,1
50.7,163.8,45.7,421.3,36.8,0.101,342.5,92.9,2.37,14.8,0,26.9,70.7,4,5,0.929,1
26.6,59.3,35.1,1406.5,62.8,0.38,347.4,70.3,5.04,56.9,0,22.1,80.7,2,4,0.5253,1
87.6,187.3,17.9,204.1,52.7,0.35,32.1,48.7,12.11,80.3,0,28.1,73.5,2,0,0.1688,0
15.4,61.3,32.3,636.5,37.5,0.49,220.2,85.2,2.74,35.6,0,22.9,71.6,1,1,0.1795,0
205.3,669.0,19.3,1674.5,93.4,0.722,98.5,51.2,5.31,105.2,0,15.2,100.0,0,4,0.9364,1
237.6,545.9,23.9,1687.3,94.5,0.785,189.8,77.3,1.71,46.2,0,13.9,100.0,0,4,0.944,1
10.1,37.8,41.3,589.9,32.9,0.387,29.0,83.3,3.41,57.3,1,26.3,70.4,1,4,0.6966,1
64.0,188.2,36.5,1041.8,47.2,0.456,298.6,74.9,5.08,57.8,1,20.6,72.2,1,4,0.6588,1
225.4,634.9,39.5,1361.2,90.0,0.143,148.8,87.1,2.36,5.0,2,23.1,100.0,3,4,0.99,1
53.6,160.7,27.0,1663.7,45.7,0.013,26.1,72.8,2.11,24.0,0,20.5,68.2,4,5,0.4466,0
28.1,105.1,36.5,1053.7,28.7,0.024,103.0,88.7,1.93,27.9,3,21.6,60.8,4,5,0.7384,1
176.0,435.6,43.5,1490.2,78.8,0.417,202.3,83.2,3.73,35.6,1,20.2,100.0,1,4,0.9895,1
135.2,334.4,40.3,1262.3,88.4,0.469,294.7,88.0,2.63,23.4,0,24.1,89.9,2,5,0.99,1
57.6,147.5,23.8,1328.3,42.0,0.469,235.6,52.5,8.04,69.2,1,21.8,71.3,1,3,0.2206,0
0.4,23.9,34.4,1508.1,24.3,0.417,41.6,79.8,6.07,29.6,0,23.8,65.1,2,4,0.3054,0
85.9,237.5,45.0,1747.5,60.0,0.48,289.1,87.6,0.73,45.5,2,19.8,87.7,2,5,0.9527,1
38.1,138.2,48.5,636.0,63.0,0.026,338.0,107.4,1.25,35.1,1,23.0,70.7,4,5,0.834,1
66.3,153.1,56.8,940.3,75.0,0.144,119.7,116.6,4.96,41.5,1,20.3,84.6,4,5,0.9132,1
8.2,41.2,47.8,2878.5,45.5,0.65,81.5,110.3,3.12,30.0,1,8.3,64.1,1,5,0.7063,1
24.2,85.5,33.8,1318.0,16.6,0.385,280.6,74.1,6.29,56.3,2,24.7,54.5,2,4,0.4571,0
62.3,148.5,33.1,1860.1,62.8,0.209,60.3,80.0,5.27,36.0,2,19.8,81.3,3,3,0.6012,1
171.1,468.0,26.2,1488.4,85.9,0.574,335.7,60.7,3.79,39.6,0,18.4,100.0,2,4,0.9346,1
223.7,684.6,31.4,470.4,84.0,0.054,354.6,65.2,7.93,94.4,0,27.3,100.0,4,4,0.9798,1
37.5,102.6,36.4,1747.6,80.0,0.444,336.5,77.3,2.55,21.7,3,17.6,81.9,1,4,0.791,1
120.6,242.5,36.9,1660.7,78.3,0.25,2.1,80.8,2.02,37.5,2,16.9,92.0,2,5,0.9297,1
13.0,38.5,30.1,1333.3,65.1,0.407,95.0,72.7,6.1,48.8,0,22.3,72.2,1,4,0.3256,0
186.3,587.3,21.1,918.5,74.8,0.648,41.5,51.8,9.56,106.5,1,28.7,93.6,0,2,0.7597,1
38.1,109.0,45.4,1727.6,39.7,0.528,200.4,87.5,5.44,15.7,1,14.5,73.8,1,4,0.5763,1
102.1,245.5,42.0,1510.3,78.1,0.293,19.9,89.2,2.36,15.3,2,17.5,88.7,3,5,0.9534,1
3.7,14.2,39.7,1455.5,30.8,0.595,191.0,85.7,3.26,52.1,0,19.9,61.6,2,4,0.5628,1
8.8,44.6,20.7,50.0,49.7,0.538,279.9,63.9,13.25,93.3,0,25.3,73.0,2,0,0.0384,0
130.9,316.6,32.9,1478.4,87.7,0.498,254.4,85.5,3.85,53.9,2,18.0,99.4,2,4,0.963,1
131.1,329.7,34.5,963.8,91.6,0.699,191.5,61.8,9.76,78.2,2,21.4,99.9,0,2,0.9648,1
113.4,353.0,15.1,351.5,83.7,0.476,299.5,42.1,6.61,81.7,0,25.0,90.8,1,0,0.6008,1
64.0,156.9,44.5,962.9,56.3,0.209,61.2,86.5,2.14,42.3,1,23.4,75.1,3,2,0.7273,1
229.2,692.3,39.6,851.0,90.5,0.608,65.6,69.7,4.36,24.8,0,26.1,100.0,1,4,0.9894,1
110.5,272.9,47.0,1533.6,88.6,0.451,327.4,101.3,4.74,42.4,0,19.4,96.7,1,4,0.9791,1
85.7,295.5,51.0,1470.1,80.3,0.41,154.7,120.0,2.21,26.6,0,17.4,83.5,1,5,0.9771,1
24.0,97.1,32.4,1313.7,36.4,0.46,27.2,73.9,9.16,91.5,4,17.3,65.5,1,2,0.2411,0
229.1,598.6,18.5,792.3,90.8,0.153,53.7,47.9,10.3,85.4,2,28.9,100.0,4,2,0.9592,1
278.9,522.6,38.1,1292.5,87.6,0.183,232.7,88.4,0.92,7.3,2,24.6,100.0,3,5,0.99,1
9.9,48.2,29.2,241.0,39.6,0.368,94.2,53.5,10.49,77.9,0,23.5,69.8,1,4,0.2548,0
4.3,23.5,34.5,1449.3,47.2,0.441,24.5,84.3,6.06,88.0,1,20.8,72.7,1,4,0.4578,0
159.8,477.1,32.8,919.1,73.6,0.32,22.5,70.1,7.66,52.6,1,27.5,86.6,3,2,0.9599,1
59.4,144.3,40.7,1652.2,47.5,0.47,129.5,89.8,3.58,44.2,2,16.8,72.0,2,5,0.7368,1
70.5,210.4,32.9,1693.6,44.1,0.219,118.8,63.4,1.67,14.7,3,17.1,71.5,3,5,0.7961,1
12.9,66.6,35.8,1242.0,40.0,0.42,158.9,72.2,5.59,40.2,1,17.0,65.0,1,4,0.4123,0
155.2,423.7,36.0,1205.8,84.7,0.428,253.5,74.8,5.82,51.5,1,23.5,99.5,1,4,0.9698,1
267.8,750.0,36.3,711.4,92.9,0.467,93.5,79.4,3.48,46.4,1,22.7,100.0,1,4,0.9884,1
45.4,116.0,23.8,1095.6,19.4,0.357,335.9,59.2,6.87,50.3,0,29.5,60.6,2,4,0.3201,0
203.4,661.8,29.1,1723.1,76.0,0.772,339.5,70.4,5.84,92.6,0,20.0,100.0,0,4,0.9669,1
67.3,237.0,21.7,1843.9,65.4,0.325,135.3,35.1,4.84,42.1,0,20.0,94.7,3,5,0.5763,1
6.1,37.9,37.8,88.0,46.1,0.522,214.6,80.0,9.7,83.5,3,28.4,58.8,1,4,0.513,1
80.2,210.9,37.6,1536.3,52.8,0.415,126.7,98.2,5.5,74.8,2,21.0,77.0,1,4,0.7778,1
105.6,257.3,44.4,872.7,85.1,0.076,169.9,110.8,3.78,16.4,0,24.0,98.2,4,4,0.9828,1
14.9,54.1,7.4,854.2,35.1,0.32,305.1,15.3,14.41,230.8,0,25.6,69.1,3,0,0.0269,0
2.3,32.4,42.3,1144.4,36.6,0.59,79.3,87.1,3.38,40.8,2,19.8,68.4,1,5,0.6804,1
7.1,29.3,28.9,487.9,60.0,0.413,321.9,70.6,9.46,78.9,0,29.5,80.6,2,2,0.2239,0
143.8,404.7,39.3,1651.7,79.0,0.275,289.0,86.1,1.07,22.4,0,17.4,97.7,2,5,0.99,1
79.5,205.1,21.4,448.0,49.5,0.457,333.6,56.2,12.75,98.3,1,23.8,75.2,2,0,0.1322,0
74.1,161.9,23.0,362.9,50.3,0.575,259.5,67.8,12.77,141.7,0,25.9,71.0,2,2,0.1562,0
160.8,386.0,34.4,129.0,79.8,0.099,269.0,76.6,0.5,24.6,1,23.8,89.2,4,4,0.9801,1
25.7,98.3,45.8,1204.8,56.3,0.478,50.3,112.3,1.82,24.9,2,23.4,77.4,1,5,0.6582,1
56.6,122.7,34.1,1537.5,42.9,0.411,341.7,57.3,3.22,55.1,2,17.6,73.6,1,4,0.6431,1
5.3,19.8,21.9,1324.3,34.8,0.167,292.7,60.8,4.68,47.1,0,19.4,58.3,3,1,0.1143,0
22.7,76.2,25.5,1183.4,32.2,0.463,120.4,64.9,2.74,35.9,0,18.4,67.1,2,4,0.2648,0
4.2,48.3,31.3,1439.5,42.1,0.324,335.7,84.8,5.81,39.4,1,20.9,51.2,3,5,0.4604,0
9.3,26.4,36.8,2164.8,38.3,0.828,124.7,88.0,3.01,37.2,2,14.5,69.8,0,4,0.5791,1
9.5,48.3,43.8,134.2,55.8,0.067,166.3,94.8,1.89,5.0,0,27.8,67.6,4,4,0.7797,1
166.5,559.5,34.4,1585.3,83.7,0.426,324.4,72.1,3.63,60.8,2,22.5,97.1,1,4,0.9876,1
39.0,115.4,34.6,1466.4,44.8,0.066,44.2,74.4,4.25,23.8,1,16.3,66.2,3,5,0.6024,1
15.7,63.4,46.2,430.6,31.1,0.725,105.6,78.9,10.42,93.5,5,25.5,58.2,0,0,0.3993,0
41.6,87.6,47.1,832.6,41.4,0.159,68.5,88.8,1.35,15.9,5,22.7,69.3,4,5,0.9193,1
204.0,573.2,40.7,771.3,93.0,0.085,92.6,94.3,2.73,35.0,3,21.9,100.0,4,5,0.99,1
148.2,489.8,26.0,2031.5,94.5,0.799,200.8,65.0,3.39,34.9,0,16.3,100.0,0,4,0.9574,1
118.7,286.1,39.8,1273.0,61.4,0.432,169.4,92.5,4.44,41.6,0,17.6,84.2,1,4,0.8463,1
12.2,73.9,34.3,1415.8,26.7,0.315,191.0,77.4,4.38,66.4,2,21.6,58.7,2,4,0.6338,1
109.8,254.0,30.6,1109.8,81.3,0.452,124.5,67.4,4.02,40.8,0,24.0,99.7,1,0,0.8583,1
9.9,34.3,29.9,1317.3,34.6,0.422,196.2,80.9,3.72,37.1,0,21.8,64.8,1,4,0.3883,0
30.2,96.4,43.4,1854.6,33.2,0.798,231.9,93.1,2.32,80.9,0,17.7,62.2,0,4,0.4748,0
136.5,460.4,49.9,2155.2,86.1,0.704,250.1,108.3,3.51,60.2,0,13.4,100.0,0,4,0.9757,1
72.4,158.1,5.0,174.6,55.6,0.099,274.0,16.1,18.72,250.5,1,30.7,77.4,3,0,0.135,0
35.3,118.6,39.2,1342.4,48.5,0.331,244.0,60.4,0.5,40.2,0,18.1,73.0,1,5,0.7127,1
52.4,163.5,9.5,50.0,55.4,0.183,215.1,30.0,18.59,255.4,0,24.8,76.7,3,4,0.1489,0
8.0,27.7,41.8,436.9,37.8,0.112,155.5,71.8,3.26,33.7,2,27.1,60.5,4,4,0.6644,1
162.7,419.7,34.7,443.6,89.5,0.423,171.7,81.4,3.92,54.0,1,23.9,100.0,1,4,0.9817,1
21.2,55.3,18.0,669.7,60.5,0.421,133.4,39.1,16.35,200.4,0,22.4,80.6,2,0,0.0461,0
39.4,95.8,25.6,1636.9,42.4,0.556,106.6,62.1,5.18,40.2,0,19.3,63.9,1,5,0.319,0
58.9,165.4,54.2,3119.7,54.7,0.379,224.3,108.0,2.02,39.8,3,13.1,77.5,1,5,0.8827,1
76.7,194.4,25.5,1442.1,81.4,0.229,267.0,40.9,7.59,104.8,0,19.8,94.5,3,2,0.5795,1
159.2,341.3,14.0,50.0,88.6,0.6,290.6,40.9,11.92,104.5,0,25.3,99.7,2,0,0.8351,1
56.0,128.9,32.2,546.3,66.7,0.386,15.0,73.9,1.93,47.1,0,27.7,77.6,1,4,0.4585,0
32.5,126.1,8.2,50.0,22.5,0.337,308.7,15.7,11.14,94.8,0,30.7,65.6,2,0,0.0528,0
118.5,271.2,5.0,959.6,81.6,0.179,138.5,32.1,14.96,215.3,1,22.7,85.3,3,0,0.5084,1
54.0,160.3,9.1,1712.2,54.7,0.234,287.0,30.8,8.07,107.8,2,21.3,72.7,3,2,0.1581,0
69.8,174.0,39.9,1210.5,91.0,0.407,63.5,88.1,0.5,25.2,3,24.2,82.8,1,5,0.9687,1
82.1,214.8,32.3,2321.0,53.5,0.683,286.6,77.5,3.59,37.6,2,15.2,75.5,0,5,0.7772,1
9.2,49.4,28.5,1912.8,37.9,0.792,299.4,64.8,7.16,72.6,0,14.9,63.2,0,4,0.1502,0
46.2,130.9,37.2,1085.2,57.1,0.788,119.0,79.6,6.65,83.3,1,21.1,85.5,0,4,0.3584,0
8.0,26.4,35.7,627.2,38.2,0.11,257.8,69.4,3.68,20.2,0,24.6,65.4,3,0,0.4603,0
192.7,565.7,24.2,50.0,82.6,0.366,51.3,61.8,6.25,84.0,0,26.0,100.0,1,0,0.8806,1
163.0,354.2,19.3,268.0,91.5,0.431,256.9,56.5,6.91,91.7,0,22.5,93.5,1,5,0.9164,1
6.4,36.9,35.2,758.6,45.8,0.144,8.1,73.0,0.77,34.3,1,22.7,57.0,4,5,0.7864,1
226.1,691.1,5.0,50.0,93.3,0.05,75.1,30.8,16.67,277.4,0,26.1,100.0,3,0,0.7617,1
92.5,284.6,36.5,1871.4,47.4,0.806,185.0,70.4,7.87,94.3,2,13.7,84.1,0,4,0.6581,1
249.8,573.4,41.4,50.0,90.0,0.2,114.1,84.9,4.67,46.7,1,31.6,100.0,3,4,0.99,1
29.4,61.2,32.1,630.0,55.7,0.498,68.8,83.6,5.15,6.3,1,26.5,66.4,1,4,0.4295,0
128.1,402.5,40.7,1196.0,76.9,0.633,358.9,80.8,5.25,86.6,1,22.7,91.7,1,4,0.95,1
61.0,182.7,28.9,2091.8,46.4,0.788,170.3,64.6,2.56,34.7,0,18.0,64.2,0,4,0.3328,0
57.4,153.8,43.3,255.6,47.2,0.055,132.2,90.7,1.13,10.7,0,32.7,81.0,4,4,0.9049,1
24.4,80.4,37.9,1134.2,40.7,0.033,240.8,86.8,5.54,34.6,1,20.3,64.5,4,5,0.6523,1
147.2,303.6,19.8,242.0,88.0,0.573,3.8,53.2,12.27,102.7,0,29.2,99.6,2,3,0.8203,1
163.7,529.9,46.8,1056.3,83.6,0.627,310.1,106.2,3.13,93.8,3,23.6,97.0,1,4,0.9882,1
73.0,250.0,39.9,1597.4,58.5,0.502,267.7,90.1,5.63,50.2,3,17.2,91.0,1,4,0.8926,1
48.5,123.1,47.3,568.7,63.4,0.133,300.3,92.3,1.25,21.3,2,23.6,85.0,4,5,0.8563,1
63.7,203.5,44.1,1865.3,64.7,0.712,53.8,88.5,2.14,50.2,1,18.8,86.5,0,4,0.7225,1
37.8,88.7,17.8,106.0,36.7,0.408,161.3,47.1,10.45,103.6,0,27.2,60.5,2,0,0.0693,0
15.0,38.0,49.3,694.5,54.2,0.169,72.7,110.2,4.01,5.0,0,26.5,71.6,4,4,0.825,1
59.0,182.3,35.7,1372.0,60.6,0.665,43.7,69.1,8.54,73.0,0,23.0,82.4,0,4,0.5245,1
72.8,185.2,21.2,596.9,43.3,0.066,72.2,53.3,1.41,21.5,0,29.5,73.5,4,4,0.5091,1
27.0,113.6,44.4,852.8,40.5,0.257,205.2,95.0,2.18,17.7,0,25.7,73.7,2,4,0.7646,1
128.8,341.1,48.7,1611.3,81.4,0.137,328.1,94.7,2.83,36.7,0,21.5,87.5,3,5,0.9828,1
50.6,125.7,46.1,2702.8,51.5,0.693,84.0,86.6,5.88,82.4,1,8.5,74.0,0,5,0.6746,1
42.6,129.2,31.8,1035.8,49.5,0.217,201.2,82.6,1.77,29.9,0,22.0,64.9,3,4,0.5781,1
64.4,153.9,51.1,1340.3,64.1,0.501,171.9,114.9,3.51,11.2,0,19.7,81.2,1,4,0.8938,1
10.2,40.6,28.2,449.4,37.8,0.083,130.6,46.9,2.86,27.1,0,23.9,66.8,4,4,0.3977,0
68.9,160.5,19.6,442.1,56.3,0.484,205.7,43.3,10.73,74.9,1,24.5,84.5,2,2,0.1485,0
193.1,592.8,6.8,50.0,85.7,0.11,330.7,37.8,18.99,269.3,0,22.6,100.0,3,0,0.858,1
127.6,315.1,29.4,893.4,90.4,0.481,69.3,82.6,5.46,70.3,1,16.3,85.0,2,4,0.9517,1
47.0,158.4,25.6,457.5,55.4,0.225,42.6,60.8,17.04,298.0,0,26.9,74.1,3,0,0.081,0
56.9,153.5,29.8,1385.7,41.7,0.492,162.6,50.6,3.51,21.0,1,19.3,72.4,2,4,0.4648,0
16.7,64.1,20.4,318.6,33.1,0.056,211.7,43.6,5.37,42.0,0,26.0,55.9,3,0,0.0682,0
50.4,127.0,27.5,1237.3,51.2,-0.034,144.8,72.4,4.2,14.6,1,19.8,82.1,4,5,0.4675,0
37.1,107.2,32.5,1193.3,46.1,0.739,292.5,73.2,3.87,57.3,0,26.3,71.1,0,2,0.2868,0
50.3,116.3,38.7,1378.0,27.1,0.234,250.3,88.2,4.67,14.6,1,18.1,58.5,3,5,0.8365,1
25.4,85.6,31.9,1196.7,39.3,0.333,13.2,68.0,1.98,39.0,1,20.2,70.8,1,5,0.4572,0
70.2,172.3,10.1,122.5,43.2,0.057,149.2,26.4,18.59,254.4,1,30.2,70.4,4,0,0.1044,0
6.1,21.8,31.9,1509.4,39.8,0.203,234.6,64.9,8.0,123.5,1,15.9,71.4,3,2,0.151,0
35.6,88.7,37.0,756.9,61.7,0.137,61.4,70.8,3.68,26.6,1,23.4,68.2,4,4,0.6211,1
43.0,115.9,33.9,660.0,50.5,0.78,261.3,81.7,8.52,48.0,0,25.5,78.6,0,2,0.2559,0
110.1,235.2,5.0,696.7,57.9,0.144,53.1,27.2,14.71,188.8,2,28.3,84.4,3,0,0.2818,0
20.3,70.0,32.5,659.2,48.2,0.473,120.0,64.3,9.06,86.5,4,23.7,70.1,1,4,0.3949,0
47.2,146.4,19.9,1049.8,62.9,0.483,143.3,47.1,6.17,68.8,0,21.2,74.8,1,4,0.1701,0
14.2,60.4,22.8,50.0,22.3,0.136,282.7,62.2,5.53,36.6,0,27.3,51.8,3,2,0.1445,0
15.7,75.1,39.7,2908.0,59.9,0.65,329.1,96.4,2.36,54.6,2,10.1,78.7,1,5,0.7651,1
159.5,498.7,27.4,450.8,77.4,0.202,44.6,71.2,15.32,196.5,0,24.7,100.0,3,0,0.7858,1
43.1,130.5,30.1,67.7,55.4,0.13,284.0,64.7,7.43,30.0,1,25.9,81.2,3,5,0.449,0
51.4,122.2,29.9,1746.2,64.0,0.216,171.2,69.7,2.95,44.4,1,16.7,76.9,3,5,0.7241,1
21.0,93.5,32.2,1722.9,42.5,0.685,83.0,77.1,7.08,61.5,0,20.4,69.8,0,4,0.3257,0
197.2,412.1,36.6,1687.6,87.3,0.084,49.6,77.7,3.54,38.2,0,16.4,100.0,3,5,0.99,1
5.3,26.0,37.2,1277.8,37.4,0.49,196.7,92.9,8.08,63.8,0,22.8,62.2,2,4,0.353,0
38.8,127.7,15.8,842.6,31.5,0.724,133.1,52.2,9.16,47.7,0,20.8,65.4,0,2,0.0769,0
59.5,124.4,43.9,1708.4,46.5,0.471,26.9,89.2,4.8,42.7,0,18.1,62.8,1,4,0.6549,1
63.6,202.5,16.9,614.3,68.2,0.395,151.6,43.2,13.1,117.4,1,27.0,79.3,2,2,0.2173,0
4.2,24.6,45.1,1347.9,25.6,0.503,345.4,98.6,4.44,56.7,1,24.5,53.5,1,4,0.5701,1
33.1,106.3,32.7,1372.5,51.4,0.212,91.3,83.7,1.17,21.1,2,18.1,67.3,3,5,0.7257,1
8.6,57.8,38.2,1513.1,34.3,0.431,132.6,83.3,3.92,43.9,1,19.2,60.1,1,4,0.6307,1
3.5,22.3,31.7,1378.1,20.9,0.77,114.8,84.0,4.61,43.6,0,21.7,51.7,0,4,0.3847,0
44.3,115.9,29.5,1448.5,62.7,0.561,200.1,59.9,3.45,65.6,0,20.5,82.2,2,4,0.1966,0
164.5,481.7,31.3,2046.4,75.3,0.653,259.0,67.6,4.97,61.7,1,14.5,97.4,0,4,0.895,1
32.9,92.0,32.3,2033.7,45.7,0.073,242.3,87.4,5.89,70.8,0,13.9,69.1,4,2,0.1569,0
44.5,112.1,30.7,1546.5,55.5,0.147,224.1,68.2,5.64,89.6,4,18.3,71.5,4,2,0.2924,0
103.5,268.5,26.6,641.1,76.5,0.412,275.8,62.1,3.2,22.1,0,22.2,88.6,1,4,0.7734,1
4.0,28.0,26.0,1350.5,44.8,0.398,309.9,39.1,4.87,60.5,0,20.1,65.1,2,4,0.2192,0
11.0,56.8,45.2,770.0,28.3,0.233,264.5,97.9,3.51,5.0,1,30.2,60.6,3,4,0.8021,1
149.2,327.4,30.1,50.0,78.9,0.211,224.6,59.5,8.09,40.3,0,26.1,97.4,3,5,0.9528,1
32.3,101.0,43.0,2981.8,38.8,0.529,163.6,86.8,2.07,27.8,0,13.9,67.4,1,5,0.8707,1
132.7,369.6,31.6,348.9,90.0,0.242,248.3,68.3,5.07,57.8,3,27.4,97.9,3,2,0.9592,1
151.6,377.4,5.0,282.2,78.3,0.251,121.4,31.7,19.57,230.5,1,22.5,95.7,3,0,0.609,1
174.4,361.6,20.8,1021.7,81.3,0.761,117.1,46.2,9.8,68.9,0,24.1,100.0,0,4,0.8927,1
217.0,513.7,44.6,2098.0,97.2,0.601,340.9,79.2,4.77,51.9,2,12.8,100.0,0,5,0.99,1
125.8,407.9,23.9,1024.4,76.1,0.11,64.3,68.1,2.31,30.8,0,22.5,96.4,4,4,0.9222,1
21.9,89.3,34.4,1094.0,30.4,0.722,52.7,72.6,8.45,83.8,0,21.9,73.9,0,4,0.2643,0
169.0,454.3,27.0,669.7,94.8,0.25,186.9,70.9,5.11,35.9,0,23.5,100.0,2,4,0.9461,1
65.1,189.0,28.8,1582.5,72.3,0.294,102.7,71.4,5.22,67.3,1,18.5,96.5,3,5,0.5581,1
44.0,145.7,23.0,1475.0,47.3,0.436,70.2,70.9,4.45,19.3,0,19.5,74.5,2,4,0.3159,0
3.6,22.8,23.0,1150.8,29.7,0.402,37.8,38.3,6.99,38.5,0,21.6,56.2,2,5,0.3053,0
14.4,62.2,27.5,494.7,34.3,0.561,59.3,66.3,9.01,98.2,0,25.3,64.9,2,1,0.1034,0
124.8,235.1,34.1,688.3,81.1,0.597,350.0,83.0,6.32,63.8,2,20.2,94.3,0,4,0.9537,1
205.2,649.7,27.9,396.3,71.2,0.708,72.6,81.3,9.32,71.2,1,25.7,95.2,0,2,0.8426,1
123.1,410.3,40.8,568.2,83.4,0.029,318.5,90.7,0.55,5.0,2,24.5,100.0,4,1,0.99,1
10.2,44.3,27.8,191.4,29.8,0.356,101.9,59.1,6.82,56.2,2,26.1,65.3,1,4,0.2754,0
60.4,191.2,31.8,1208.2,69.4,0.368,249.8,66.1,8.72,78.6,2,22.6,79.7,2,4,0.5632,1
24.0,86.3,28.0,1874.9,62.3,0.116,223.5,68.4,4.32,30.5,0,16.1,73.8,3,5,0.3762,0
7.2,41.4,42.4,1525.1,44.8,0.002,154.7,83.7,4.76,38.9,0,23.5,67.8,4,4,0.511,1
197.2,451.5,32.6,1491.6,81.6,0.577,171.9,69.4,3.7,42.9,2,20.7,99.4,1,4,0.9753,1
18.3,50.9,15.7,139.0,49.6,0.461,75.2,51.9,9.77,101.4,0,23.0,72.0,1,2,0.0705,0
20.2,80.4,40.9,612.6,36.8,0.071,237.0,74.8,1.54,11.3,0,26.6,61.9,4,5,0.6708,1
66.2,193.5,36.8,1399.4,51.2,0.086,194.5,74.1,5.93,32.3,2,17.9,80.6,4,5,0.8215,1
5.4,36.4,13.8,1023.8,23.3,0.43,272.5,39.5,12.9,205.4,1,20.3,61.1,1,0,0.0288,0
35.6,110.9,35.3,1563.8,67.0,0.346,318.2,72.8,4.22,10.1,1,20.0,81.5,2,5,0.5988,1
31.4,114.1,46.7,1552.0,36.8,0.474,273.9,98.4,2.89,44.8,1,19.8,70.2,1,4,0.6599,1
266.9,750.0,17.8,50.0,93.1,0.343,116.9,49.2,9.87,74.1,0,25.4,100.0,2,2,0.9205,1
45.0,144.1,40.4,1440.2,61.0,0.546,278.8,81.6,2.87,34.2,0,22.2,78.5,2,5,0.7313,1
46.6,156.7,47.1,2412.4,74.2,0.744,177.8,100.2,2.55,50.5,1,11.2,85.6,0,5,0.7353,1
66.1,182.4,18.4,272.7,67.9,0.05,275.7,43.1,16.86,251.2,1,28.9,83.3,3,0,0.1398,0
14.1,69.1,51.9,797.8,54.4,0.403,295.0,115.3,4.24,8.9,1,22.9,70.7,1,4,0.8361,1
0.4,24.8,35.0,566.5,21.4,0.003,65.2,83.6,1.75,5.0,3,26.4,54.3,4,4,0.758,1
152.8,429.4,44.5,1393.3,82.9,0.169,128.5,103.1,2.83,30.0,1,21.2,100.0,3,5,0.99,1
5.8,38.4,42.4,1070.8,36.5,0.085,162.9,86.6,1.07,12.2,0,23.3,61.7,4,3,0.5954,1
3.4,23.3,40.6,1446.4,60.0,0.543,302.9,66.5,4.04,16.7,0,15.6,72.4,1,5,0.6938,1
121.9,421.6,39.9,1410.6,77.5,0.409,302.4,76.7,3.93,15.8,1,16.8,94.7,1,4,0.984,1
23.3,62.7,31.4,1335.7,40.6,0.567,284.3,72.4,5.91,57.7,0,18.2,73.7,2,4,0.3561,0
33.4,77.1,22.4,1458.7,52.3,0.054,337.5,64.8,6.56,77.8,0,18.9,67.0,4,4,0.1891,0
20.0,66.6,49.8,157.5,29.9,0.786,65.6,110.7,2.36,59.2,3,28.8,61.4,0,1,0.5496,1
3.6,28.7,41.8,1506.0,53.6,0.535,172.0,77.5,4.33,33.8,1,20.2,74.4,2,4,0.6713,1
12.2,48.8,32.5,869.0,22.8,0.503,296.2,67.1,3.65,5.0,0,22.4,60.8,2,4,0.4798,0
166.0,341.8,32.5,1990.3,93.5,0.851,261.5,69.9,2.89,52.4,1,21.4,97.7,0,4,0.9801,1
178.3,363.4,29.1,1516.3,72.0,0.575,134.5,72.4,4.48,32.7,0,20.9,100.0,1,3,0.9211,1
60.7,140.2,43.6,472.9,56.4,0.087,234.7,74.3,2.94,23.4,2,24.6,74.6,4,4,0.9222,1
10.1,44.9,48.3,1230.6,33.2,0.061,81.1,93.4,2.72,24.4,1,25.4,58.2,4,5,0.7862,1
12.5,55.5,41.5,2505.9,28.7,0.601,255.0,91.1,2.07,46.3,0,14.7,59.7,0,5,0.6354,1
34.7,84.8,36.7,1712.8,59.8,0.246,103.5,76.9,3.83,6.5,2,21.1,81.9,3,5,0.81,1
26.6,101.2,26.0,762.3,66.2,0.746,229.9,53.6,9.13,52.1,2,25.3,73.2,0,2,0.2572,0
12.0,64.3,31.0,61.1,40.6,0.65,245.5,78.4,7.27,80.5,0,28.3,53.4,1,4,0.1939,0
14.5,56.9,41.4,111.6,63.3,0.12,203.2,77.3,4.34,29.6,0,26.4,74.5,4,4,0.6104,1
16.9,54.3,55.8,1271.2,21.6,0.351,228.4,109.7,1.0,43.8,1,17.1,57.4,1,5,0.7454,1
124.1,389.8,25.7,734.2,91.2,0.785,14.2,75.0,10.06,78.8,0,24.1,97.2,0,2,0.7939,1
54.6,152.2,32.7,719.5,61.5,0.733,356.9,63.0,5.76,83.8,2,23.7,80.5,0,4,0.3408,0
63.6,226.5,27.6,1392.8,48.6,0.6,121.9,68.0,2.94,54.8,0,21.6,79.6,2,4,0.4451,0
1.4,19.5,39.7,1007.0,35.2,0.253,319.7,82.2,2.2,33.9,1,25.4,56.1,3,4,0.6177,1
285.8,750.0,25.7,1282.1,91.3,0.731,113.7,63.2,4.49,77.4,1,22.9,100.0,0,4,0.9488,1
14.2,36.7,27.2,1724.6,37.9,0.521,180.7,55.7,6.53,33.0,1,17.2,59.7,1,1,0.1617,0
251.6,570.9,34.4,2393.1,92.6,0.182,96.3,62.9,4.06,37.1,0,11.8,100.0,4,1,0.9837,1
185.9,569.8,50.5,1175.3,92.2,0.446,56.8,97.8,0.5,18.3,0,24.2,93.0,1,5,0.99,1
236.3,722.2,50.0,1249.7,86.5,0.565,169.7,115.2,2.23,41.7,2,20.1,100.0,1,5,0.99,1
26.4,102.7,16.5,1709.7,69.5,0.418,182.2,51.5,9.02,83.2,0,21.5,83.3,1,2,0.1427,0
15.4,56.7,46.9,1245.9,26.3,0.031,154.4,109.2,4.79,27.3,0,18.7,59.1,4,5,0.7485,1
30.4,97.0,47.9,91.5,17.1,0.151,329.4,108.1,0.5,6.1,0,27.6,62.2,4,4,0.8253,1
61.0,220.0,15.8,627.1,50.7,0.227,157.9,32.0,16.02,227.7,0,21.7,75.1,3,1,0.196,0
2.2,14.7,31.6,1466.8,46.3,0.116,83.9,74.7,3.61,16.0,0,15.4,62.1,4,5,0.3619,0
38.0,110.9,20.8,499.5,36.7,0.486,41.9,52.4,7.87,94.2,0,23.0,61.9,1,4,0.1913,0
126.1,368.1,36.5,278.3,75.1,0.083,195.0,69.9,7.65,42.1,0,24.7,97.5,4,2,0.9496,1
192.0,493.5,44.9,1313.7,73.6,0.581,49.3,87.2,2.08,10.2,1,19.9,100.0,1,5,0.99,1
48.3,165.1,35.7,1643.7,56.9,0.25,105.9,68.2,4.54,49.6,0,23.4,74.9,2,5,0.6097,1
3.1,27.9,27.2,498.5,20.1,0.142,68.4,78.6,2.57,26.6,1,23.7,58.8,3,4,0.3677,0
7.3,25.4,29.1,1684.2,27.3,0.151,194.2,61.4,3.36,26.5,0,21.6,64.9,3,5,0.2966,0
76.7,202.4,34.2,1722.3,69.3,0.109,220.3,75.3,9.12,98.7,1,20.3,88.3,4,2,0.457,0
129.6,416.8,44.4,1129.5,86.1,0.495,106.5,78.3,2.41,52.9,4,21.7,95.6,2,5,0.99,1
270.4,634.9,33.6,1346.3,94.0,0.423,247.8,74.5,5.0,24.4,1,20.2,100.0,1,4,0.9848,1
131.6,267.5,19.8,442.3,82.4,0.087,291.6,62.8,10.22,65.9,0,25.2,100.0,4,2,0.7895,1
3.9,39.1,35.9,384.3,39.1,0.1,295.7,80.2,3.42,30.1,1,31.8,59.0,4,5,0.7079,1
141.0,401.1,6.6,856.1,82.6,0.132,316.7,27.4,16.2,218.0,1,30.6,97.6,3,0,0.7949,1
38.2,97.0,7.9,499.8,53.5,0.284,75.3,21.8,5.85,71.3,0,28.4,78.4,2,2,0.0891,0
159.0,522.1,40.1,318.4,84.1,0.04,345.1,98.6,3.7,5.0,0,31.5,100.0,4,5,0.99,1
51.7,177.5,38.4,1560.2,60.7,0.371,43.2,92.0,3.47,68.7,0,15.6,71.7,2,5,0.773,1
62.7,177.3,57.8,3152.0,57.3,0.616,1.0,120.0,2.74,18.9,4,10.1,75.8,1,5,0.8862,1
152.4,448.3,32.0,1229.3,95.5,0.25,349.0,70.3,6.28,83.4,3,20.2,94.8,2,3,0.9789,1
19.0,77.9,30.2,174.5,34.9,0.486,258.9,60.2,8.47,88.8,3,26.8,61.5,1,0,0.0534,0
51.1,116.5,44.3,125.8,55.1,0.064,88.4,85.4,0.5,5.0,0,29.7,77.9,4,4,0.8261,1
49.8,166.9,39.1,1210.5,69.6,0.433,175.6,79.1,5.86,52.4,2,19.7,92.8,1,4,0.78,1
36.3,79.5,37.8,1298.2,66.5,0.406,43.3,97.3,5.07,33.9,1,22.1,72.0,1,4,0.6783,1
204.0,659.1,45.0,1329.3,87.0,0.65,138.9,113.8,1.72,13.1,0,19.4,100.0,1,5,0.99,1
84.4,204.9,22.0,648.4,49.7,0.369,116.2,69.7,9.93,114.8,0,26.2,75.3,2,2,0.1527,0
136.1,401.5,29.9,50.0,69.7,0.387,137.2,59.2,7.35,88.4,0,28.7,92.4,1,0,0.6458,1
106.5,267.1,28.2,1650.9,79.2,0.428,324.6,80.3,3.38,43.8,0,20.7,87.2,2,4,0.7614,1
73.6,211.1,37.0,1237.8,35.0,0.442,198.7,91.3,0.59,37.1,1,22.7,68.8,1,5,0.8839,1
11.6,44.9,42.9,756.2,46.4,0.172,196.7,104.0,2.68,31.9,0,22.6,73.3,4,4,0.695,1
10.2,34.1,27.9,401.8,30.2,0.493,86.7,59.0,8.49,80.3,0,25.8,60.8,1,4,0.193,0
142.9,281.3,37.8,716.2,79.1,0.298,144.6,86.5,3.11,58.5,1,19.2,98.8,3,4,0.974,1
61.5,176.6,27.0,1759.8,62.2,0.17,312.0,76.1,8.66,131.9,0,18.2,71.4,4,2,0.1625,0
15.3,23.2,36.2,1242.4,29.9,0.42,212.7,72.7,6.21,57.3,0,20.2,57.5,1,0,0.2793,0
2.9,26.3,36.5,1461.9,26.0,0.469,26.5,88.0,5.31,38.3,1,21.0,57.6,1,4,0.4718,0
55.2,127.5,38.1,534.9,59.9,0.207,115.9,78.6,4.72,55.3,0,21.8,78.2,3,4,0.7604,1
15.2,71.7,26.3,1331.3,26.8,0.713,236.4,57.4,4.98,100.4,1,23.4,60.6,0,4,0.1119,0
1.1,29.6,39.7,1108.9,44.8,0.166,163.0,99.4,3.25,17.5,1,17.6,66.8,3,4,0.6023,1
120.2,385.9,22.1,50.0,96.0,0.779,352.1,54.2,11.48,89.0,1,28.4,95.3,0,0,0.7222,1
9.5,54.2,19.8,337.1,54.2,0.188,132.0,53.9,17.82,233.5,0,28.6,72.4,4,0,0.0583,0
44.1,88.8,40.7,800.2,52.9,0.381,24.2,78.0,4.09,60.0,1,21.0,70.9,1,4,0.654,1
56.3,182.7,37.2,1262.0,73.4,0.156,17.1,97.0,5.61,44.3,0,18.5,93.9,3,1,0.425,0
6.1,27.7,35.0,1724.6,37.0,0.491,280.0,79.8,4.44,38.5,1,17.2,58.6,1,4,0.4848,0
19.5,78.3,44.9,1357.7,53.0,0.339,172.7,92.0,2.61,5.0,0,25.2,65.5,1,5,0.7549,1
199.4,537.5,29.0,568.8,70.0,0.181,54.8,58.3,2.48,10.2,0,23.7,100.0,4,5,0.9658,1
92.8,250.4,36.4,1116.0,77.6,0.25,111.1,87.0,5.77,40.4,3,21.5,82.8,2,5,0.9387,1
141.9,286.7,46.9,2743.6,85.1,0.456,43.8,104.4,4.32,36.4,0,16.3,92.8,1,5,0.99,1
0.8,35.3,22.3,1447.2,37.0,0.764,34.3,51.4,5.93,92.9,0,25.0,67.9,0,4,0.1073,0
36.6,122.1,22.9,438.4,38.2,0.659,150.3,63.3,8.18,76.2,1,28.1,69.4,0,4,0.189,0
39.2,92.8,21.2,201.1,52.5,0.41,38.4,41.5,10.31,109.3,0,22.9,73.7,2,2,0.1072,0
0.7,40.3,33.5,1714.9,33.2,0.25,72.4,70.6,3.68,49.3,0,17.8,60.1,2,5,0.2816,0
5.9,38.0,13.3,516.8,38.7,0.369,262.2,45.2,10.06,92.1,0,25.8,65.6,2,2,0.0459,0
27.6,112.0,31.6,2377.3,36.3,0.822,208.7,82.1,4.42,38.3,2,17.8,61.4,0,1,0.3615,0
45.0,152.2,31.2,1767.0,61.2,0.081,296.7,86.6,4.7,46.2,1,21.5,76.3,3,5,0.4953,0
26.1,89.8,41.8,1194.7,54.4,0.071,209.6,93.5,2.47,23.6,1,19.1,72.5,3,5,0.8381,1
11.8,37.6,30.9,1337.5,40.0,0.721,302.4,75.1,4.04,60.7,2,21.0,58.1,0,5,0.3924,0
76.3,168.1,18.5,1270.1,74.2,0.519,308.0,37.4,5.4,71.6,0,21.5,86.5,1,4,0.5773,1
0.6,25.8,37.5,1404.7,23.1,0.435,262.1,82.9,7.56,66.3,2,21.2,51.3,2,5,0.5858,1
161.5,507.0,33.5,547.2,97.5,0.529,276.1,80.6,6.89,71.3,2,26.2,100.0,0,2,0.9763,1
199.0,396.0,28.7,2212.8,74.7,0.88,58.6,67.1,3.08,65.2,0,19.9,89.1,0,4,0.9274,1
18.0,96.1,24.3,1705.3,23.1,0.177,165.8,54.8,4.28,65.3,2,15.8,51.8,3,5,0.3229,0
2.0,22.4,28.5,466.5,43.7,0.085,288.8,62.0,6.74,40.6,2,24.4,65.3,3,2,0.3322,0
42.4,136.0,31.3,766.5,57.9,0.439,64.8,78.8,3.72,26.5,4,19.2,71.9,1,4,0.7604,1
128.5,416.9,24.4,1384.3,93.8,0.477,17.8,58.0,5.25,72.5,1,20.4,98.4,2,4,0.935,1
39.3,96.0,53.1,1332.9,63.5,0.452,95.8,103.1,2.38,13.4,3,17.5,75.8,1,5,0.8869,1
140.7,452.8,38.0,1922.3,82.8,0.482,265.9,75.7,6.31,74.0,1,17.3,94.2,2,4,0.9742,1
60.6,160.0,40.2,1540.8,59.8,0.268,59.3,92.0,4.71,35.7,0,22.8,80.0,3,5,0.6161,1
3.9,46.1,39.2,1461.9,35.1,0.207,226.9,70.1,5.88,46.5,1,24.6,65.0,3,2,0.4888,0
66.0,203.0,22.7,2657.3,40.6,0.819,71.7,57.5,5.92,56.1,0,13.9,64.8,0,0,0.1006,0
61.8,154.9,36.7,2890.2,40.7,0.103,357.2,100.4,2.87,44.6,1,9.0,67.7,4,3,0.7652,1
46.0,148.2,40.7,2218.0,50.3,0.706,245.4,95.9,4.23,35.7,0,13.2,67.6,0,4,0.5281,1
115.9,296.6,27.1,1513.2,86.9,0.388,309.0,59.3,4.25,20.5,2,19.2,96.5,2,3,0.9424,1
39.1,125.9,28.4,1014.5,60.1,0.88,359.5,72.8,9.16,100.8,0,22.3,78.5,0,2,0.1527,0
141.2,350.3,48.6,825.5,75.2,0.131,81.4,106.4,2.03,19.9,0,23.3,81.6,4,5,0.99,1
36.8,105.9,39.6,1142.5,23.8,0.45,74.0,84.3,6.98,41.0,0,22.5,58.1,1,4,0.5893,1
16.1,79.8,35.0,530.4,36.6,0.315,152.0,64.9,4.28,41.7,3,21.9,63.6,3,4,0.497,0
26.6,82.7,53.9,641.7,65.4,0.051,238.3,104.5,3.76,26.7,1,25.6,73.0,4,4,0.8458,1
172.4,462.4,38.0,359.0,85.2,0.106,59.7,84.7,1.37,6.3,1,23.4,100.0,4,5,0.99,1
11.6,54.5,47.5,152.7,24.7,0.097,155.6,98.5,0.75,5.0,2,32.9,56.5,4,4,0.7872,1
135.1,275.7,45.2,2114.4,88.5,0.741,61.5,87.2,3.62,58.6,1,11.9,100.0,0,4,0.9798,1
159.3,451.6,37.5,2118.5,74.2,0.659,10.3,79.0,3.42,61.9,0,18.8,91.0,0,5,0.9757,1
10.0,34.3,24.4,412.1,39.6,0.392,118.5,58.4,12.23,108.9,0,22.2,60.3,2,2,0.0686,0
26.5,57.5,27.1,301.6,25.7,0.231,36.4,64.9,6.13,54.0,0,32.4,72.0,3,4,0.2273,0
105.0,324.1,41.6,1008.6,83.1,0.132,48.5,98.1,2.26,59.9,2,22.8,93.8,3,2,0.9677,1
19.0,65.7,30.5,670.0,27.0,0.573,113.9,57.5,4.92,47.5,2,20.0,51.3,1,4,0.3735,0
54.5,147.1,35.0,1955.9,70.5,0.497,319.7,81.2,6.23,63.1,3,17.2,84.0,1,4,0.6419,1
1.9,27.1,39.2,173.6,34.0,0.75,345.3,70.2,1.72,5.0,0,26.0,60.1,0,4,0.6372,1
142.5,426.4,36.6,1304.2,86.1,0.266,199.1,74.3,2.27,51.3,0,24.1,99.0,3,4,0.982,1
65.9,199.0,17.3,449.6,61.2,0.582,15.3,46.4,9.59,112.8,0,25.8,78.9,1,4,0.1211,0
12.1,54.3,39.1,2581.5,30.3,0.88,28.0,74.8,3.8,49.9,1,12.7,53.3,0,5,0.4961,0
125.6,389.6,36.2,1856.1,84.9,0.843,69.9,69.5,6.58,77.4,1,15.5,92.5,0,4,0.9646,1
20.9,61.9,32.9,1341.4,27.6,0.153,356.3,74.2,4.3,20.1,0,24.7,60.2,4,5,0.4437,0
40.9,154.7,42.0,664.5,56.4,0.103,279.4,90.2,3.37,31.8,2,25.9,76.0,4,5,0.8799,1
150.4,402.9,25.8,1210.1,91.2,0.208,70.6,69.2,7.84,101.5,0,22.7,100.0,3,2,0.9095,1
142.5,370.3,38.8,853.3,82.3,0.082,258.1,75.7,0.5,33.1,2,18.7,93.0,4,5,0.99,1
3.7,19.3,26.1,525.9,30.4,0.147,40.6,63.3,2.62,5.0,0,24.3,55.6,4,4,0.2797,0
120.7,291.1,14.6,394.6,83.4,0.468,255.5,34.9,9.55,96.9,1,24.3,92.8,1,4,0.7531,1
60.5,168.9,39.0,1227.4,44.3,0.404,340.8,92.8,3.39,46.9,1,18.8,61.1,1,5,0.7421,1
177.7,568.1,31.2,396.2,82.6,0.689,80.3,73.9,3.84,49.8,1,25.7,96.2,0,0,0.9077,1
66.6,181.9,30.2,1597.1,48.8,0.613,93.9,48.3,4.29,44.5,3,23.6,78.5,1,4,0.5079,1
65.4,207.3,39.1,2102.7,38.4,0.8,143.2,79.7,6.32,37.7,0,18.1,65.2,0,2,0.6758,1
169.8,364.4,8.6,186.4,89.4,0.247,273.6,30.0,16.98,233.8,0,24.7,100.0,3,0,0.7881,1
6.3,25.0,35.7,528.5,35.8,0.338,159.1,87.7,4.89,44.9,2,24.5,55.9,3,4,0.6373,1
26.7,85.7,45.8,1712.7,26.4,0.096,170.2,106.8,2.87,16.2,1,18.9,51.5,4,5,0.8375,1
260.7,624.2,35.5,1180.0,99.2,0.193,239.5,71.3,2.75,5.0,1,21.5,100.0,3,4,0.99,1
49.5,166.6,5.0,50.0,62.8,0.13,186.3,15.7,19.22,265.7,0,26.5,78.3,3,0,0.1073,0
13.4,72.8,40.9,1009.6,17.2,0.071,331.1,103.5,2.64,6.4,1,20.5,54.4,4,4,0.7754,1
25.4,89.7,48.7,1004.8,60.3,0.271,86.5,102.2,2.83,41.4,0,22.9,62.1,3,4,0.6397,1
3.3,20.4,39.8,914.5,29.8,0.527,126.0,87.7,2.16,22.1,1,24.3,66.8,1,4,0.7206,1
59.3,212.6,11.4,772.7,61.6,0.218,109.0,38.9,13.73,198.0,0,23.5,75.9,3,0,0.054,0
253.7,750.0,34.5,1184.9,99.7,0.3,194.2,92.2,1.49,25.0,0,26.6,100.0,1,5,0.99,1
22.4,59.1,45.2,1447.8,25.0,0.487,34.9,98.5,6.21,23.8,2,18.1,49.7,1,4,0.7453,1
4.1,38.5,36.4,1542.7,36.0,0.523,16.8,70.0,5.37,58.0,1,19.0,62.3,2,1,0.2602,0
1.9,23.7,21.8,1530.7,28.6,0.07,36.9,52.3,3.19,43.6,0,19.1,56.5,3,2,0.1217,0
2.4,34.1,25.0,180.3,11.1,0.412,40.7,65.1,10.14,69.6,0,24.1,47.6,2,0,0.1221,0
9.1,49.8,47.2,1358.0,40.8,0.398,104.3,98.1,2.41,35.3,0,16.4,64.6,1,5,0.8154,1
3.5,46.5,38.0,2127.6,33.5,0.352,59.5,79.7,3.49,32.1,3,18.0,61.1,2,1,0.5277,1
18.2,79.6,37.1,1122.1,30.0,0.156,189.8,71.7,2.17,43.4,5,21.8,50.4,3,4,0.6373,1
2.8,28.4,25.4,50.0,24.3,0.208,72.6,66.5,7.29,48.8,0,24.4,54.3,3,2,0.1903,0
70.0,228.4,49.6,1175.7,61.5,0.491,102.4,113.7,5.13,31.9,1,23.8,76.3,1,5,0.8502,1
54.3,184.4,45.5,532.5,76.1,0.056,86.0,95.1,3.63,14.1,1,27.2,85.1,4,3,0.917,1
141.3,457.7,29.5,855.5,75.8,0.717,279.3,64.4,7.39,52.1,0,21.0,90.2,0,1,0.8105,1
108.9,357.3,17.0,656.3,77.4,0.555,199.6,31.2,11.16,121.2,0,23.6,90.4,2,4,0.5624,1
66.9,194.4,33.9,1242.9,41.8,0.347,58.0,88.8,5.05,23.9,2,20.5,67.5,2,4,0.7921,1
8.3,31.3,36.6,960.8,44.3,0.173,146.7,75.2,3.67,25.8,2,21.5,62.2,3,4,0.713,1
208.8,493.1,32.0,1515.2,91.6,0.187,136.1,60.9,5.39,39.3,0,19.6,100.0,3,5,0.99,1
80.5,179.7,12.4,50.0,60.0,0.39,79.5,46.0,10.06,119.0,0,29.3,89.8,2,0,0.1015,0
25.5,65.0,42.3,1244.9,39.8,0.556,86.8,101.7,5.27,54.1,2,20.7,62.3,1,4,0.6192,1
3.1,31.5,34.5,1093.5,44.7,0.769,143.1,83.9,3.36,33.4,2,19.4,67.4,0,4,0.3637,0
19.7,88.5,36.8,1300.2,32.7,0.239,28.3,80.5,2.9,27.8,0,21.0,71.4,3,4,0.5672,1
193.4,601.1,38.0,1278.2,87.4,0.095,51.0,94.0,2.84,31.3,1,20.4,100.0,4,5,0.99,1
8.3,41.2,23.0,1563.2,32.0,0.524,187.4,43.6,6.26,76.3,1,20.8,55.6,1,4,0.2125,0
168.7,537.3,46.3,1181.8,80.7,0.365,37.4,100.9,4.72,7.6,3,21.2,100.0,2,4,0.99,1
17.4,60.8,36.3,1333.7,53.4,0.403,110.4,73.7,4.86,58.6,0,21.3,69.4,1,4,0.3748,0
14.4,51.2,18.5,146.3,49.0,0.407,157.3,52.9,7.97,95.4,0,28.0,68.3,1,0,0.0532,0
146.9,368.9,32.2,1271.2,79.8,0.226,255.2,78.6,2.44,5.0,2,18.4,100.0,3,5,0.9803,1
16.8,66.8,34.9,1219.3,37.5,0.641,154.6,82.1,5.02,73.8,0,23.5,62.8,0,1,0.1538,0
75.5,213.5,44.6,1332.1,54.5,0.119,305.3,98.8,3.5,13.4,0,22.9,81.1,4,2,0.8424,1
40.4,110.7,39.4,1740.8,31.3,0.196,308.9,94.2,5.53,49.8,0,17.6,62.7,3,0,0.313,0
172.1,544.2,48.2,492.6,87.1,0.127,338.3,104.1,0.5,5.0,0,23.0,100.0,4,4,0.99,1
1.1,17.1,6.2,68.6,30.9,0.121,254.1,22.0,16.86,260.3,0,27.6,57.1,3,1,0.039,0
116.2,261.4,39.1,1345.0,82.3,0.834,158.1,88.2,4.13,25.1,0,16.4,98.1,0,5,0.9774,1
104.0,287.0,27.0,1361.5,76.1,0.65,175.1,60.8,7.79,67.8,0,21.3,85.8,1,4,0.7159,1
9.2,52.5,24.6,75.1,24.2,0.3,260.0,70.0,7.86,90.1,0,29.9,53.1,2,2,0.0679,0
160.2,498.8,32.8,1770.4,88.9,0.05,340.8,64.7,0.5,17.4,2,14.0,100.0,3,5,0.99,1
165.7,381.1,23.9,487.0,80.7,0.376,316.9,51.2,13.14,108.9,1,25.1,92.1,2,2,0.8272,1
63.4,147.5,33.5,692.6,51.3,0.861,230.1,68.3,8.64,96.4,0,25.0,75.2,0,2,0.2663,0
88.7,278.4,35.4,1960.8,61.0,0.2,277.9,90.1,6.08,100.9,0,13.7,78.9,3,4,0.6847,1
155.8,419.7,24.3,297.4,94.6,0.403,107.5,61.3,5.71,80.3,1,28.9,100.0,1,0,0.9037,1
66.0,218.7,7.4,1076.2,63.1,0.245,243.9,29.6,12.56,198.7,0,24.8,89.5,3,0,0.1071,0
61.2,160.6,30.9,713.5,55.1,0.854,235.4,69.7,8.73,76.4,4,27.7,67.2,0,2,0.2389,0
191.6,439.9,55.3,2950.9,82.7,0.35,106.3,101.8,0.69,37.1,1,9.7,100.0,3,5,0.99,1
52.9,128.9,37.2,1554.9,56.4,0.442,30.0,79.5,5.07,68.4,2,26.2,70.6,1,4,0.6109,1
81.3,197.7,30.9,941.0,54.3,0.484,116.2,85.6,5.06,44.4,1,23.5,77.8,1,4,0.5432,1
0.5,29.3,43.6,580.6,28.9,0.138,105.3,110.6,1.13,33.8,3,19.3,53.4,4,3,0.7408,1
95.9,230.6,5.0,50.0,78.8,0.232,74.2,36.2,17.45,247.3,1,27.5,92.4,3,0,0.3157,0
30.2,112.5,27.6,1655.9,50.9,0.696,247.9,55.6,7.01,92.7,0,18.0,70.8,0,4,0.1499,0
2.2,36.8,23.1,352.0,30.1,0.532,66.4,53.3,7.83,122.1,1,24.0,61.5,1,5,0.1551,0
71.0,237.9,30.4,1692.3,59.7,0.737,136.9,61.2,7.63,130.7,2,19.3,70.8,0,2,0.3292,0
85.7,189.0,41.0,201.8,67.3,0.596,180.1,80.0,6.32,36.1,1,31.3,86.5,1,4,0.6747,1
90.2,235.6,35.1,883.4,27.0,0.427,97.7,94.9,3.17,15.9,0,22.7,67.5,1,4,0.7608,1
129.6,280.9,23.7,739.7,78.8,0.657,5.9,51.5,7.66,84.7,0,24.7,90.8,0,4,0.7432,1
95.4,203.8,23.2,1162.4,67.9,0.362,313.7,53.5,3.84,34.6,0,19.9,86.7,1,5,0.6253,1
0.0,6.5,33.7,1162.9,63.5,0.154,262.2,50.7,2.82,39.9,2,18.7,73.7,4,5,0.6395,1
162.2,322.5,6.2,577.9,83.3,0.247,196.3,41.5,13.81,203.8,2,28.4,98.8,3,0,0.8675,1
101.4,251.7,36.9,1883.3,79.1,0.31,123.9,78.9,4.3,39.3,0,22.1,88.5,2,5,0.9327,1
79.1,219.6,42.7,426.1,57.0,0.288,192.8,88.5,10.0,78.9,1,27.3,78.3,3,2,0.6105,1
148.7,345.2,21.5,50.0,96.3,0.415,96.2,41.5,13.69,84.7,0,23.8,93.1,2,0,0.8683,1
78.1,159.5,33.0,1720.8,56.5,0.586,116.5,69.3,6.37,85.9,1,18.9,68.3,2,4,0.4225,0
35.2,94.0,22.2,344.5,47.2,0.507,235.0,57.6,12.17,102.5,0,26.9,72.9,2,2,0.1033,0
24.5,97.7,48.7,312.9,36.2,0.207,207.7,87.6,4.79,33.3,1,21.5,61.0,3,4,0.7667,1
15.0,59.2,41.8,2372.0,30.9,0.838,154.6,82.0,5.35,15.1,0,22.9,59.5,0,5,0.6413,1
25.3,65.7,43.6,526.3,54.0,0.045,34.2,92.3,4.25,5.0,2,24.7,84.5,4,4,0.7869,1
78.9,226.3,41.9,1243.5,56.0,0.354,207.7,99.2,3.31,6.8,1,20.0,79.5,1,5,0.7229,1
55.2,138.0,14.8,50.0,69.3,0.264,227.1,27.8,16.86,251.1,0,29.1,87.7,3,3,0.1948,0
17.8,69.9,32.8,671.6,46.3,0.564,299.5,74.0,6.96,65.5,0,24.9,64.9,0,4,0.3656,0
82.0,189.8,46.5,234.7,79.7,0.038,210.1,88.4,1.15,5.0,2,26.9,83.8,4,4,0.9769,1
14.9,63.7,41.0,1211.5,32.9,0.427,188.8,87.1,4.24,78.4,2,23.7,76.0,1,4,0.6229,1
191.9,374.4,25.4,574.6,74.6,0.213,57.8,65.1,3.85,58.6,0,26.1,100.0,3,5,0.9056,1
55.9,170.3,25.8,716.9,68.3,0.63,215.9,72.1,10.11,55.0,0,22.5,87.6,0,2,0.1197,0
44.6,151.5,32.0,187.4,61.2,0.25,307.8,76.0,5.83,76.1,0,25.6,79.9,2,0,0.186,0
30.0,106.4,34.3,372.3,59.4,0.514,150.0,95.7,5.9,105.1,0,21.7,66.1,1,0,0.1992,0
47.0,176.7,23.6,1409.7,59.4,0.33,135.6,57.6,7.57,124.2,1,22.6,80.2,3,2,0.1417,0
19.9,79.9,26.0,519.1,33.8,0.191,70.9,63.2,2.07,23.0,0,25.4,58.4,4,5,0.4484,0
43.4,140.4,27.2,533.4,35.5,0.454,221.3,47.1,5.44,31.8,0,25.1,63.7,1,4,0.2649,0
60.4,165.2,36.4,621.6,54.3,0.15,247.8,78.3,4.51,18.3,2,25.2,74.2,4,4,0.6924,1
56.9,192.1,25.8,1446.6,49.4,0.092,85.0,60.9,1.37,31.2,1,22.8,74.5,3,5,0.5898,1
26.6,84.8,32.8,1237.4,39.3,0.706,154.9,71.2,8.43,76.6,1,18.4,66.8,0,4,0.2534,0
46.4,97.1,40.6,1495.1,52.0,0.52,270.6,82.3,3.12,36.6,1,17.5,71.0,2,4,0.6198,1
37.8,102.8,30.0,1338.1,29.5,0.494,343.0,56.8,6.63,35.1,1,22.3,66.2,1,4,0.2803,0
13.6,46.8,30.6,314.5,41.7,0.107,134.3,78.5,2.7,48.6,1,23.1,58.3,3,4,0.2965,0
4.4,32.2,15.9,50.0,21.2,0.104,34.6,35.4,20.1,261.3,0,27.4,56.9,4,0,0.0272,0
214.4,449.7,21.3,338.7,92.6,0.376,65.6,46.9,9.71,137.0,2,22.6,100.0,2,4,0.8961,1
45.7,119.4,45.5,1609.1,23.6,0.403,91.8,100.8,4.57,29.7,0,20.0,53.2,1,4,0.5105,1
87.0,298.7,36.1,1589.3,59.7,0.816,28.6,68.7,9.13,88.2,2,18.0,86.1,0,4,0.7145,1
175.3,531.5,51.3,1154.7,93.1,0.203,117.6,110.1,1.96,38.0,1,20.2,100.0,3,4,0.99,1
156.5,458.6,40.3,247.2,79.9,0.052,33.8,71.9,5.31,5.0,1,22.8,98.5,4,4,0.99,1
17.6,74.1,42.1,1305.3,37.5,0.429,337.9,86.3,2.44,62.1,1,15.7,66.1,2,5,0.6977,1
34.2,101.4,25.6,1281.9,65.3,0.12,224.8,58.4,8.22,88.6,0,23.1,76.8,3,2,0.1518,0
16.8,54.8,32.6,611.6,35.9,0.734,26.2,58.9,8.85,99.8,3,27.5,69.4,0,2,0.2159,0
82.0,162.5,27.6,1259.3,55.6,0.717,332.8,69.9,4.85,65.2,1,24.4,77.0,0,5,0.3225,0
25.4,76.0,36.1,1051.9,54.3,0.748,66.7,77.5,7.23,50.0,1,20.2,73.7,0,4,0.5058,1
29.3,101.9,24.2,1742.9,33.0,0.05,76.8,64.2,8.43,133.4,0,16.7,63.7,3,2,0.186,0
50.5,164.8,27.6,423.7,62.8,0.43,177.1,66.7,7.4,99.2,0,26.9,76.1,1,0,0.1446,0
20.7,79.9,24.0,1595.5,37.3,0.571,329.8,66.9,6.72,90.0,0,19.8,57.8,1,4,0.1503,0
16.8,61.1,22.8,416.1,35.5,0.367,194.7,64.5,10.06,116.4,1,25.0,59.3,1,4,0.1683,0
70.4,223.7,21.0,275.8,49.1,0.181,176.3,50.6,18.87,252.1,0,29.0,77.6,3,0,0.1322,0
291.6,550.4,10.4,50.0,88.2,0.231,129.0,47.4,17.98,252.0,0,28.9,100.0,3,0,0.7628,1
214.1,578.9,38.8,321.9,79.5,0.106,193.9,78.0,1.83,29.0,1,25.6,100.0,4,5,0.99,1
58.8,194.3,5.0,50.0,46.1,0.258,267.5,18.9,17.19,251.0,0,27.7,64.9,3,0,0.0841,0
9.9,56.8,18.0,50.0,29.9,0.159,247.1,44.4,18.21,237.4,1,28.9,64.7,3,4,0.1234,0
73.3,231.5,19.5,289.4,57.0,0.454,128.6,57.6,5.67,92.8,0,20.4,86.3,1,0,0.1259,0
140.1,420.6,22.7,859.0,76.3,0.342,279.2,42.6,6.42,44.9,0,21.0,96.4,2,4,0.7468,1
179.6,423.1,36.2,1949.8,75.0,0.763,26.5,79.7,7.28,87.3,1,14.2,96.7,0,4,0.9009,1
94.6,192.8,29.8,609.6,80.2,0.029,305.5,73.2,2.89,41.7,1,30.2,99.7,4,5,0.9063,1
7.2,63.3,12.8,155.5,18.8,0.167,170.0,44.6,17.37,254.1,0,27.9,59.0,3,3,0.0774,0
48.4,140.1,32.2,1902.3,46.2,0.766,349.2,64.1,3.58,46.0,1,18.1,77.0,0,4,0.3586,0
213.5,571.8,34.5,972.3,93.5,0.5,154.2,82.5,4.62,88.1,3,28.3,100.0,0,4,0.99,1
47.5,159.0,27.1,295.4,43.3,0.171,312.3,66.9,5.74,49.3,0,25.2,68.4,3,2,0.2637,0
43.3,110.6,38.8,716.8,51.6,0.184,221.5,80.7,0.95,5.0,1,24.6,69.2,4,5,0.8651,1
13.2,77.0,54.2,2914.1,30.9,0.574,72.4,107.4,4.07,41.5,1,14.6,61.5,1,5,0.7686,1
56.8,127.4,23.5,505.5,51.8,0.643,296.3,54.9,5.89,70.3,1,25.4,75.3,0,4,0.231,0
189.8,480.1,31.2,1301.8,83.6,-0.001,231.4,79.4,5.03,23.3,1,21.3,100.0,4,5,0.9885,1
70.8,203.0,31.6,410.4,52.1,0.667,67.3,81.4,9.47,81.7,0,29.2,82.2,0,2,0.2352,0
28.6,97.5,38.1,1396.5,43.4,0.408,15.2,82.8,3.43,60.9,1,18.6,66.3,2,4,0.4163,0
174.8,559.2,25.0,308.9,87.2,0.494,135.9,54.5,11.25,79.3,1,25.8,93.7,1,4,0.9499,1
50.6,166.2,21.5,50.0,23.3,0.25,300.4,52.9,11.6,98.5,1,27.7,54.9,2,0,0.1033,0
77.5,233.2,36.7,1201.7,64.9,0.533,355.9,95.1,4.88,13.5,0,24.1,86.0,2,4,0.7947,1
88.3,218.2,38.0,1261.3,82.9,0.862,136.8,86.5,8.64,63.6,2,22.8,87.9,0,4,0.9144,1
49.4,168.7,16.5,50.0,30.7,0.304,311.6,59.3,10.19,100.1,0,23.0,61.4,2,1,0.0603,0
5.3,32.4,35.5,1578.6,34.2,0.65,0.3,80.2,5.04,57.1,6,13.7,56.1,1,4,0.6852,1
70.8,161.1,32.8,2218.2,52.2,0.538,199.3,73.5,4.45,59.4,3,12.2,80.7,2,5,0.6621,1
179.6,397.9,45.4,2900.6,80.5,0.474,277.6,88.3,2.22,28.3,1,11.0,99.3,1,2,0.9888,1
8.1,47.0,50.9,1494.6,29.7,0.341,179.7,120.0,1.79,51.0,0,18.5,54.5,2,5,0.6467,1
224.0,530.4,42.5,1817.9,90.5,0.102,334.0,93.0,3.84,13.2,1,15.8,100.0,4,5,0.99,1
203.7,589.8,17.5,1461.1,75.7,0.476,297.4,40.3,8.88,84.0,0,21.8,98.3,1,4,0.8485,1
56.2,208.4,26.6,1513.5,56.9,0.305,94.3,68.0,5.79,68.2,0,23.8,77.9,2,4,0.3761,0
6.5,61.7,27.2,1159.9,30.0,0.457,209.7,55.7,3.48,83.4,0,22.9,66.4,2,4,0.253,0
71.5,220.0,33.1,346.6,54.0,0.083,276.4,82.3,3.29,7.6,0,21.8,65.1,4,5,0.642,1
156.9,476.9,14.1,644.4,78.8,0.228,188.0,48.9,15.17,213.7,1,25.8,98.3,3,2,0.8216,1
16.7,70.6,35.3,1430.7,40.0,0.26,163.7,57.7,2.57,7.2,0,20.3,66.0,3,5,0.7985,1
3.3,32.8,29.3,1406.8,33.4,0.406,6.0,79.2,3.48,62.0,0,21.6,63.7,2,4,0.2409,0
127.6,390.1,23.6,187.4,87.8,0.587,221.2,53.4,6.92,83.6,1,25.8,97.9,1,0,0.7701,1
144.6,379.1,29.2,1613.4,79.2,0.439,263.2,71.6,4.99,75.7,0,19.6,94.9,1,4,0.9065,1
86.0,268.9,41.1,737.3,77.2,0.22,206.7,87.1,3.79,5.9,1,26.7,97.2,4,5,0.952,1
259.4,725.5,43.0,2481.9,93.8,0.794,125.2,104.5,5.07,48.3,2,15.1,100.0,0,5,0.99,1
2.5,22.4,21.8,979.7,26.2,0.043,243.4,51.2,2.87,41.6,0,20.6,46.9,4,4,0.2815,0
200.2,414.7,6.5,957.5,83.3,0.194,13.3,35.0,15.72,187.9,0,27.5,100.0,3,0,0.6267,1
61.0,211.2,19.2,296.1,56.8,0.425,261.9,45.1,10.99,130.1,0,28.8,73.2,2,0,0.0723,0
109.6,274.8,40.6,601.1,84.1,0.25,80.2,91.0,3.73,49.4,1,26.7,94.2,3,4,0.9874,1
40.3,156.4,36.6,1701.9,28.6,0.166,97.3,83.9,5.07,62.3,0,18.1,50.4,3,4,0.5607,1
45.8,135.0,47.0,1768.9,23.9,0.097,200.4,109.7,3.62,70.0,0,17.5,55.0,3,5,0.7266,1
248.1,520.9,26.0,50.0,92.2,0.247,106.6,64.8,17.97,234.7,0,31.8,100.0,3,0,0.8939,1
2.1,19.6,29.0,1483.7,57.3,0.551,156.6,81.6,5.75,98.3,0,21.8,71.8,1,4,0.2621,0
249.7,750.0,39.3,1176.8,100.0,0.573,212.7,75.4,5.19,53.9,0,23.0,100.0,0,4,0.99,1
22.8,87.0,17.8,1679.4,56.5,0.551,77.2,55.9,5.22,18.3,1,16.4,79.5,1,4,0.1054,0
215.1,642.3,29.8,197.0,92.0,0.6,290.2,85.2,9.74,77.0,0,28.7,100.0,2,2,0.9536,1
59.9,190.7,37.0,1454.9,60.2,0.478,203.0,98.8,3.96,61.6,0,20.6,79.8,1,4,0.5737,1
81.1,250.1,6.1,106.0,76.2,0.35,100.3,23.0,18.42,248.2,0,27.6,83.2,3,0,0.1996,0
2.3,35.7,38.1,1018.4,37.0,0.18,117.9,80.4,1.16,7.6,0,21.6,62.7,4,5,0.7121,1
84.1,212.3,22.3,50.0,36.8,0.211,1.6,57.4,11.32,95.2,0,27.7,71.5,4,0,0.146,0
76.8,197.9,27.9,1054.1,81.6,0.299,272.9,65.0,2.05,45.9,1,18.8,91.3,2,4,0.7608,1
100.5,202.1,36.6,1072.8,63.8,0.357,98.5,76.1,4.3,58.9,3,22.8,78.5,2,4,0.8442,1
87.3,229.3,14.8,1250.1,54.1,0.166,190.8,44.1,5.85,53.9,0,20.9,81.9,4,4,0.4305,0
56.0,185.3,45.2,2203.5,32.0,0.382,102.2,97.7,3.75,27.0,1,17.6,65.2,2,2,0.5845,1
104.3,336.8,26.1,2023.8,74.6,0.711,97.2,64.1,7.98,82.3,0,15.2,90.3,0,4,0.6257,1
72.2,190.1,20.3,1523.3,44.7,0.605,229.2,65.9,7.18,102.3,0,21.6,80.8,0,4,0.1293,0
22.1,82.5,19.5,1702.8,16.5,0.563,253.3,49.1,5.96,62.7,0,11.1,57.0,1,4,0.234,0
40.3,136.2,31.1,1258.8,70.4,0.659,307.9,69.1,5.87,67.0,1,20.5,81.8,0,4,0.3585,0
26.0,70.3,37.8,1361.7,27.7,0.546,140.3,87.0,6.66,53.5,1,22.7,62.9,1,4,0.482,0
19.6,72.3,22.6,660.8,37.3,0.818,297.3,46.9,8.71,60.3,0,26.1,61.7,0,2,0.05,0
61.9,161.4,36.1,580.1,57.7,0.494,163.7,68.8,4.58,46.1,2,24.9,70.7,1,4,0.6978,1
7.5,25.1,38.5,1242.1,33.7,0.35,305.2,85.6,4.09,42.1,0,17.9,64.0,3,1,0.384,0
4.8,15.6,35.2,415.7,36.8,0.412,261.8,100.8,10.49,107.8,0,24.7,65.4,2,2,0.2718,0
17.2,75.8,36.2,1311.7,55.3,0.65,145.9,81.3,1.27,67.1,2,24.1,76.3,1,4,0.6384,1
134.8,367.6,29.5,1593.6,89.1,0.31,283.0,69.5,8.86,87.1,0,17.2,93.4,3,2,0.9176,1
108.9,352.1,25.0,1245.3,89.8,0.364,110.9,51.1,4.53,56.1,0,21.4,98.8,2,4,0.9084,1
290.4,750.0,46.8,851.6,95.1,0.132,358.6,96.8,1.82,41.9,0,21.8,100.0,4,5,0.99,1
59.7,181.8,37.1,956.0,65.0,0.3,26.2,95.6,3.98,84.5,0,20.4,79.6,1,4,0.5633,1
72.1,179.2,41.6,1787.6,68.0,0.438,95.1,91.7,4.65,60.1,1,13.6,84.8,2,5,0.8932,1
62.6,176.7,50.3,1547.6,57.6,0.016,203.7,102.7,3.78,23.4,2,16.7,74.1,4,5,0.908,1
4.3,28.6,23.6,232.1,41.3,0.376,129.7,57.2,8.79,94.2,1,27.6,68.2,2,2,0.086,0
33.1,99.3,35.5,2131.1,36.3,0.824,238.5,91.1,8.67,73.0,2,15.5,69.1,0,4,0.4013,0
36.6,112.3,45.7,1751.1,32.4,0.421,139.6,83.9,3.9,19.6,1,17.8,62.1,1,0,0.6137,1
51.4,140.9,51.3,727.2,60.1,0.094,22.4,95.7,2.18,15.0,1,24.6,71.3,4,5,0.8994,1
107.2,366.6,48.7,971.4,85.2,0.082,256.9,103.0,2.61,40.3,0,21.2,95.6,4,5,0.99,1
10.3,35.0,40.9,1647.1,33.8,0.754,92.1,91.2,6.16,49.8,0,21.5,60.2,0,4,0.4699,0
62.0,202.2,40.9,3292.0,37.6,0.65,289.5,84.5,2.47,29.5,1,8.7,71.5,1,5,0.7599,1
19.4,82.2,33.7,614.7,40.8,0.291,21.1,75.0,9.53,87.6,2,23.6,63.4,2,2,0.2916,0
3.5,27.2,26.6,50.0,34.6,0.577,86.4,67.4,9.83,91.2,1,23.8,60.7,1,0,0.0842,0
21.2,53.0,42.9,1484.4,60.0,0.571,29.7,89.4,6.07,80.5,4,17.9,72.9,1,4,0.6465,1
51.9,164.1,39.2,1261.4,64.0,0.506,96.6,84.2,6.23,67.1,1,22.1,87.8,2,3,0.441,0
6.6,28.7,6.7,532.0,45.0,0.188,345.9,22.7,13.54,202.9,0,26.1,66.5,3,0,0.0405,0
51.0,119.7,22.5,799.8,64.4,0.125,260.0,70.3,2.7,35.4,1,27.2,81.8,4,5,0.3864,0
1.3,22.4,22.4,50.0,33.2,0.433,270.2,59.2,12.25,88.7,1,27.4,58.6,2,0,0.0804,0
84.5,171.9,40.8,1254.9,82.2,0.269,122.4,100.0,3.04,24.0,0,18.6,87.9,3,5,0.9355,1
25.6,67.9,28.7,582.1,43.0,0.387,1.4,51.8,3.56,18.0,0,22.7,61.9,1,4,0.3513,0
7.6,39.9,30.6,1195.9,35.5,0.43,256.1,72.3,3.75,33.0,4,22.6,59.2,1,4,0.2833,0
45.1,137.9,20.1,66.1,28.2,0.291,243.3,45.5,11.76,106.3,0,28.6,64.7,2,0,0.1511,0
35.4,99.3,36.1,183.8,30.2,0.081,131.7,92.9,1.87,5.0,0,21.0,64.4,4,4,0.6448,1
54.3,119.8,31.7,1227.3,79.0,0.349,156.1,74.2,5.63,59.5,0,18.7,89.3,2,4,0.6359,1
1.8,19.0,20.4,475.3,28.1,0.341,10.0,56.6,8.36,91.5,2,29.6,57.3,2,2,0.0972,0
8.5,56.2,35.0,1528.4,34.6,0.394,103.4,89.9,4.75,54.3,2,17.9,62.7,1,4,0.4512,0
0.9,35.0,43.1,1684.3,26.7,0.102,42.5,101.9,3.32,23.0,0,21.7,55.3,3,5,0.6592,1
70.5,199.6,32.0,1729.8,41.0,0.599,330.1,82.0,4.93,78.3,2,18.1,81.9,0,4,0.4742,0
11.0,46.2,15.1,180.4,14.6,0.085,161.3,34.3,7.68,56.5,0,20.2,49.0,3,2,0.1002,0
16.8,55.2,25.3,50.0,35.3,0.371,252.1,59.4,12.03,94.4,0,22.0,51.7,2,0,0.0798,0
111.3,325.5,43.1,1139.1,60.0,0.21,214.0,99.2,4.42,37.5,1,21.4,78.4,4,3,0.9446,1
6.4,32.3,47.7,1257.5,26.0,0.343,247.1,102.9,1.55,33.8,3,19.4,56.1,1,5,0.7926,1
230.4,617.7,47.6,1119.2,88.8,0.789,293.1,94.4,1.02,9.3,1,15.3,100.0,0,5,0.99,1
1.3,25.1,58.0,659.6,38.6,0.103,112.3,120.0,2.0,5.0,1,19.3,61.0,4,5,0.8683,1
43.5,131.7,22.7,217.4,60.7,0.464,111.1,61.3,9.09,88.5,0,29.2,75.7,1,0,0.0878,0
141.0,392.5,27.6,50.0,91.2,0.359,223.9,59.6,7.18,78.1,0,28.3,100.0,1,0,0.9032,1
7.0,44.3,39.2,1559.0,34.8,0.144,264.2,88.0,6.98,36.1,0,17.3,53.7,3,5,0.5817,1
1.0,33.1,15.5,632.2,20.2,0.371,197.2,62.5,11.49,115.8,2,26.0,63.5,2,2,0.1138,0
45.2,169.8,43.2,1336.5,50.6,0.502,25.3,89.1,2.34,25.2,1,15.4,74.6,1,5,0.823,1
59.4,120.5,54.3,616.0,49.3,0.036,161.3,102.7,1.27,5.0,2,27.1,72.7,4,5,0.9027,1
52.9,134.1,22.6,1213.5,44.4,0.363,168.3,55.7,5.44,48.9,0,22.3,69.2,2,4,0.2428,0
135.3,393.1,21.6,387.5,77.7,0.566,207.3,64.3,11.01,103.1,0,24.5,94.0,2,2,0.7238,1
8.1,27.2,26.8,556.4,29.2,0.398,294.7,69.1,6.46,43.1,0,24.8,56.5,1,4,0.292,0
5.0,32.1,16.5,284.9,25.3,0.426,176.5,54.5,7.44,95.0,2,27.4,47.4,2,2,0.0984,0
232.2,642.2,30.8,1347.9,79.7,0.518,175.3,67.3,3.91,38.6,3,20.3,100.0,2,5,0.9843,1
83.3,228.4,27.9,1326.4,62.0,0.161,326.7,61.8,4.42,27.4,0,21.0,85.7,3,5,0.4433,0
14.4,64.5,22.8,1109.0,30.9,0.478,29.7,54.8,4.59,30.8,0,23.3,64.5,2,1,0.1015,0
55.1,121.6,52.7,1454.6,71.6,0.497,345.6,113.2,4.85,57.4,1,17.5,77.0,1,4,0.8314,1
165.1,344.7,44.0,211.7,77.3,0.117,192.6,94.2,2.02,20.3,2,25.6,93.1,4,4,0.99,1
7.6,38.1,42.5,1230.5,51.4,0.166,334.3,89.2,3.04,5.0,1,18.8,69.0,4,5,0.7676,1
26.9,84.2,32.6,1692.8,51.2,0.155,209.7,74.4,4.18,44.4,1,17.9,68.7,3,5,0.582,1
48.9,169.7,34.0,1472.0,55.8,0.054,71.7,61.8,2.84,16.5,0,19.7,63.7,3,2,0.4766,0
95.9,307.5,39.5,107.1,64.5,0.073,182.4,88.1,2.42,5.0,3,27.8,78.0,4,4,0.9648,1
176.1,541.2,11.6,689.7,82.4,0.472,325.0,38.6,9.69,115.3,0,26.6,97.3,2,2,0.8395,1
39.0,110.2,30.2,442.3,55.3,0.003,56.3,66.5,3.83,17.7,2,25.3,79.3,4,4,0.7141,1
116.2,370.1,15.0,50.0,91.6,0.747,143.3,35.0,16.78,219.9,0,28.2,100.0,0,0,0.4911,0
6.1,58.4,24.8,1526.8,50.0,0.741,79.3,57.1,5.3,46.1,0,14.9,64.9,0,0,0.0459,0
99.9,261.9,30.5,1294.9,79.2,0.863,17.7,54.3,4.73,91.2,2,18.8,91.5,0,4,0.8538,1
206.4,625.7,43.2,907.6,76.1,0.012,147.5,105.9,0.86,24.3,3,22.5,100.0,4,5,0.99,1
41.8,102.2,49.4,81.1,65.0,0.093,65.9,100.4,1.23,5.0,3,29.0,74.9,4,4,0.9081,1
79.2,263.7,33.8,599.4,59.6,0.105,167.1,78.1,3.96,13.7,0,23.6,76.0,4,4,0.8889,1
20.4,50.9,36.2,1326.5,35.0,0.417,221.9,80.6,4.09,49.6,0,17.2,66.4,1,4,0.512,1
4.6,38.9,36.5,870.2,38.8,0.431,101.8,77.6,9.39,71.9,0,22.7,60.5,1,2,0.2627,0
156.8,424.6,28.2,143.7,81.5,0.6,308.8,71.2,13.51,122.2,0,27.0,100.0,2,2,0.8193,1
9.7,43.4,37.0,1576.4,32.2,0.714,352.1,70.6,6.25,83.9,1,21.4,58.6,0,4,0.3129,0
58.0,173.4,31.6,1310.2,58.4,0.445,273.8,71.0,5.41,30.5,1,18.6,70.6,1,4,0.4438,0
64.2,182.6,33.9,1443.9,67.8,0.52,294.4,69.3,7.86,76.4,0,18.5,82.3,1,2,0.4209,0
9.0,57.0,26.2,1740.9,39.5,0.697,267.5,55.9,5.58,62.5,0,22.1,60.1,0,4,0.1814,0
26.0,99.2,24.1,1188.2,33.7,0.448,153.3,57.2,6.79,50.4,0,17.2,62.6,2,4,0.187,0
29.5,80.0,23.9,1331.4,48.3,0.507,128.9,72.6,6.57,50.5,0,18.3,66.5,1,4,0.1812,0
134.8,416.7,41.7,1836.9,77.0,0.57,112.9,82.4,1.79,30.9,1,17.4,97.8,0,4,0.979,1
169.3,524.2,14.7,705.7,86.7,0.311,334.3,28.0,12.52,204.2,1,27.1,97.2,3,0,0.822,1
86.7,201.0,37.9,1078.2,66.8,0.65,291.5,86.6,7.35,66.6,1,24.4,76.6,1,4,0.7535,1
77.7,234.4,26.6,50.0,55.1,0.55,89.0,55.2,9.18,92.7,0,25.6,77.2,1,4,0.4175,0
32.5,95.3,48.2,1633.5,72.3,0.542,14.1,94.4,4.2,17.6,0,14.6,69.7,1,4,0.7358,1
73.8,257.6,16.4,357.8,43.1,0.378,273.1,51.2,10.66,133.4,0,25.2,77.7,2,2,0.1112,0
76.3,227.5,23.5,1059.2,64.7,0.373,199.5,56.8,4.89,65.3,0,17.4,81.6,2,4,0.2836,0
136.6,308.6,49.7,1277.2,78.1,0.522,78.9,107.8,0.5,50.3,0,22.1,97.2,1,5,0.984,1
182.2,353.9,40.7,1212.3,73.5,0.211,27.9,74.1,2.32,10.3,1,19.8,95.6,3,5,0.99,1
82.1,257.7,33.0,319.2,51.6,0.483,4.4,66.8,12.93,118.4,0,23.7,79.5,2,2,0.4439,0
11.9,58.2,34.3,511.5,33.4,0.497,279.2,60.0,6.45,32.8,0,26.2,63.0,1,4,0.3594,0
43.1,101.6,38.0,1119.4,35.7,0.43,205.7,93.1,3.47,15.1,1,23.0,69.4,2,5,0.6987,1
1.0,8.5,34.7,1248.8,30.6,0.448,303.3,86.4,3.18,32.1,1,25.8,57.8,2,5,0.4561,0
161.8,465.4,29.6,1406.9,71.5,0.314,307.8,63.6,4.07,8.6,3,20.1,87.7,3,5,0.9617,1
3.8,23.7,25.4,327.3,36.0,0.551,207.7,79.1,9.22,33.5,0,25.5,65.5,1,2,0.1652,0
41.1,140.9,7.8,776.6,47.1,0.143,11.4,25.0,16.7,211.8,1,20.7,72.2,3,0,0.0598,0
256.0,750.0,44.9,1301.0,86.3,0.537,206.0,99.4,3.88,42.9,0,18.4,100.0,1,4,0.99,1
48.7,118.8,34.0,1574.1,45.4,0.54,150.8,68.8,0.5,78.4,0,15.7,74.1,2,5,0.4612,0
72.6,185.0,22.8,50.0,56.4,0.6,335.6,64.7,6.66,34.8,0,26.1,76.0,2,2,0.2712,0
6.4,47.9,43.6,658.3,34.0,0.066,86.2,88.4,0.5,40.3,2,25.9,65.5,4,5,0.8462,1
57.0,154.5,23.3,422.8,64.2,0.433,304.5,54.7,10.11,111.3,2,25.1,79.6,2,2,0.1963,0
31.3,105.2,44.7,2113.6,58.6,0.685,123.3,83.8,5.19,63.7,0,16.5,85.1,0,5,0.5576,1
56.9,213.4,14.9,50.0,53.7,0.114,288.8,41.0,18.88,238.5,0,27.9,74.1,3,0,0.1555,0
15.9,72.9,25.4,1516.0,50.0,0.808,156.4,53.0,4.31,18.9,0,18.3,71.4,0,4,0.23,0
145.9,335.8,31.9,2032.5,68.0,0.88,134.8,61.0,3.37,83.3,0,18.2,84.4,0,4,0.7096,1
56.3,143.3,35.7,868.5,70.1,0.581,217.3,77.3,6.3,48.4,1,19.6,80.6,0,4,0.6122,1
45.6,104.5,43.7,922.2,63.5,0.395,74.3,105.7,2.59,50.1,1,22.8,70.1,1,4,0.7919,1
19.9,88.8,15.2,847.6,64.1,0.267,237.9,51.6,13.91,203.2,0,24.6,71.1,3,0,0.0426,0
93.7,212.8,7.5,50.0,54.3,0.103,246.4,23.9,17.57,252.4,0,27.6,77.1,3,3,0.2158,0
12.0,44.5,43.9,2630.1,37.8,0.287,224.6,91.0,4.37,64.4,1,10.1,55.2,3,5,0.7342,1
1.2,31.4,35.2,194.3,48.7,0.226,182.3,92.3,8.96,43.1,1,26.4,67.6,3,2,0.2281,0
49.5,99.1,8.8,1261.1,55.6,0.412,200.1,24.0,2.84,61.7,0,20.0,74.1,2,4,0.1467,0
107.8,277.2,42.6,1442.0,86.4,0.175,44.7,86.3,3.67,7.6,2,20.4,100.0,4,5,0.9842,1
3.5,21.3,26.3,1065.5,35.9,0.13,195.2,71.5,2.03,27.2,0,26.1,56.7,3,5,0.3865,0
39.5,129.1,33.8,1717.9,41.8,0.209,122.3,78.1,4.46,75.1,0,18.3,71.3,3,5,0.5443,1
49.3,179.7,40.2,657.3,69.7,0.049,93.7,94.0,2.89,5.0,2,22.1,86.4,4,4,0.9174,1
13.0,72.7,41.1,2180.6,10.9,0.662,88.8,82.4,3.18,57.9,1,19.9,69.6,0,5,0.4697,0
56.9,115.8,33.3,1193.3,64.8,0.242,157.8,78.8,4.95,66.5,1,20.2,71.6,3,4,0.5614,1
53.1,172.5,40.4,723.4,66.8,0.436,160.3,94.7,4.1,53.8,0,25.3,84.4,1,0,0.375,0
19.0,55.2,34.3,788.6,25.3,0.653,324.7,86.0,6.35,47.7,0,26.1,52.8,0,4,0.4022,0
134.7,415.5,17.7,191.9,83.1,0.515,187.1,63.9,7.65,83.4,0,26.8,93.5,1,0,0.8091,1
5.9,18.3,24.4,50.0,22.2,0.535,336.6,63.5,8.26,81.8,0,22.6,58.0,1,0,0.0616,0
149.9,407.0,27.2,1123.1,78.7,0.333,202.7,69.0,5.2,52.2,0,21.9,92.8,2,4,0.9335,1
49.4,167.9,30.0,1353.0,42.2,0.391,133.7,73.2,3.91,48.0,0,18.7,75.1,1,4,0.2455,0
19.9,87.9,12.1,267.3,22.2,0.087,167.7,51.3,18.48,252.0,0,27.2,48.9,3,0,0.0502,0
88.9,274.4,30.5,1306.4,50.4,0.246,19.1,90.5,6.62,116.3,1,23.9,82.2,3,2,0.3915,0
10.2,38.9,24.6,1490.3,29.5,0.532,110.2,55.9,3.56,46.0,0,20.7,55.1,1,4,0.2144,0
63.1,228.4,5.0,50.0,55.8,0.056,345.0,10.0,17.02,232.4,0,27.6,73.9,3,0,0.0993,0
46.7,113.1,31.9,1194.2,59.4,0.053,42.3,85.4,3.06,39.0,3,21.2,81.3,3,4,0.5834,1
16.5,57.7,39.5,1221.2,44.1,0.519,253.2,84.9,0.8,14.7,2,21.3,70.5,1,0,0.4728,0
22.2,82.3,34.6,1241.0,31.6,0.534,259.3,68.6,5.43,43.4,1,24.1,61.0,1,5,0.5989,1
9.5,62.0,33.2,230.0,54.3,0.184,183.9,80.8,6.29,14.5,1,24.7,81.5,3,2,0.2987,0
51.2,131.4,34.2,1210.3,57.6,0.582,154.8,69.3,2.95,20.2,0,17.0,78.9,1,4,0.5554,1
71.6,198.6,50.2,3136.2,50.2,0.578,349.8,106.0,1.35,22.5,1,11.0,78.3,1,5,0.87,1
39.4,157.8,35.6,1597.7,43.6,0.495,178.5,72.9,1.86,14.0,3,19.8,68.0,1,5,0.8007,1
0.8,34.2,32.2,489.8,32.7,0.118,94.3,72.2,3.89,17.7,0,23.8,61.4,4,4,0.609,1
78.3,190.9,50.5,2477.3,66.1,0.702,223.7,115.9,3.09,60.0,0,16.1,81.5,0,4,0.7457,1
130.8,323.5,34.0,1478.0,79.9,0.388,165.4,93.4,4.52,32.7,0,22.6,98.8,1,4,0.9602,1
223.5,515.1,39.4,442.9,90.5,0.07,193.7,85.4,3.03,5.0,1,24.3,100.0,4,5,0.99,1
55.3,216.9,9.9,730.7,65.5,0.252,210.4,35.3,17.38,161.2,0,26.5,86.5,3,0,0.0874,0
17.2,70.8,23.1,1014.3,17.2,0.06,57.9,46.7,7.4,66.6,1,17.1,45.9,4,4,0.1744,0
58.7,146.5,6.8,174.5,63.7,0.6,172.9,31.6,7.18,94.4,0,25.9,83.5,2,2,0.0512,0
103.9,288.7,16.2,333.8,91.2,0.492,140.4,39.1,13.42,123.4,0,26.6,95.9,2,0,0.3905,0
283.4,750.0,50.7,1309.9,95.8,0.373,164.6,108.3,2.15,17.7,2,23.8,100.0,1,5,0.99,1
8.1,45.1,34.2,1343.0,45.5,0.478,304.6,54.7,0.6,37.0,0,20.8,71.6,1,5,0.6056,1
257.9,576.1,39.0,661.7,92.1,0.078,282.7,63.6,4.42,29.6,3,24.8,100.0,4,5,0.99,1
45.8,110.7,56.3,2855.9,50.7,0.278,54.1,109.5,0.87,14.4,1,14.5,66.6,3,5,0.8569,1
32.6,118.6,36.6,940.5,47.1,0.156,342.8,95.0,2.45,7.6,2,21.7,70.5,3,1,0.5486,1
4.1,11.2,13.4,50.0,20.4,0.194,268.9,28.7,17.23,265.8,1,28.9,47.6,3,0,0.042,0
1.6,35.1,35.8,2259.3,42.5,0.679,24.5,95.3,4.29,58.5,1,14.6,66.3,0,4,0.3872,0
2.3,25.2,30.3,735.8,42.3,0.491,86.1,66.3,4.55,24.6,4,21.1,71.7,1,1,0.3595,0
151.5,435.9,36.0,1286.2,88.0,0.762,63.9,93.6,5.0,40.4,1,20.4,100.0,0,4,0.9843,1
23.5,87.7,33.3,1014.6,50.1,0.475,135.2,72.3,7.16,70.8,0,19.1,66.3,1,4,0.4849,0
20.3,75.7,42.6,1369.0,42.0,0.537,247.5,91.9,2.93,44.0,0,21.8,59.8,1,3,0.4011,0
2.0,15.5,10.0,917.0,36.4,0.494,100.5,39.9,5.62,60.6,0,24.3,63.3,2,4,0.1857,0
73.2,176.4,25.2,50.0,39.9,0.213,315.8,56.8,5.43,15.9,0,24.9,70.1,3,2,0.4709,0
29.5,73.8,29.1,556.8,31.7,0.784,59.2,54.6,9.93,94.6,1,30.1,58.2,0,2,0.0917,0
185.1,505.7,25.6,648.9,74.7,0.435,250.6,55.1,3.43,23.6,0,23.4,100.0,1,4,0.9394,1
86.0,263.4,12.5,302.6,77.4,0.385,194.8,46.5,9.06,103.2,1,22.2,85.0,2,2,0.2085,0
37.4,113.3,28.7,1466.7,31.7,0.092,349.2,64.5,3.9,30.0,0,22.3,64.3,4,5,0.5143,1
17.3,64.7,8.8,138.4,24.4,0.102,299.5,42.1,19.35,236.1,1,27.2,53.7,3,0,0.0478,0
271.4,750.0,17.7,230.9,95.9,0.544,285.2,41.9,8.79,88.2,1,30.3,100.0,1,4,0.9233,1
48.1,161.1,42.6,1213.3,24.0,0.196,313.0,101.8,2.63,39.1,3,25.1,62.3,3,4,0.8343,1
35.6,79.9,37.9,850.9,25.0,0.091,258.6,79.6,2.29,29.5,2,24.1,54.5,4,5,0.6256,1
320.8,750.0,36.1,1166.6,97.4,0.005,276.9,72.2,4.82,17.0,2,16.2,100.0,4,5,0.99,1
288.4,750.0,9.4,57.5,94.9,0.235,75.6,32.5,18.61,248.2,0,26.8,100.0,3,0,0.854,1
79.3,286.5,29.3,1568.0,64.1,0.173,249.8,58.7,4.01,29.4,2,21.0,80.8,3,4,0.5615,1
242.0,452.8,32.9,630.5,92.6,-0.014,76.4,70.5,4.47,28.5,0,23.3,100.0,4,4,0.99,1
73.7,211.3,41.8,1353.3,39.1,0.425,198.0,84.7,3.08,40.9,6,19.9,71.7,2,5,0.8922,1
101.2,267.4,31.1,519.5,83.6,0.116,327.2,73.7,3.14,40.9,1,19.6,92.1,4,4,0.9432,1
176.6,521.6,41.4,1568.3,79.0,0.56,57.4,95.8,2.86,52.4,1,24.1,96.3,1,4,0.9859,1
13.9,55.4,43.5,554.0,39.5,0.085,196.7,96.2,5.51,9.6,3,26.2,67.2,3,4,0.7689,1
8.0,45.9,37.3,1595.7,29.4,0.214,208.7,83.0,7.69,106.3,2,16.9,61.2,3,2,0.5245,1
181.4,482.2,30.5,834.2,77.6,0.471,9.4,74.3,9.61,77.1,1,23.9,98.1,1,4,0.9512,1
38.9,94.6,38.5,2219.8,33.2,0.726,59.2,92.2,4.35,55.6,0,16.5,65.0,0,4,0.5554,1
11.2,48.2,37.4,1550.8,12.9,0.081,131.7,82.3,8.37,109.4,1,23.6,51.6,3,2,0.4672,0
67.0,148.3,38.9,1719.3,54.1,0.118,245.8,72.2,2.95,7.0,1,19.8,78.5,3,5,0.7886,1
0.4,10.0,35.4,1769.9,21.9,0.496,310.9,68.1,3.35,39.4,2,16.0,57.0,2,4,0.3857,0
57.6,211.1,28.2,1052.0,62.6,0.823,298.7,63.3,5.64,87.8,0,21.6,74.7,0,4,0.2057,0
106.4,268.5,44.4,1519.5,79.2,0.443,185.8,101.9,3.67,17.5,1,21.7,87.8,2,4,0.9321,1
114.0,268.5,27.5,1325.2,74.8,0.568,142.5,77.2,5.37,58.7,0,23.7,93.9,1,4,0.8188,1
27.2,102.1,17.1,1463.2,37.5,0.307,39.0,29.9,8.51,110.9,0,16.7,54.6,3,2,0.1111,0
70.8,202.7,43.1,1271.6,46.2,0.843,176.1,84.9,6.81,62.2,4,22.4,71.6,0,4,0.8052,1
4.7,25.8,40.4,1608.4,36.2,0.05,73.1,85.3,3.95,55.3,0,22.8,66.7,4,1,0.2339,0
0.0,20.9,31.3,417.6,61.5,0.25,250.2,69.2,6.43,66.0,1,27.0,66.5,3,4,0.3076,0
12.6,58.1,37.9,1437.6,34.7,0.3,88.6,73.5,5.47,40.5,1,17.2,59.5,1,0,0.3872,0
143.8,373.4,37.9,555.8,70.8,0.026,143.3,81.1,5.3,22.5,2,23.4,85.4,4,4,0.9729,1
4.6,28.3,40.3,417.4,33.6,0.275,107.6,87.3,5.53,43.8,2,23.5,59.5,2,4,0.6343,1
156.4,378.3,27.3,1355.2,86.8,0.106,358.8,59.9,5.09,87.5,0,23.0,100.0,3,2,0.916,1
2.5,36.3,37.1,311.0,40.9,0.125,53.0,69.4,3.65,66.4,1,26.3,63.0,3,4,0.5686,1
264.8,750.0,36.0,692.9,89.1,0.484,34.4,86.6,3.1,45.2,0,27.2,100.0,1,4,0.99,1
18.8,55.6,27.6,1244.6,27.2,0.023,253.4,63.6,3.83,23.0,1,23.2,58.6,4,5,0.2378,0
80.1,273.2,33.0,1332.6,62.7,0.171,293.4,87.7,8.22,126.8,2,21.2,87.0,3,2,0.5396,1
78.5,208.3,28.9,1415.7,58.3,0.161,101.2,57.1,3.78,30.2,0,20.8,78.8,3,5,0.5862,1
147.8,321.8,56.8,3327.6,84.0,0.386,73.5,120.0,2.28,24.3,1,10.5,97.5,1,5,0.99,1
33.2,114.8,37.6,535.5,57.5,0.278,241.9,82.5,5.37,48.5,2,22.8,77.6,3,2,0.4536,0
25.0,85.3,27.3,333.9,33.6,0.494,22.2,84.6,8.33,102.5,0,27.0,67.0,2,2,0.1667,0
76.0,251.9,40.8,3122.2,80.7,0.552,64.1,67.8,2.5,61.7,0,12.2,89.5,1,5,0.9365,1
163.1,379.6,5.0,530.8,75.7,0.323,147.4,14.4,13.93,199.8,0,24.5,99.7,3,1,0.6323,1
2.0,24.9,14.4,50.0,15.1,0.412,243.0,43.0,6.68,101.1,1,27.3,51.5,1,0,0.0811,0
